timestamp,millis_ms,label_mgL,raw_adc,tegangan_lib_V,tegangan_manual_V
2026-09-24T12:47:25.013102,808,0.0,8802,1.650556,1.650556
2026-09-24T12:47:25.013800,816,0.0,8779,1.646206,1.646206
2026-09-24T12:47:25.014393,824,0.0,8828,1.655366,1.655366
2026-09-24T12:47:25.014975,832,0.0,8808,1.651601,1.651601
2026-09-24T12:47:25.015558,840,0.0,8784,1.647124,1.647124
2026-09-24T12:47:25.016146,848,0.0,8817,1.653265,1.653265
2026-09-24T12:47:25.016737,856,0.0,8801,1.650312,1.650312
2026-09-24T12:47:25.017322,864,0.0,8806,1.651362,1.651362
2026-09-24T12:47:25.017918,872,0.0,8794,1.648972,1.648972
2026-09-24T12:47:25.018656,880,0.0,8826,1.655067,1.655067
2026-09-24T12:47:25.019236,888,0.0,8826,1.654935,1.654935
2026-09-24T12:47:25.019815,896,0.0,8786,1.647511,1.647511
2026-09-24T12:47:25.020430,904,0.0,8788,1.647870,1.647870
2026-09-24T12:47:25.021020,912,0.0,8775,1.645436,1.645436
2026-09-24T12:47:25.021607,920,0.0,8822,1.654304,1.654304
2026-09-24T12:47:25.022659,928,0.0,8796,1.649434,1.649434
2026-09-24T12:47:25.023248,936,0.0,8779,1.646118,1.646118
2026-09-24T12:47:25.023843,944,0.0,8789,1.648032,1.648032
2026-09-24T12:47:25.024422,952,0.0,8802,1.650469,1.650469
2026-09-24T12:47:25.025000,960,0.0,8779,1.646126,1.646126
2026-09-24T12:47:25.025580,968,0.0,8777,1.645845,1.645845
2026-09-24T12:47:25.026157,976,0.0,8810,1.651962,1.651962
2026-09-24T12:47:25.026735,984,0.0,8817,1.653351,1.653351
2026-09-24T12:47:25.027312,992,0.0,8809,1.651841,1.651841
2026-09-24T12:47:25.027888,1000,0.0,8783,1.647008,1.647008
2026-09-24T12:47:25.028463,1008,0.0,8812,1.652391,1.652391
2026-09-24T12:47:25.029039,1016,0.0,8814,1.652679,1.652679
2026-09-24T12:47:25.029624,1024,0.0,8790,1.648313,1.648313
2026-09-24T12:47:25.030194,1032,0.0,8789,1.648143,1.648143
2026-09-24T12:47:25.030758,1040,0.0,8807,1.651547,1.651547
2026-09-24T12:47:25.031349,1048,0.0,8818,1.653528,1.653528
2026-09-24T12:47:25.031945,1056,0.0,8842,1.658100,1.658100
2026-09-24T12:47:25.032517,1064,0.0,8809,1.651900,1.651900
2026-09-24T12:47:25.033085,1072,0.0,8802,1.650519,1.650519
2026-09-24T12:47:25.033647,1080,0.0,8776,1.645654,1.645654
2026-09-24T12:47:25.034209,1088,0.0,8805,1.651129,1.651129
2026-09-24T12:47:25.034789,1096,0.0,8801,1.650337,1.650337
2026-09-24T12:47:25.035367,1104,0.0,8789,1.648070,1.648070
2026-09-24T12:47:25.035932,1112,0.0,8807,1.651487,1.651487
2026-09-24T12:47:25.036493,1120,0.0,8795,1.649187,1.649187
2026-09-24T12:47:25.037098,1128,0.0,8808,1.651582,1.651582
2026-09-24T12:47:25.037678,1136,0.0,8808,1.651722,1.651722
2026-09-24T12:47:25.038333,1144,0.0,8797,1.649559,1.649559
2026-09-24T12:47:25.039005,1152,0.0,8782,1.646743,1.646743
2026-09-24T12:47:25.039590,1160,0.0,8796,1.649301,1.649301
2026-09-24T12:47:25.040178,1168,0.0,8803,1.650692,1.650692
2026-09-24T12:47:25.040765,1176,0.0,8788,1.647977,1.647977
2026-09-24T12:47:25.041353,1184,0.0,8804,1.650890,1.650890
2026-09-24T12:47:25.041934,1192,0.0,8815,1.653019,1.653019
2026-09-24T12:47:25.042501,1200,0.0,8814,1.652861,1.652861
2026-09-24T12:47:25.043084,1208,0.0,8788,1.647980,1.647980
2026-09-24T12:47:25.043667,1216,0.0,8807,1.651518,1.651518
2026-09-24T12:47:25.044248,1224,0.0,8796,1.649473,1.649473
2026-09-24T12:47:25.044841,1232,0.0,8798,1.649830,1.649830
2026-09-24T12:47:25.045504,1240,0.0,8805,1.651132,1.651132
2026-09-24T12:47:25.046127,1248,0.0,8793,1.648901,1.648901
2026-09-24T12:47:25.046726,1256,0.0,8804,1.650817,1.650817
2026-09-24T12:47:25.047310,1264,0.0,8820,1.653832,1.653832
2026-09-24T12:47:25.047897,1272,0.0,8771,1.644742,1.644742
2026-09-24T12:47:25.048478,1280,0.0,8815,1.652911,1.652911
2026-09-24T12:47:25.049048,1288,0.0,8808,1.651725,1.651725
2026-09-24T12:47:25.049632,1296,0.0,8798,1.649843,1.649843
2026-09-24T12:47:25.050227,1304,0.0,8790,1.648223,1.648223
2026-09-24T12:47:25.050823,1312,0.0,8788,1.647808,1.647808
2026-09-24T12:47:25.051407,1320,0.0,8807,1.651535,1.651535
2026-09-24T12:47:25.051988,1328,0.0,8778,1.646014,1.646014
2026-09-24T12:47:25.052666,1336,0.0,8795,1.649221,1.649221
2026-09-24T12:47:25.053256,1344,0.0,8826,1.655102,1.655102
2026-09-24T12:47:25.053884,1352,0.0,8795,1.649187,1.649187
2026-09-24T12:47:25.054478,1360,0.0,8806,1.651228,1.651228
2026-09-24T12:47:25.055185,1368,0.0,8826,1.654999,1.654999
2026-09-24T12:47:25.056096,1376,0.0,8810,1.651976,1.651976
2026-09-24T12:47:25.056721,1384,0.0,8808,1.651553,1.651553
2026-09-24T12:47:25.057297,1392,0.0,8783,1.646992,1.646992
2026-09-24T12:47:25.057883,1400,0.0,8822,1.654278,1.654278
2026-09-24T12:47:25.058477,1408,0.0,8795,1.649215,1.649215
2026-09-24T12:47:25.059060,1416,0.0,8764,1.643435,1.643435
2026-09-24T12:47:25.059635,1424,0.0,8792,1.648555,1.648555
2026-09-24T12:47:25.060219,1432,0.0,8804,1.650812,1.650812
2026-09-24T12:47:25.060828,1440,0.0,8802,1.650558,1.650558
2026-09-24T12:47:25.061435,1448,0.0,8782,1.646832,1.646832
2026-09-24T12:47:25.062026,1456,0.0,8809,1.651885,1.651885
2026-09-24T12:47:25.062620,1464,0.0,8824,1.654672,1.654672
2026-09-24T12:47:25.063191,1472,0.0,8829,1.655664,1.655664
2026-09-24T12:47:25.063762,1480,0.0,8796,1.649310,1.649310
2026-09-24T12:47:25.064352,1488,0.0,8821,1.654166,1.654166
2026-09-24T12:47:25.064932,1496,0.0,8764,1.643465,1.643465
2026-09-24T12:47:25.065509,1504,0.0,8793,1.648754,1.648754
2026-09-24T12:47:25.066086,1512,0.0,8779,1.646272,1.646272
2026-09-24T12:47:25.066662,1520,0.0,8814,1.652790,1.652790
2026-09-24T12:47:25.067241,1528,0.0,8786,1.647610,1.647610
2026-09-24T12:47:25.067818,1536,0.0,8809,1.651760,1.651760
2026-09-24T12:47:25.068393,1544,0.0,8815,1.653043,1.653043
2026-09-24T12:47:25.068972,1552,0.0,8795,1.649236,1.649236
2026-09-24T12:47:25.069546,1560,0.0,8816,1.653218,1.653218
2026-09-24T12:47:25.070121,1568,0.0,8805,1.651079,1.651079
2026-09-24T12:47:25.070691,1576,0.0,8807,1.651466,1.651466
2026-09-24T12:47:25.071261,1584,0.0,8809,1.651923,1.651923
2026-09-24T12:47:25.071968,1592,0.0,8798,1.649709,1.649709
2026-09-24T12:47:25.072563,1600,0.0,8805,1.651015,1.651015
2026-09-24T12:47:25.073546,1608,0.0,8795,1.649150,1.649150
2026-09-24T12:47:25.074196,1616,0.0,8800,1.650083,1.650083
2026-09-24T12:47:25.074804,1624,0.0,8785,1.647413,1.647413
2026-09-24T12:47:25.075375,1632,0.0,8797,1.649674,1.649674
2026-09-24T12:47:25.075942,1640,0.0,8809,1.651754,1.651754
2026-09-24T12:47:25.076508,1648,0.0,8788,1.647960,1.647960
2026-09-24T12:47:25.077073,1656,0.0,8791,1.648454,1.648454
2026-09-24T12:47:25.077637,1664,0.0,8791,1.648521,1.648521
2026-09-24T12:47:25.078203,1672,0.0,8779,1.646276,1.646276
2026-09-24T12:47:25.078792,1680,0.0,8809,1.651751,1.651751
2026-09-24T12:47:25.079384,1688,0.0,8780,1.646358,1.646358
2026-09-24T12:47:25.080009,1696,0.0,8808,1.651612,1.651612
2026-09-24T12:47:25.080620,1704,0.0,8804,1.650859,1.650859
2026-09-24T12:47:25.081213,1712,0.0,8770,1.644505,1.644505
2026-09-24T12:47:25.081780,1720,0.0,8803,1.650674,1.650674
2026-09-24T12:47:25.082347,1728,0.0,8795,1.649188,1.649188
2026-09-24T12:47:25.082918,1736,0.0,8805,1.651037,1.651037
2026-09-24T12:47:25.083487,1744,0.0,8799,1.650043,1.650043
2026-09-24T12:47:25.084077,1752,0.0,8805,1.651039,1.651039
2026-09-24T12:47:25.084701,1760,0.0,8778,1.646050,1.646050
2026-09-24T12:47:25.085294,1768,0.0,8805,1.651083,1.651083
2026-09-24T12:47:25.085864,1776,0.0,8778,1.646074,1.646074
2026-09-24T12:47:25.086433,1784,0.0,8816,1.653158,1.653158
2026-09-24T12:47:25.086999,1792,0.0,8783,1.646878,1.646878
2026-09-24T12:47:25.087565,1800,0.0,8779,1.646197,1.646197
2026-09-24T12:47:25.088183,1808,0.0,8780,1.646468,1.646468
2026-09-24T12:47:25.089142,1816,0.0,8823,1.654425,1.654425
2026-09-24T12:47:25.089945,1824,0.0,8805,1.651108,1.651108
2026-09-24T12:47:25.090549,1832,0.0,8812,1.652337,1.652337
2026-09-24T12:47:25.091122,1840,0.0,8806,1.651232,1.651232
2026-09-24T12:47:25.091687,1848,0.0,8799,1.649886,1.649886
2026-09-24T12:47:25.092251,1856,0.0,8792,1.648562,1.648562
2026-09-24T12:47:25.092815,1864,0.0,8809,1.651745,1.651745
2026-09-24T12:47:25.093378,1872,0.0,8790,1.648296,1.648296
2026-09-24T12:47:25.093944,1880,0.0,8813,1.652545,1.652545
2026-09-24T12:47:25.094508,1888,0.0,8790,1.648333,1.648333
2026-09-24T12:47:25.095196,1896,0.0,8793,1.648805,1.648805
2026-09-24T12:47:25.095791,1904,0.0,8791,1.648452,1.648452
2026-09-24T12:47:25.096360,1912,0.0,8804,1.650811,1.650811
2026-09-24T12:47:25.096924,1920,0.0,8788,1.647896,1.647896
2026-09-24T12:47:25.097503,1928,0.0,8782,1.646803,1.646803
2026-09-24T12:47:25.098080,1936,0.0,8817,1.653295,1.653295
2026-09-24T12:47:25.098652,1944,0.0,8796,1.649408,1.649408
2026-09-24T12:47:25.099218,1952,0.0,8801,1.650331,1.650331
2026-09-24T12:47:25.099783,1960,0.0,8836,1.656970,1.656970
2026-09-24T12:47:25.100347,1968,0.0,8814,1.652775,1.652775
2026-09-24T12:47:25.100919,1976,0.0,8811,1.652241,1.652241
2026-09-24T12:47:25.101503,1984,0.0,8802,1.650490,1.650490
2026-09-24T12:47:25.102066,1992,0.0,8788,1.647949,1.647949
2026-09-24T12:47:25.102641,2000,0.0,8807,1.651449,1.651449
2026-09-24T12:47:25.103239,2008,0.0,8811,1.652260,1.652260
2026-09-24T12:47:25.104163,2016,0.0,8798,1.649826,1.649826
2026-09-24T12:47:25.104766,2024,0.0,8782,1.646743,1.646743
2026-09-24T12:47:25.105398,2032,0.0,8798,1.649676,1.649676
2026-09-24T12:47:25.106039,2040,0.0,8778,1.646053,1.646053
2026-09-24T12:47:25.106652,2048,0.0,8783,1.646889,1.646889
2026-09-24T12:47:25.107262,2056,0.0,8795,1.649238,1.649238
2026-09-24T12:47:25.107876,2064,0.0,8811,1.652145,1.652145
2026-09-24T12:47:25.108478,2072,0.0,8782,1.646682,1.646682
2026-09-24T12:47:25.109074,2080,0.0,8803,1.650757,1.650757
2026-09-24T12:47:25.110145,2088,0.0,8801,1.650391,1.650391
2026-09-24T12:47:25.110751,2096,0.0,8787,1.647701,1.647701
2026-09-24T12:47:25.111333,2104,0.0,8795,1.649231,1.649231
2026-09-24T12:47:25.111916,2112,0.0,8795,1.649143,1.649143
2026-09-24T12:47:25.112496,2120,0.0,8796,1.649485,1.649485
2026-09-24T12:47:25.113073,2128,0.0,8812,1.652303,1.652303
2026-09-24T12:47:25.113650,2136,0.0,8793,1.648902,1.648902
2026-09-24T12:47:25.114224,2144,0.0,8787,1.647718,1.647718
2026-09-24T12:47:25.114799,2152,0.0,8783,1.646914,1.646914
2026-09-24T12:47:25.115367,2160,0.0,8815,1.652881,1.652881
2026-09-24T12:47:25.115939,2168,0.0,8812,1.652480,1.652480
2026-09-24T12:47:25.116531,2176,0.0,8818,1.653508,1.653508
2026-09-24T12:47:25.117099,2184,0.0,8802,1.650463,1.650463
2026-09-24T12:47:25.117675,2192,0.0,8807,1.651517,1.651517
2026-09-24T12:47:25.118243,2200,0.0,8804,1.650895,1.650895
2026-09-24T12:47:25.118808,2208,0.0,8793,1.648859,1.648859
2026-09-24T12:47:25.119453,2216,0.0,8811,1.652147,1.652147
2026-09-24T12:47:25.120037,2224,0.0,8795,1.649193,1.649193
2026-09-24T12:47:25.120617,2232,0.0,8798,1.649720,1.649720
2026-09-24T12:47:25.121186,2240,0.0,8798,1.649847,1.649847
2026-09-24T12:47:25.121761,2248,0.0,8794,1.649038,1.649038
2026-09-24T12:47:25.122582,2256,0.0,8804,1.650852,1.650852
2026-09-24T12:47:25.123185,2264,0.0,8794,1.648952,1.648952
2026-09-24T12:47:25.123763,2272,0.0,8805,1.651016,1.651016
2026-09-24T12:47:25.124347,2280,0.0,8806,1.651314,1.651314
2026-09-24T12:47:25.124928,2288,0.0,8814,1.652700,1.652700
2026-09-24T12:47:25.125504,2296,0.0,8812,1.652464,1.652464
2026-09-24T12:47:25.126542,2304,0.0,8797,1.649644,1.649644
2026-09-24T12:47:25.127137,2312,0.0,8795,1.649192,1.649192
2026-09-24T12:47:25.127719,2320,0.0,8801,1.650366,1.650366
2026-09-24T12:47:25.128308,2328,0.0,8807,1.651431,1.651431
2026-09-24T12:47:25.128895,2336,0.0,8791,1.648484,1.648484
2026-09-24T12:47:25.129474,2344,0.0,8798,1.649811,1.649811
2026-09-24T12:47:25.130047,2352,0.0,8789,1.648054,1.648054
2026-09-24T12:47:25.130620,2360,0.0,8807,1.651434,1.651434
2026-09-24T12:47:25.131190,2368,0.0,8807,1.651497,1.651497
2026-09-24T12:47:25.131757,2376,0.0,8803,1.650680,1.650680
2026-09-24T12:47:25.132322,2384,0.0,8795,1.649128,1.649128
2026-09-24T12:47:25.132925,2392,0.0,8794,1.648991,1.648991
2026-09-24T12:47:25.133502,2400,0.0,8800,1.650069,1.650069
2026-09-24T12:47:25.134091,2408,0.0,8791,1.648399,1.648399
2026-09-24T12:47:25.134725,2416,0.0,8776,1.645682,1.645682
2026-09-24T12:47:25.135310,2424,0.0,8795,1.649209,1.649209
2026-09-24T12:47:25.135921,2432,0.0,8809,1.651866,1.651866
2026-09-24T12:47:25.136505,2440,0.0,8797,1.649643,1.649643
2026-09-24T12:47:25.137109,2448,0.0,8799,1.649876,1.649876
2026-09-24T12:47:25.137684,2456,0.0,8808,1.651720,1.651720
2026-09-24T12:47:25.138283,2464,0.0,8807,1.651397,1.651397
2026-09-24T12:47:25.139306,2472,0.0,8829,1.655537,1.655537
2026-09-24T12:47:25.139888,2480,0.0,8797,1.649578,1.649578
2026-09-24T12:47:25.140460,2488,0.0,8807,1.651475,1.651475
2026-09-24T12:47:25.141065,2496,0.0,8787,1.647642,1.647642
2026-09-24T12:47:25.141717,2504,0.0,8803,1.650731,1.650731
2026-09-24T12:47:25.142309,2512,0.0,8794,1.649087,1.649087
2026-09-24T12:47:25.142890,2520,0.0,8811,1.652193,1.652193
2026-09-24T12:47:25.143501,2528,0.0,8807,1.651466,1.651466
2026-09-24T12:47:25.144094,2536,0.0,8799,1.649936,1.649936
2026-09-24T12:47:25.144694,2544,0.0,8785,1.647345,1.647345
2026-09-24T12:47:25.145297,2552,0.0,8798,1.649810,1.649810
2026-09-24T12:47:25.145880,2560,0.0,8783,1.646871,1.646871
2026-09-24T12:47:25.146461,2568,0.0,8802,1.650606,1.650606
2026-09-24T12:47:25.147041,2576,0.0,8822,1.654249,1.654249
2026-09-24T12:47:25.147613,2584,0.0,8819,1.653728,1.653728
2026-09-24T12:47:25.148185,2592,0.0,8802,1.650612,1.650612
2026-09-24T12:47:25.148775,2600,0.0,8795,1.649208,1.649208
2026-09-24T12:47:25.149352,2608,0.0,8788,1.647808,1.647808
2026-09-24T12:47:25.149986,2616,0.0,8806,1.651301,1.651301
2026-09-24T12:47:25.150589,2624,0.0,8783,1.646935,1.646935
2026-09-24T12:47:25.151191,2632,0.0,8790,1.648255,1.648255
2026-09-24T12:47:25.151774,2640,0.0,8782,1.646805,1.646805
2026-09-24T12:47:25.152347,2648,0.0,8764,1.643475,1.643475
2026-09-24T12:47:25.152913,2656,0.0,8783,1.647004,1.647004
2026-09-24T12:47:25.153488,2664,0.0,8786,1.647548,1.647548
2026-09-24T12:47:25.154063,2672,0.0,8787,1.647750,1.647750
2026-09-24T12:47:25.154638,2680,0.0,8823,1.654445,1.654445
2026-09-24T12:47:25.155216,2688,0.0,8795,1.649146,1.649146
2026-09-24T12:47:25.156061,2696,0.0,8812,1.652319,1.652319
2026-09-24T12:47:25.156658,2704,0.0,8817,1.653315,1.653315
2026-09-24T12:47:25.157249,2712,0.0,8812,1.652396,1.652396
2026-09-24T12:47:25.157848,2720,0.0,8808,1.651705,1.651705
2026-09-24T12:47:25.158438,2728,0.0,8793,1.648889,1.648889
2026-09-24T12:47:25.159017,2736,0.0,8795,1.649266,1.649266
2026-09-24T12:47:25.159605,2744,0.0,8815,1.653029,1.653029
2026-09-24T12:47:25.160338,2752,0.0,8804,1.650955,1.650955
2026-09-24T12:47:25.160935,2760,0.0,8804,1.650947,1.650947
2026-09-24T12:47:25.161517,2768,0.0,8795,1.649260,1.649260
2026-09-24T12:47:25.162096,2776,0.0,8791,1.648506,1.648506
2026-09-24T12:47:25.162668,2784,0.0,8810,1.652112,1.652112
2026-09-24T12:47:25.163242,2792,0.0,8819,1.653783,1.653783
2026-09-24T12:47:25.163825,2800,0.0,8809,1.651881,1.651881
2026-09-24T12:47:25.164408,2808,0.0,8806,1.651307,1.651307
2026-09-24T12:47:25.164983,2816,0.0,8793,1.648830,1.648830
2026-09-24T12:47:25.165649,2824,0.0,8824,1.654617,1.654617
2026-09-24T12:47:25.166270,2832,0.0,8793,1.648841,1.648841
2026-09-24T12:47:25.166917,2840,0.0,8810,1.651945,1.651945
2026-09-24T12:47:25.167805,2848,0.0,8813,1.652567,1.652567
2026-09-24T12:47:25.168521,2856,0.0,8781,1.646511,1.646511
2026-09-24T12:47:25.169132,2864,0.0,8786,1.647613,1.647613
2026-09-24T12:47:25.169711,2872,0.0,8764,1.643365,1.643365
2026-09-24T12:47:25.170449,2880,0.0,8784,1.647200,1.647200
2026-09-24T12:47:25.171037,2888,0.0,8798,1.649753,1.649753
2026-09-24T12:47:25.171610,2896,0.0,8798,1.649678,1.649678
2026-09-24T12:47:25.172180,2904,0.0,8807,1.651445,1.651445
2026-09-24T12:47:25.172795,2912,0.0,8797,1.649625,1.649625
2026-09-24T12:47:25.173391,2920,0.0,8790,1.648190,1.648190
2026-09-24T12:47:25.173990,2928,0.0,8801,1.650294,1.650294
2026-09-24T12:47:25.174567,2936,0.0,8790,1.648276,1.648276
2026-09-24T12:47:25.175141,2944,0.0,8803,1.650659,1.650659
2026-09-24T12:47:25.175718,2952,0.0,8783,1.646970,1.646970
2026-09-24T12:47:25.176764,2960,0.0,8811,1.652222,1.652222
2026-09-24T12:47:25.177353,2968,0.0,8784,1.647090,1.647090
2026-09-24T12:47:25.177942,2976,0.0,8797,1.649575,1.649575
2026-09-24T12:47:25.178524,2984,0.0,8798,1.649803,1.649803
2026-09-24T12:47:25.179176,2992,0.0,8784,1.647052,1.647052
2026-09-24T12:47:25.179759,3000,0.0,8824,1.654601,1.654601
2026-09-24T12:47:25.180337,3008,0.0,8798,1.649785,1.649785
2026-09-24T12:47:25.180953,3016,0.0,8775,1.645508,1.645508
2026-09-24T12:47:25.181525,3024,0.0,8798,1.649679,1.649679
2026-09-24T12:47:25.182112,3032,0.0,8789,1.648078,1.648078
2026-09-24T12:47:25.182687,3040,0.0,8793,1.648899,1.648899
2026-09-24T12:47:25.183258,3048,0.0,8805,1.650995,1.650995
2026-09-24T12:47:25.183833,3056,0.0,8810,1.651958,1.651958
2026-09-24T12:47:25.184407,3064,0.0,8772,1.644892,1.644892
2026-09-24T12:47:25.184976,3072,0.0,8804,1.650808,1.650808
2026-09-24T12:47:25.185557,3080,0.0,8805,1.651060,1.651060
2026-09-24T12:47:25.186159,3088,0.0,8798,1.649726,1.649726
2026-09-24T12:47:25.186739,3096,0.0,8787,1.647797,1.647797
2026-09-24T12:47:25.187317,3104,0.0,8791,1.648528,1.648528
2026-09-24T12:47:25.187895,3112,0.0,8791,1.648480,1.648480
2026-09-24T12:47:25.188473,3120,0.0,8785,1.647312,1.647312
2026-09-24T12:47:25.189509,3128,0.0,8787,1.647720,1.647720
2026-09-24T12:47:25.190087,3136,0.0,8777,1.645739,1.645739
2026-09-24T12:47:25.190658,3144,0.0,8802,1.650479,1.650479
2026-09-24T12:47:25.191239,3152,0.0,8786,1.647465,1.647465
2026-09-24T12:47:25.191812,3160,0.0,8809,1.651874,1.651874
2026-09-24T12:47:25.192387,3168,0.0,8810,1.652037,1.652037
2026-09-24T12:47:25.192954,3176,0.0,8813,1.652493,1.652493
2026-09-24T12:47:25.193526,3184,0.0,8786,1.647586,1.647586
2026-09-24T12:47:25.194103,3192,0.0,8795,1.649256,1.649256
2026-09-24T12:47:25.194679,3200,0.0,8790,1.648211,1.648211
2026-09-24T12:47:25.195261,3208,0.0,8790,1.648338,1.648338
2026-09-24T12:47:25.195833,3216,0.0,8788,1.647896,1.647896
2026-09-24T12:47:25.196485,3224,0.0,8795,1.649244,1.649244
2026-09-24T12:47:25.197065,3232,0.0,8814,1.652737,1.652737
2026-09-24T12:47:25.197660,3240,0.0,8800,1.650143,1.650143
2026-09-24T12:47:25.198244,3248,0.0,8777,1.645884,1.645884
2026-09-24T12:47:25.198830,3256,0.0,8770,1.644429,1.644429
2026-09-24T12:47:25.199411,3264,0.0,8783,1.646969,1.646969
2026-09-24T12:47:25.199997,3272,0.0,8776,1.645652,1.645652
2026-09-24T12:47:25.200585,3280,0.0,8798,1.649760,1.649760
2026-09-24T12:47:25.201170,3288,0.0,8813,1.652586,1.652586
2026-09-24T12:47:25.201796,3296,0.0,8795,1.649263,1.649263
2026-09-24T12:47:25.202381,3304,0.0,8787,1.647648,1.647648
2026-09-24T12:47:25.202965,3312,0.0,8813,1.652553,1.652553
2026-09-24T12:47:25.203536,3320,0.0,8818,1.653439,1.653439
2026-09-24T12:47:25.204108,3328,0.0,8761,1.642870,1.642870
2026-09-24T12:47:25.204677,3336,0.0,8811,1.652197,1.652197
2026-09-24T12:47:25.205246,3344,0.0,8785,1.647313,1.647313
2026-09-24T12:47:25.206282,3352,0.0,8789,1.648162,1.648162
2026-09-24T12:47:25.206914,3360,0.0,8780,1.646441,1.646441
2026-09-24T12:47:25.207617,3368,0.0,8799,1.649948,1.649948
2026-09-24T12:47:25.208211,3376,0.0,8782,1.646741,1.646741
2026-09-24T12:47:25.208813,3384,0.0,8791,1.648487,1.648487
2026-09-24T12:47:25.209570,3392,0.0,8800,1.650078,1.650078
2026-09-24T12:47:25.210165,3400,0.0,8798,1.649797,1.649797
2026-09-24T12:47:25.210764,3408,0.0,8804,1.650806,1.650806
2026-09-24T12:47:25.211360,3416,0.0,8791,1.648485,1.648485
2026-09-24T12:47:25.211953,3424,0.0,8806,1.651200,1.651200
2026-09-24T12:47:25.213433,3432,0.0,8805,1.650997,1.650997
2026-09-24T12:47:25.214038,3440,0.0,8798,1.649738,1.649738
2026-09-24T12:47:25.214631,3448,0.0,8803,1.650732,1.650732
2026-09-24T12:47:25.215248,3456,0.0,8799,1.649898,1.649898
2026-09-24T12:47:25.215848,3464,0.0,8784,1.647109,1.647109
2026-09-24T12:47:25.216584,3472,0.0,8810,1.651934,1.651934
2026-09-24T12:47:25.217164,3480,0.0,8784,1.647084,1.647084
2026-09-24T12:47:25.218132,3488,0.0,8790,1.648323,1.648323
2026-09-24T12:47:25.218738,3496,0.0,8802,1.650575,1.650575
2026-09-24T12:47:25.219328,3504,0.0,8798,1.649778,1.649778
2026-09-24T12:47:25.221112,3512,0.0,8800,1.650070,1.650070
2026-09-24T12:47:25.224717,3520,0.0,8831,1.655897,1.655897
2026-09-24T12:47:25.229238,3528,0.0,8793,1.648741,1.648741
2026-09-24T12:47:25.230233,3536,0.0,8807,1.651481,1.651481
2026-09-24T12:47:25.230858,3544,0.0,8820,1.653894,1.653894
2026-09-24T12:47:25.233203,3552,0.0,8796,1.649381,1.649381
2026-09-24T12:47:25.233837,3560,0.0,8805,1.651039,1.651039
2026-09-24T12:47:25.234446,3568,0.0,8804,1.650875,1.650875
2026-09-24T12:47:25.235053,3576,0.0,8790,1.648288,1.648288
2026-09-24T12:47:25.235688,3584,0.0,8789,1.648014,1.648014
2026-09-24T12:47:25.236267,3592,0.0,8816,1.653146,1.653146
2026-09-24T12:47:25.237045,3600,0.0,8790,1.648308,1.648308
2026-09-24T12:47:25.237651,3608,0.0,8816,1.653202,1.653202
2026-09-24T12:47:25.238237,3616,0.0,8784,1.647135,1.647135
2026-09-24T12:47:25.238816,3624,0.0,8782,1.646859,1.646859
2026-09-24T12:47:25.240696,3632,0.0,8803,1.650766,1.650766
2026-09-24T12:47:25.241330,3640,0.0,8795,1.649216,1.649216
2026-09-24T12:47:25.241923,3648,0.0,8794,1.648928,1.648928
2026-09-24T12:47:25.242505,3656,0.0,8766,1.643818,1.643818
2026-09-24T12:47:25.243108,3664,0.0,8808,1.651563,1.651563
2026-09-24T12:47:25.243914,3672,0.0,8801,1.650318,1.650318
2026-09-24T12:47:25.244519,3680,0.0,8803,1.650696,1.650696
2026-09-24T12:47:25.245096,3688,0.0,8824,1.654618,1.654618
2026-09-24T12:47:25.245667,3696,0.0,8815,1.652952,1.652952
2026-09-24T12:47:25.246249,3704,0.0,8793,1.648797,1.648797
2026-09-24T12:47:25.247041,3712,0.0,8806,1.651208,1.651208
2026-09-24T12:47:25.248543,3720,0.0,8812,1.652364,1.652364
2026-09-24T12:47:25.249189,3728,0.0,8806,1.651272,1.651272
2026-09-24T12:47:25.249873,3736,0.0,8770,1.644568,1.644568
2026-09-24T12:47:25.250460,3744,0.0,8809,1.651860,1.651860
2026-09-24T12:47:25.251031,3752,0.0,8805,1.651028,1.651028
2026-09-24T12:47:25.251601,3760,0.0,8800,1.650237,1.650237
2026-09-24T12:47:25.252171,3768,0.0,8803,1.650616,1.650616
2026-09-24T12:47:25.252769,3776,0.0,8798,1.649849,1.649849
2026-09-24T12:47:25.253360,3784,0.0,8800,1.650074,1.650074
2026-09-24T12:47:25.253932,3792,0.0,8806,1.651295,1.651295
2026-09-24T12:47:25.254507,3800,0.0,8795,1.649152,1.649152
2026-09-24T12:47:25.255094,3808,0.0,8802,1.650518,1.650518
2026-09-24T12:47:25.256456,3816,0.0,8790,1.648255,1.648255
2026-09-24T12:47:25.257093,3824,0.0,8799,1.649981,1.649981
2026-09-24T12:47:25.257697,3832,0.0,8790,1.648301,1.648301
2026-09-24T12:47:25.258282,3840,0.0,8816,1.653051,1.653051
2026-09-24T12:47:25.258921,3848,0.0,8805,1.651144,1.651144
2026-09-24T12:47:25.259521,3856,0.0,8806,1.651195,1.651195
2026-09-24T12:47:25.260147,3864,0.0,8787,1.647781,1.647781
2026-09-24T12:47:25.261137,3872,0.0,8811,1.652235,1.652235
2026-09-24T12:47:25.262120,3880,0.0,8790,1.648331,1.648331
2026-09-24T12:47:25.262704,3888,0.0,8805,1.651113,1.651113
2026-09-24T12:47:25.263276,3896,0.0,8827,1.655142,1.655142
2026-09-24T12:47:25.263849,3904,0.0,8828,1.655445,1.655445
2026-09-24T12:47:25.264423,3912,0.0,8808,1.651677,1.651677
2026-09-24T12:47:25.264986,3920,0.0,8804,1.650956,1.650956
2026-09-24T12:47:25.265560,3928,0.0,8795,1.649285,1.649285
2026-09-24T12:47:25.266151,3936,0.0,8795,1.649283,1.649283
2026-09-24T12:47:25.266753,3944,0.0,8817,1.653357,1.653357
2026-09-24T12:47:25.267325,3952,0.0,8796,1.649306,1.649306
2026-09-24T12:47:25.267896,3960,0.0,8785,1.647264,1.647264
2026-09-24T12:47:25.268475,3968,0.0,8788,1.647960,1.647960
2026-09-24T12:47:25.269076,3976,0.0,8795,1.649115,1.649115
2026-09-24T12:47:25.269649,3984,0.0,8803,1.650662,1.650662
2026-09-24T12:47:25.270213,3992,0.0,8818,1.653436,1.653436
2026-09-24T12:47:25.270777,4000,0.0,8793,1.648763,1.648763
2026-09-24T12:47:25.271369,4008,0.0,8797,1.649550,1.649550
2026-09-24T12:47:25.271997,4016,0.0,8798,1.649742,1.649742
2026-09-24T12:47:25.272759,4024,0.0,8792,1.648678,1.648678
2026-09-24T12:47:25.273611,4032,0.0,8799,1.649878,1.649878
2026-09-24T12:47:25.274462,4040,0.0,8781,1.646567,1.646567
2026-09-24T12:47:25.275065,4048,0.0,8784,1.647209,1.647209
2026-09-24T12:47:25.275641,4056,0.0,8810,1.652041,1.652041
2026-09-24T12:47:25.276224,4064,0.0,8821,1.654075,1.654075
2026-09-24T12:47:25.276801,4072,0.0,8804,1.650818,1.650818
2026-09-24T12:47:25.277384,4080,0.0,8779,1.646216,1.646216
2026-09-24T12:47:25.277960,4088,0.0,8794,1.649063,1.649063
2026-09-24T12:47:25.278533,4096,0.0,8802,1.650489,1.650489
2026-09-24T12:47:25.279134,4104,0.0,8804,1.650905,1.650905
2026-09-24T12:47:25.279721,4112,0.0,8772,1.644829,1.644829
2026-09-24T12:47:25.280304,4120,0.0,8773,1.645148,1.645148
2026-09-24T12:47:25.280876,4128,0.0,8802,1.650468,1.650468
2026-09-24T12:47:25.281441,4136,0.0,8772,1.644846,1.644846
2026-09-24T12:47:25.282007,4144,0.0,8784,1.647227,1.647227
2026-09-24T12:47:25.282574,4152,0.0,8810,1.652042,1.652042
2026-09-24T12:47:25.283135,4160,0.0,8801,1.650321,1.650321
2026-09-24T12:47:25.283702,4168,0.0,8799,1.650003,1.650003
2026-09-24T12:47:25.284282,4176,0.0,8795,1.649240,1.649240
2026-09-24T12:47:25.284850,4184,0.0,8809,1.651764,1.651764
2026-09-24T12:47:25.285418,4192,0.0,8789,1.648113,1.648113
2026-09-24T12:47:25.285992,4200,0.0,8799,1.649991,1.649991
2026-09-24T12:47:25.286566,4208,0.0,8793,1.648818,1.648818
2026-09-24T12:47:25.287137,4216,0.0,8795,1.649280,1.649280
2026-09-24T12:47:25.287699,4224,0.0,8794,1.649086,1.649086
2026-09-24T12:47:25.288268,4232,0.0,8817,1.653260,1.653260
2026-09-24T12:47:25.288838,4240,0.0,8772,1.644975,1.644975
2026-09-24T12:47:25.290493,4248,0.0,8817,1.653255,1.653255
2026-09-24T12:47:25.291401,4256,0.0,8788,1.647921,1.647921
2026-09-24T12:47:25.292013,4264,0.0,8810,1.652035,1.652035
2026-09-24T12:47:25.292597,4272,0.0,8808,1.651606,1.651606
2026-09-24T12:47:25.293183,4280,0.0,8828,1.655427,1.655427
2026-09-24T12:47:25.293774,4288,0.0,8811,1.652159,1.652159
2026-09-24T12:47:25.294357,4296,0.0,8775,1.645519,1.645519
2026-09-24T12:47:25.294938,4304,0.0,8782,1.646751,1.646751
2026-09-24T12:47:25.296489,4312,0.0,8774,1.645220,1.645220
2026-09-24T12:47:25.297105,4320,0.0,8791,1.648528,1.648528
2026-09-24T12:47:25.297681,4328,0.0,8801,1.650396,1.650396
2026-09-24T12:47:25.298256,4336,0.0,8777,1.645779,1.645779
2026-09-24T12:47:25.298830,4344,0.0,8796,1.649302,1.649302
2026-09-24T12:47:25.299478,4352,0.0,8771,1.644752,1.644752
2026-09-24T12:47:25.300073,4360,0.0,8819,1.653668,1.653668
2026-09-24T12:47:25.300664,4368,0.0,8809,1.651798,1.651798
2026-09-24T12:47:25.301250,4376,0.0,8776,1.645710,1.645710
2026-09-24T12:47:25.301823,4384,0.0,8794,1.648933,1.648933
2026-09-24T12:47:25.302388,4392,0.0,8809,1.651760,1.651760
2026-09-24T12:47:25.302950,4400,0.0,8837,1.657096,1.657096
2026-09-24T12:47:25.303532,4408,0.0,8797,1.649565,1.649565
2026-09-24T12:47:25.304108,4416,0.0,8803,1.650640,1.650640
2026-09-24T12:47:25.304763,4424,0.0,8787,1.647690,1.647690
2026-09-24T12:47:25.305564,4432,0.0,8791,1.648441,1.648441
2026-09-24T12:47:25.307907,4440,0.0,8798,1.649734,1.649734
2026-09-24T12:47:25.309072,4448,0.0,8800,1.650104,1.650104
2026-09-24T12:47:25.309691,4456,0.0,8794,1.649010,1.649010
2026-09-24T12:47:25.310369,4464,0.0,8804,1.650920,1.650920
2026-09-24T12:47:25.310946,4472,0.0,8805,1.651079,1.651079
2026-09-24T12:47:25.311743,4480,0.0,8786,1.647534,1.647534
2026-09-24T12:47:25.312571,4488,0.0,8802,1.650598,1.650598
2026-09-24T12:47:25.313164,4496,0.0,8838,1.657266,1.657266
2026-09-24T12:47:25.313732,4504,0.0,8800,1.650173,1.650173
2026-09-24T12:47:25.314306,4512,0.0,8770,1.644472,1.644472
2026-09-24T12:47:25.314867,4520,0.0,8806,1.651361,1.651361
2026-09-24T12:47:25.315428,4528,0.0,8791,1.648426,1.648426
2026-09-24T12:47:25.316009,4536,0.0,8800,1.650165,1.650165
2026-09-24T12:47:25.316576,4544,0.0,8797,1.649584,1.649584
2026-09-24T12:47:25.317139,4552,0.0,8798,1.649772,1.649772
2026-09-24T12:47:25.317698,4560,0.0,8819,1.653772,1.653772
2026-09-24T12:47:25.318253,4568,0.0,8786,1.647483,1.647483
2026-09-24T12:47:25.318816,4576,0.0,8797,1.649572,1.649572
2026-09-24T12:47:25.319398,4584,0.0,8795,1.649162,1.649162
2026-09-24T12:47:25.320126,4592,0.0,8812,1.652482,1.652482
2026-09-24T12:47:25.320729,4600,0.0,8800,1.650166,1.650166
2026-09-24T12:47:25.321312,4608,0.0,8782,1.646847,1.646847
2026-09-24T12:47:25.321873,4616,0.0,8815,1.652893,1.652893
2026-09-24T12:47:25.322449,4624,0.0,8789,1.648053,1.648053
2026-09-24T12:47:25.323959,4632,0.0,8793,1.648889,1.648889
2026-09-24T12:47:25.324586,4640,0.0,8795,1.649269,1.649269
2026-09-24T12:47:25.325168,4648,0.0,8791,1.648377,1.648377
2026-09-24T12:47:25.325754,4656,0.0,8802,1.650524,1.650524
2026-09-24T12:47:25.326361,4664,0.0,8802,1.650455,1.650455
2026-09-24T12:47:25.326960,4672,0.0,8790,1.648257,1.648257
2026-09-24T12:47:25.327548,4680,0.0,8806,1.651291,1.651291
2026-09-24T12:47:25.328125,4688,0.0,8798,1.649851,1.649851
2026-09-24T12:47:25.328695,4696,0.0,8797,1.649608,1.649608
2026-09-24T12:47:25.329264,4704,0.0,8786,1.647539,1.647539
2026-09-24T12:47:25.329831,4712,0.0,8818,1.653471,1.653471
2026-09-24T12:47:25.330483,4720,0.0,8781,1.646558,1.646558
2026-09-24T12:47:25.331056,4728,0.0,8813,1.652541,1.652541
2026-09-24T12:47:25.331627,4736,0.0,8827,1.655191,1.655191
2026-09-24T12:47:25.332197,4744,0.0,8814,1.652795,1.652795
2026-09-24T12:47:25.332773,4752,0.0,8795,1.649189,1.649189
2026-09-24T12:47:25.333355,4760,0.0,8766,1.643705,1.643705
2026-09-24T12:47:25.334604,4768,0.0,8798,1.649750,1.649750
2026-09-24T12:47:25.335499,4776,0.0,8805,1.651010,1.651010
2026-09-24T12:47:25.336178,4784,0.0,8794,1.649021,1.649021
2026-09-24T12:47:25.337221,4792,0.0,8777,1.645895,1.645895
2026-09-24T12:47:25.337822,4800,0.0,8803,1.650621,1.650621
2026-09-24T12:47:25.903880,808,5.0,8894,1.667730,1.667730
2026-09-24T12:47:25.904475,816,5.0,8900,1.668934,1.668934
2026-09-24T12:47:25.905061,824,5.0,8922,1.672966,1.672966
2026-09-24T12:47:25.905645,832,5.0,8943,1.676868,1.676868
2026-09-24T12:47:25.906219,840,5.0,8904,1.669695,1.669695
2026-09-24T12:47:25.906794,848,5.0,8929,1.674267,1.674267
2026-09-24T12:47:25.907369,856,5.0,8924,1.673400,1.673400
2026-09-24T12:47:25.907997,864,5.0,8906,1.670077,1.670077
2026-09-24T12:47:25.909260,872,5.0,8946,1.677506,1.677506
2026-09-24T12:47:25.909869,880,5.0,8917,1.671991,1.671991
2026-09-24T12:47:25.910451,888,5.0,8899,1.668697,1.668697
2026-09-24T12:47:25.911031,896,5.0,8915,1.671648,1.671648
2026-09-24T12:47:25.911609,904,5.0,8908,1.670303,1.670303
2026-09-24T12:47:25.912240,912,5.0,8901,1.669001,1.669001
2026-09-24T12:47:25.912819,920,5.0,8909,1.670543,1.670543
2026-09-24T12:47:25.913397,928,5.0,8905,1.669811,1.669811
2026-09-24T12:47:25.913969,936,5.0,8918,1.672305,1.672305
2026-09-24T12:47:25.914543,944,5.0,8918,1.672289,1.672289
2026-09-24T12:47:25.915108,952,5.0,8911,1.671007,1.671007
2026-09-24T12:47:25.915672,960,5.0,8909,1.670591,1.670591
2026-09-24T12:47:25.916244,968,5.0,8888,1.666669,1.666669
2026-09-24T12:47:25.916822,976,5.0,8903,1.669424,1.669424
2026-09-24T12:47:25.917416,984,5.0,8904,1.669596,1.669596
2026-09-24T12:47:25.918012,992,5.0,8890,1.667110,1.667110
2026-09-24T12:47:25.918599,1000,5.0,8904,1.669665,1.669665
2026-09-24T12:47:25.919196,1008,5.0,8919,1.672385,1.672385
2026-09-24T12:47:25.919781,1016,5.0,8909,1.670642,1.670642
2026-09-24T12:47:25.920365,1024,5.0,8927,1.673920,1.673920
2026-09-24T12:47:25.920948,1032,5.0,8897,1.668296,1.668296
2026-09-24T12:47:25.921543,1040,5.0,8922,1.673061,1.673061
2026-09-24T12:47:25.922155,1048,5.0,8931,1.674736,1.674736
2026-09-24T12:47:25.922742,1056,5.0,8914,1.671568,1.671568
2026-09-24T12:47:25.923334,1064,5.0,8916,1.671805,1.671805
2026-09-24T12:47:25.923917,1072,5.0,8910,1.670696,1.670696
2026-09-24T12:47:25.924494,1080,5.0,8904,1.669681,1.669681
2026-09-24T12:47:25.925511,1088,5.0,8885,1.666131,1.666131
2026-09-24T12:47:25.926390,1096,5.0,8930,1.674429,1.674429
2026-09-24T12:47:25.926979,1104,5.0,8918,1.672277,1.672277
2026-09-24T12:47:25.927598,1112,5.0,8914,1.671519,1.671519
2026-09-24T12:47:25.928171,1120,5.0,8914,1.671430,1.671430
2026-09-24T12:47:25.928740,1128,5.0,8904,1.669681,1.669681
2026-09-24T12:47:25.929307,1136,5.0,8909,1.670508,1.670508
2026-09-24T12:47:25.929874,1144,5.0,8909,1.670540,1.670540
2026-09-24T12:47:25.930449,1152,5.0,8911,1.670994,1.670994
2026-09-24T12:47:25.931026,1160,5.0,8924,1.673463,1.673463
2026-09-24T12:47:25.931607,1168,5.0,8905,1.669873,1.669873
2026-09-24T12:47:25.932219,1176,5.0,8907,1.670124,1.670124
2026-09-24T12:47:25.932834,1184,5.0,8912,1.671114,1.671114
2026-09-24T12:47:25.933422,1192,5.0,8912,1.671165,1.671165
2026-09-24T12:47:25.933999,1200,5.0,8896,1.668168,1.668168
2026-09-24T12:47:25.934589,1208,5.0,8924,1.673466,1.673466
2026-09-24T12:47:25.935214,1216,5.0,8928,1.674185,1.674185
2026-09-24T12:47:25.935793,1224,5.0,8925,1.673496,1.673496
2026-09-24T12:47:25.936368,1232,5.0,8907,1.670294,1.670294
2026-09-24T12:47:25.936935,1240,5.0,8916,1.671987,1.671987
2026-09-24T12:47:25.937496,1248,5.0,8901,1.669068,1.669068
2026-09-24T12:47:25.938055,1256,5.0,8936,1.675736,1.675736
2026-09-24T12:47:25.938623,1264,5.0,8891,1.667158,1.667158
2026-09-24T12:47:25.939197,1272,5.0,8883,1.665750,1.665750
2026-09-24T12:47:25.939772,1280,5.0,8902,1.669241,1.669241
2026-09-24T12:47:25.940373,1288,5.0,8888,1.666666,1.666666
2026-09-24T12:47:25.940957,1296,5.0,8921,1.672910,1.672910
2026-09-24T12:47:25.942574,1304,5.0,8924,1.673484,1.673484
2026-09-24T12:47:25.943202,1312,5.0,8910,1.670860,1.670860
2026-09-24T12:47:25.943788,1320,5.0,8899,1.668666,1.668666
2026-09-24T12:47:25.944363,1328,5.0,8905,1.669759,1.669759
2026-09-24T12:47:25.944939,1336,5.0,8895,1.667881,1.667881
2026-09-24T12:47:25.945511,1344,5.0,8916,1.671825,1.671825
2026-09-24T12:47:25.946096,1352,5.0,8912,1.671118,1.671118
2026-09-24T12:47:25.946672,1360,5.0,8909,1.670504,1.670504
2026-09-24T12:47:25.947237,1368,5.0,8938,1.675966,1.675966
2026-09-24T12:47:25.947810,1376,5.0,8926,1.673740,1.673740
2026-09-24T12:47:25.948390,1384,5.0,8935,1.675443,1.675443
2026-09-24T12:47:25.948966,1392,5.0,8908,1.670323,1.670323
2026-09-24T12:47:25.949541,1400,5.0,8904,1.669622,1.669622
2026-09-24T12:47:25.950110,1408,5.0,8907,1.670236,1.670236
2026-09-24T12:47:25.950674,1416,5.0,8912,1.671102,1.671102
2026-09-24T12:47:25.951237,1424,5.0,8909,1.670491,1.670491
2026-09-24T12:47:25.951800,1432,5.0,8928,1.674228,1.674228
2026-09-24T12:47:25.952363,1440,5.0,8910,1.670832,1.670832
2026-09-24T12:47:25.952922,1448,5.0,8901,1.669061,1.669061
2026-09-24T12:47:25.953479,1456,5.0,8921,1.672862,1.672862
2026-09-24T12:47:25.954040,1464,5.0,8908,1.670412,1.670412
2026-09-24T12:47:25.954599,1472,5.0,8935,1.675455,1.675455
2026-09-24T12:47:25.955156,1480,5.0,8914,1.671557,1.671557
2026-09-24T12:47:25.955716,1488,5.0,8914,1.671591,1.671591
2026-09-24T12:47:25.956282,1496,5.0,8880,1.665111,1.665111
2026-09-24T12:47:25.956845,1504,5.0,8896,1.668219,1.668219
2026-09-24T12:47:25.957405,1512,5.0,8921,1.672830,1.672830
2026-09-24T12:47:25.959512,1520,5.0,8910,1.670801,1.670801
2026-09-24T12:47:25.960620,1528,5.0,8915,1.671799,1.671799
2026-09-24T12:47:25.961239,1536,5.0,8907,1.670242,1.670242
2026-09-24T12:47:25.961820,1544,5.0,8899,1.668634,1.668634
2026-09-24T12:47:25.962386,1552,5.0,8922,1.673035,1.673035
2026-09-24T12:47:25.962943,1560,5.0,8909,1.670517,1.670517
2026-09-24T12:47:25.963499,1568,5.0,8896,1.668178,1.668178
2026-09-24T12:47:25.964053,1576,5.0,8909,1.670622,1.670622
2026-09-24T12:47:25.964608,1584,5.0,8912,1.671123,1.671123
2026-09-24T12:47:25.965175,1592,5.0,8895,1.668044,1.668044
2026-09-24T12:47:25.965747,1600,5.0,8927,1.674026,1.674026
2026-09-24T12:47:25.966328,1608,5.0,8919,1.672500,1.672500
2026-09-24T12:47:25.966898,1616,5.0,8895,1.667975,1.667975
2026-09-24T12:47:25.967471,1624,5.0,8913,1.671334,1.671334
2026-09-24T12:47:25.968062,1632,5.0,8940,1.676315,1.676315
2026-09-24T12:47:25.968644,1640,5.0,8900,1.668816,1.668816
2026-09-24T12:47:25.969237,1648,5.0,8894,1.667851,1.667851
2026-09-24T12:47:25.969819,1656,5.0,8901,1.669135,1.669135
2026-09-24T12:47:25.970395,1664,5.0,8931,1.674628,1.674628
2026-09-24T12:47:25.970988,1672,5.0,8929,1.674292,1.674292
2026-09-24T12:47:25.971581,1680,5.0,8925,1.673608,1.673608
2026-09-24T12:47:25.972160,1688,5.0,8921,1.672886,1.672886
2026-09-24T12:47:25.972751,1696,5.0,8923,1.673191,1.673191
2026-09-24T12:47:25.973433,1704,5.0,8891,1.667297,1.667297
2026-09-24T12:47:25.974014,1712,5.0,8910,1.670783,1.670783
2026-09-24T12:47:25.974609,1720,5.0,8910,1.670778,1.670778
2026-09-24T12:47:25.975192,1728,5.0,8900,1.668905,1.668905
2026-09-24T12:47:25.975812,1736,5.0,8932,1.674855,1.674855
2026-09-24T12:47:25.976465,1744,5.0,8924,1.673421,1.673421
2026-09-24T12:47:25.977055,1752,5.0,8907,1.670230,1.670230
2026-09-24T12:47:25.977648,1760,5.0,8915,1.671677,1.671677
2026-09-24T12:47:25.978226,1768,5.0,8933,1.675149,1.675149
2026-09-24T12:47:25.978806,1776,5.0,8925,1.673663,1.673663
2026-09-24T12:47:25.979384,1784,5.0,8912,1.671211,1.671211
2026-09-24T12:47:25.979963,1792,5.0,8916,1.671979,1.671979
2026-09-24T12:47:25.980541,1800,5.0,8895,1.668033,1.668033
2026-09-24T12:47:25.981118,1808,5.0,8920,1.672596,1.672596
2026-09-24T12:47:25.981695,1816,5.0,8902,1.669183,1.669183
2026-09-24T12:47:25.982279,1824,5.0,8898,1.668571,1.668571
2026-09-24T12:47:25.982856,1832,5.0,8922,1.673025,1.673025
2026-09-24T12:47:25.983440,1840,5.0,8923,1.673115,1.673115
2026-09-24T12:47:25.984014,1848,5.0,8913,1.671352,1.671352
2026-09-24T12:47:25.984585,1856,5.0,8907,1.670128,1.670128
2026-09-24T12:47:25.985157,1864,5.0,8908,1.670346,1.670346
2026-09-24T12:47:25.985727,1872,5.0,8896,1.668190,1.668190
2026-09-24T12:47:25.986298,1880,5.0,8908,1.670433,1.670433
2026-09-24T12:47:25.986867,1888,5.0,8898,1.668578,1.668578
2026-09-24T12:47:25.987436,1896,5.0,8880,1.665120,1.665120
2026-09-24T12:47:25.988005,1904,5.0,8903,1.669375,1.669375
2026-09-24T12:47:25.988661,1912,5.0,8905,1.669848,1.669848
2026-09-24T12:47:25.989263,1920,5.0,8902,1.669196,1.669196
2026-09-24T12:47:25.989853,1928,5.0,8904,1.669679,1.669679
2026-09-24T12:47:25.990429,1936,5.0,8915,1.671798,1.671798
2026-09-24T12:47:25.991000,1944,5.0,8950,1.678278,1.678278
2026-09-24T12:47:25.991611,1952,5.0,8914,1.671544,1.671544
2026-09-24T12:47:25.992320,1960,5.0,8910,1.670726,1.670726
2026-09-24T12:47:25.992910,1968,5.0,8905,1.669779,1.669779
2026-09-24T12:47:25.993517,1976,5.0,8917,1.672042,1.672042
2026-09-24T12:47:25.994091,1984,5.0,8909,1.670521,1.670521
2026-09-24T12:47:25.994666,1992,5.0,8926,1.673770,1.673770
2026-09-24T12:47:25.995242,2000,5.0,8925,1.673551,1.673551
2026-09-24T12:47:25.995825,2008,5.0,8917,1.672117,1.672117
2026-09-24T12:47:25.996396,2016,5.0,8924,1.673320,1.673320
2026-09-24T12:47:25.996968,2024,5.0,8902,1.669351,1.669351
2026-09-24T12:47:25.997539,2032,5.0,8911,1.671015,1.671015
2026-09-24T12:47:25.998110,2040,5.0,8925,1.673617,1.673617
2026-09-24T12:47:25.998681,2048,5.0,8908,1.670430,1.670430
2026-09-24T12:47:25.999250,2056,5.0,8904,1.669617,1.669617
2026-09-24T12:47:25.999819,2064,5.0,8898,1.668579,1.668579
2026-09-24T12:47:26.000388,2072,5.0,8914,1.671576,1.671576
2026-09-24T12:47:26.000956,2080,5.0,8923,1.673142,1.673142
2026-09-24T12:47:26.001525,2088,5.0,8909,1.670574,1.670574
2026-09-24T12:47:26.002095,2096,5.0,8903,1.669427,1.669427
2026-09-24T12:47:26.002664,2104,5.0,8874,1.663989,1.663989
2026-09-24T12:47:26.003233,2112,5.0,8922,1.672961,1.672961
2026-09-24T12:47:26.003874,2120,5.0,8906,1.669962,1.669962
2026-09-24T12:47:26.004450,2128,5.0,8899,1.668687,1.668687
2026-09-24T12:47:26.005015,2136,5.0,8922,1.673077,1.673077
2026-09-24T12:47:26.005571,2144,5.0,8924,1.673419,1.673419
2026-09-24T12:47:26.006366,2152,5.0,8913,1.671354,1.671354
2026-09-24T12:47:26.006920,2160,5.0,8915,1.671801,1.671801
2026-09-24T12:47:26.007472,2168,5.0,8927,1.674016,1.674016
2026-09-24T12:47:26.008024,2176,5.0,8923,1.673267,1.673267
2026-09-24T12:47:26.008595,2184,5.0,8902,1.669207,1.669207
2026-09-24T12:47:26.009264,2192,5.0,8899,1.668692,1.668692
2026-09-24T12:47:26.009875,2200,5.0,8919,1.672415,1.672415
2026-09-24T12:47:26.010453,2208,5.0,8909,1.670611,1.670611
2026-09-24T12:47:26.011035,2216,5.0,8935,1.675508,1.675508
2026-09-24T12:47:26.011591,2224,5.0,8917,1.672056,1.672056
2026-09-24T12:47:26.012146,2232,5.0,8921,1.672846,1.672846
2026-09-24T12:47:26.012699,2240,5.0,8898,1.668531,1.668531
2026-09-24T12:47:26.013253,2248,5.0,8913,1.671353,1.671353
2026-09-24T12:47:26.013810,2256,5.0,8931,1.674622,1.674622
2026-09-24T12:47:26.014367,2264,5.0,8892,1.667371,1.667371
2026-09-24T12:47:26.014925,2272,5.0,8896,1.668118,1.668118
2026-09-24T12:47:26.015482,2280,5.0,8881,1.665353,1.665353
2026-09-24T12:47:26.016034,2288,5.0,8917,1.672141,1.672141
2026-09-24T12:47:26.016589,2296,5.0,8898,1.668430,1.668430
2026-09-24T12:47:26.017162,2304,5.0,8919,1.672505,1.672505
2026-09-24T12:47:26.017734,2312,5.0,8915,1.671756,1.671756
2026-09-24T12:47:26.018304,2320,5.0,8901,1.669102,1.669102
2026-09-24T12:47:26.018874,2328,5.0,8894,1.667786,1.667786
2026-09-24T12:47:26.019453,2336,5.0,8926,1.673822,1.673822
2026-09-24T12:47:26.020024,2344,5.0,8887,1.666520,1.666520
2026-09-24T12:47:26.020594,2352,5.0,8909,1.670592,1.670592
2026-09-24T12:47:26.021165,2360,5.0,8919,1.672394,1.672394
2026-09-24T12:47:26.021735,2368,5.0,8924,1.673347,1.673347
2026-09-24T12:47:26.022305,2376,5.0,8905,1.669819,1.669819
2026-09-24T12:47:26.022874,2384,5.0,8903,1.669377,1.669377
2026-09-24T12:47:26.023444,2392,5.0,8922,1.673062,1.673062
2026-09-24T12:47:26.024013,2400,5.0,8912,1.671167,1.671167
2026-09-24T12:47:26.024592,2408,5.0,8925,1.673605,1.673605
2026-09-24T12:47:26.025200,2416,5.0,8909,1.670648,1.670648
2026-09-24T12:47:26.025835,2424,5.0,8886,1.666301,1.666301
2026-09-24T12:47:26.026600,2432,5.0,8909,1.670523,1.670523
2026-09-24T12:47:26.027220,2440,5.0,8901,1.669059,1.669059
2026-09-24T12:47:26.027801,2448,5.0,8894,1.667806,1.667806
2026-09-24T12:47:26.028377,2456,5.0,8928,1.674095,1.674095
2026-09-24T12:47:26.028953,2464,5.0,8908,1.670360,1.670360
2026-09-24T12:47:26.029528,2472,5.0,8892,1.667423,1.667423
2026-09-24T12:47:26.030106,2480,5.0,8916,1.671930,1.671930
2026-09-24T12:47:26.030681,2488,5.0,8906,1.670046,1.670046
2026-09-24T12:47:26.031255,2496,5.0,8888,1.666622,1.666622
2026-09-24T12:47:26.031829,2504,5.0,8897,1.668265,1.668265
2026-09-24T12:47:26.032404,2512,5.0,8906,1.670078,1.670078
2026-09-24T12:47:26.032978,2520,5.0,8906,1.669964,1.669964
2026-09-24T12:47:26.033552,2528,5.0,8912,1.671082,1.671082
2026-09-24T12:47:26.034168,2536,5.0,8917,1.672135,1.672135
2026-09-24T12:47:26.034760,2544,5.0,8902,1.669242,1.669242
2026-09-24T12:47:26.035335,2552,5.0,8896,1.668107,1.668107
2026-09-24T12:47:26.035910,2560,5.0,8915,1.671664,1.671664
2026-09-24T12:47:26.036485,2568,5.0,8909,1.670588,1.670588
2026-09-24T12:47:26.037060,2576,5.0,8929,1.674257,1.674257
2026-09-24T12:47:26.037634,2584,5.0,8906,1.670090,1.670090
2026-09-24T12:47:26.038209,2592,5.0,8890,1.667074,1.667074
2026-09-24T12:47:26.038783,2600,5.0,8923,1.673289,1.673289
2026-09-24T12:47:26.039357,2608,5.0,8925,1.673630,1.673630
2026-09-24T12:47:26.039932,2616,5.0,8926,1.673741,1.673741
2026-09-24T12:47:26.040506,2624,5.0,8912,1.671065,1.671065
2026-09-24T12:47:26.041081,2632,5.0,8911,1.670947,1.670947
2026-09-24T12:47:26.041655,2640,5.0,8909,1.670576,1.670576
2026-09-24T12:47:26.042230,2648,5.0,8919,1.672497,1.672497
2026-09-24T12:47:26.042849,2656,5.0,8900,1.668874,1.668874
2026-09-24T12:47:26.043461,2664,5.0,8929,1.674325,1.674325
2026-09-24T12:47:26.044055,2672,5.0,8900,1.668916,1.668916
2026-09-24T12:47:26.044636,2680,5.0,8914,1.671468,1.671468
2026-09-24T12:47:26.045214,2688,5.0,8914,1.671597,1.671597
2026-09-24T12:47:26.045792,2696,5.0,8906,1.670032,1.670032
2026-09-24T12:47:26.046370,2704,5.0,8878,1.664727,1.664727
2026-09-24T12:47:26.046946,2712,5.0,8904,1.669737,1.669737
2026-09-24T12:47:26.047521,2720,5.0,8901,1.669067,1.669067
2026-09-24T12:47:26.048096,2728,5.0,8906,1.670057,1.670057
2026-09-24T12:47:26.048670,2736,5.0,8889,1.666784,1.666784
2026-09-24T12:47:26.049244,2744,5.0,8905,1.669904,1.669904
2026-09-24T12:47:26.049819,2752,5.0,8898,1.668447,1.668447
2026-09-24T12:47:26.050394,2760,5.0,8895,1.667872,1.667872
2026-09-24T12:47:26.050967,2768,5.0,8918,1.672265,1.672265
2026-09-24T12:47:26.051535,2776,5.0,8924,1.673310,1.673310
2026-09-24T12:47:26.052100,2784,5.0,8922,1.672970,1.672970
2026-09-24T12:47:26.052663,2792,5.0,8926,1.673776,1.673776
2026-09-24T12:47:26.053226,2800,5.0,8913,1.671376,1.671376
2026-09-24T12:47:26.053801,2808,5.0,8926,1.673735,1.673735
2026-09-24T12:47:26.054369,2816,5.0,8912,1.671223,1.671223
2026-09-24T12:47:26.054937,2824,5.0,8923,1.673167,1.673167
2026-09-24T12:47:26.055498,2832,5.0,8901,1.669051,1.669051
2026-09-24T12:47:26.056059,2840,5.0,8906,1.670107,1.670107
2026-09-24T12:47:26.056626,2848,5.0,8906,1.669993,1.669993
2026-09-24T12:47:26.057187,2856,5.0,8913,1.671382,1.671382
2026-09-24T12:47:26.057757,2864,5.0,8909,1.670673,1.670673
2026-09-24T12:47:26.058343,2872,5.0,8898,1.668458,1.668458
2026-09-24T12:47:26.059681,2880,5.0,8937,1.675910,1.675910
2026-09-24T12:47:26.060315,2888,5.0,8901,1.669056,1.669056
2026-09-24T12:47:26.060911,2896,5.0,8919,1.672503,1.672503
2026-09-24T12:47:26.061496,2904,5.0,8905,1.669882,1.669882
2026-09-24T12:47:26.062083,2912,5.0,8894,1.667796,1.667796
2026-09-24T12:47:26.062674,2920,5.0,8900,1.668905,1.668905
2026-09-24T12:47:26.063269,2928,5.0,8930,1.674556,1.674556
2026-09-24T12:47:26.063857,2936,5.0,8899,1.668674,1.668674
2026-09-24T12:47:26.064460,2944,5.0,8934,1.675225,1.675225
2026-09-24T12:47:26.065042,2952,5.0,8909,1.670552,1.670552
2026-09-24T12:47:26.065631,2960,5.0,8916,1.671843,1.671843
2026-09-24T12:47:26.066225,2968,5.0,8934,1.675346,1.675346
2026-09-24T12:47:26.066809,2976,5.0,8918,1.672229,1.672229
2026-09-24T12:47:26.067392,2984,5.0,8941,1.676493,1.676493
2026-09-24T12:47:26.067975,2992,5.0,8924,1.673421,1.673421
2026-09-24T12:47:26.068567,3000,5.0,8889,1.666770,1.666770
2026-09-24T12:47:26.069150,3008,5.0,8918,1.672255,1.672255
2026-09-24T12:47:26.069734,3016,5.0,8902,1.669209,1.669209
2026-09-24T12:47:26.070317,3024,5.0,8927,1.673923,1.673923
2026-09-24T12:47:26.070900,3032,5.0,8910,1.670683,1.670683
2026-09-24T12:47:26.071483,3040,5.0,8914,1.671554,1.671554
2026-09-24T12:47:26.072066,3048,5.0,8921,1.672806,1.672806
2026-09-24T12:47:26.072650,3056,5.0,8909,1.670671,1.670671
2026-09-24T12:47:26.073242,3064,5.0,8926,1.673761,1.673761
2026-09-24T12:47:26.073825,3072,5.0,8923,1.673165,1.673165
2026-09-24T12:47:26.074408,3080,5.0,8919,1.672495,1.672495
2026-09-24T12:47:26.074991,3088,5.0,8904,1.669643,1.669643
2026-09-24T12:47:26.075581,3096,5.0,8902,1.669356,1.669356
2026-09-24T12:47:26.076279,3104,5.0,8922,1.672954,1.672954
2026-09-24T12:47:26.076946,3112,5.0,8894,1.667712,1.667712
2026-09-24T12:47:26.077563,3120,5.0,8934,1.675335,1.675335
2026-09-24T12:47:26.078162,3128,5.0,8909,1.670664,1.670664
2026-09-24T12:47:26.078748,3136,5.0,8885,1.666067,1.666067
2026-09-24T12:47:26.079334,3144,5.0,8909,1.670496,1.670496
2026-09-24T12:47:26.079931,3152,5.0,8933,1.675066,1.675066
2026-09-24T12:47:26.080522,3160,5.0,8899,1.668633,1.668633
2026-09-24T12:47:26.081107,3168,5.0,8897,1.668372,1.668372
2026-09-24T12:47:26.081690,3176,5.0,8933,1.675127,1.675127
2026-09-24T12:47:26.082274,3184,5.0,8912,1.671160,1.671160
2026-09-24T12:47:26.082857,3192,5.0,8915,1.671739,1.671739
2026-09-24T12:47:26.083440,3200,5.0,8939,1.676167,1.676167
2026-09-24T12:47:26.084034,3208,5.0,8915,1.671793,1.671793
2026-09-24T12:47:26.084626,3216,5.0,8894,1.667782,1.667782
2026-09-24T12:47:26.085219,3224,5.0,8925,1.673573,1.673573
2026-09-24T12:47:26.085802,3232,5.0,8915,1.671698,1.671698
2026-09-24T12:47:26.086395,3240,5.0,8914,1.671574,1.671574
2026-09-24T12:47:26.086987,3248,5.0,8907,1.670265,1.670265
2026-09-24T12:47:26.087580,3256,5.0,8908,1.670372,1.670372
2026-09-24T12:47:26.088164,3264,5.0,8928,1.674183,1.674183
2026-09-24T12:47:26.088747,3272,5.0,8926,1.673676,1.673676
2026-09-24T12:47:26.089334,3280,5.0,8904,1.669706,1.669706
2026-09-24T12:47:26.089926,3288,5.0,8912,1.671113,1.671113
2026-09-24T12:47:26.090510,3296,5.0,8908,1.670422,1.670422
2026-09-24T12:47:26.091102,3304,5.0,8916,1.671939,1.671939
2026-09-24T12:47:26.091687,3312,5.0,8911,1.671029,1.671029
2026-09-24T12:47:26.092294,3320,5.0,8908,1.670376,1.670376
2026-09-24T12:47:26.092921,3328,5.0,8911,1.670865,1.670865
2026-09-24T12:47:26.093562,3336,5.0,8897,1.668404,1.668404
2026-09-24T12:47:26.094151,3344,5.0,8926,1.673772,1.673772
2026-09-24T12:47:26.094732,3352,5.0,8916,1.671832,1.671832
2026-09-24T12:47:26.095345,3360,5.0,8905,1.669802,1.669802
2026-09-24T12:47:26.095945,3368,5.0,8934,1.675335,1.675335
2026-09-24T12:47:26.096525,3376,5.0,8906,1.670094,1.670094
2026-09-24T12:47:26.097102,3384,5.0,8924,1.673402,1.673402
2026-09-24T12:47:26.097676,3392,5.0,8902,1.669362,1.669362
2026-09-24T12:47:26.098252,3400,5.0,8915,1.671789,1.671789
2026-09-24T12:47:26.098826,3408,5.0,8919,1.672446,1.672446
2026-09-24T12:47:26.099401,3416,5.0,8907,1.670260,1.670260
2026-09-24T12:47:26.099975,3424,5.0,8901,1.669149,1.669149
2026-09-24T12:47:26.100551,3432,5.0,8905,1.669823,1.669823
2026-09-24T12:47:26.101125,3440,5.0,8911,1.671034,1.671034
2026-09-24T12:47:26.101700,3448,5.0,8897,1.668396,1.668396
2026-09-24T12:47:26.102276,3456,5.0,8920,1.672554,1.672554
2026-09-24T12:47:26.102850,3464,5.0,8907,1.670256,1.670256
2026-09-24T12:47:26.103425,3472,5.0,8904,1.669614,1.669614
2026-09-24T12:47:26.104001,3480,5.0,8896,1.668153,1.668153
2026-09-24T12:47:26.104575,3488,5.0,8910,1.670799,1.670799
2026-09-24T12:47:26.105150,3496,5.0,8930,1.674537,1.674537
2026-09-24T12:47:26.105724,3504,5.0,8920,1.672567,1.672567
2026-09-24T12:47:26.106300,3512,5.0,8917,1.672072,1.672072
2026-09-24T12:47:26.106875,3520,5.0,8898,1.668582,1.668582
2026-09-24T12:47:26.107450,3528,5.0,8893,1.667650,1.667650
2026-09-24T12:47:26.108025,3536,5.0,8923,1.673149,1.673149
2026-09-24T12:47:26.108600,3544,5.0,8922,1.672944,1.672944
2026-09-24T12:47:26.109271,3552,5.0,8889,1.666849,1.666849
2026-09-24T12:47:26.109896,3560,5.0,8941,1.676589,1.676589
2026-09-24T12:47:26.110546,3568,5.0,8897,1.668377,1.668377
2026-09-24T12:47:26.111134,3576,5.0,8923,1.673224,1.673224
2026-09-24T12:47:26.111706,3584,5.0,8893,1.667659,1.667659
2026-09-24T12:47:26.112280,3592,5.0,8908,1.670480,1.670480
2026-09-24T12:47:26.112847,3600,5.0,8906,1.670105,1.670105
2026-09-24T12:47:26.113425,3608,5.0,8898,1.668547,1.668547
2026-09-24T12:47:26.113988,3616,5.0,8908,1.670313,1.670313
2026-09-24T12:47:26.114552,3624,5.0,8938,1.676031,1.676031
2026-09-24T12:47:26.115121,3632,5.0,8905,1.669854,1.669854
2026-09-24T12:47:26.115682,3640,5.0,8916,1.671801,1.671801
2026-09-24T12:47:26.116245,3648,5.0,8926,1.673800,1.673800
2026-09-24T12:47:26.116815,3656,5.0,8898,1.668587,1.668587
2026-09-24T12:47:26.117385,3664,5.0,8904,1.669630,1.669630
2026-09-24T12:47:26.117957,3672,5.0,8904,1.669681,1.669681
2026-09-24T12:47:26.118538,3680,5.0,8922,1.672944,1.672944
2026-09-24T12:47:26.119123,3688,5.0,8901,1.669038,1.669038
2026-09-24T12:47:26.119754,3696,5.0,8908,1.670302,1.670302
2026-09-24T12:47:26.120376,3704,5.0,8922,1.673056,1.673056
2026-09-24T12:47:26.120957,3712,5.0,8909,1.670661,1.670661
2026-09-24T12:47:26.121545,3720,5.0,8907,1.670204,1.670204
2026-09-24T12:47:26.122132,3728,5.0,8916,1.671962,1.671962
2026-09-24T12:47:26.122714,3736,5.0,8926,1.673822,1.673822
2026-09-24T12:47:26.123295,3744,5.0,8919,1.672411,1.672411
2026-09-24T12:47:26.123876,3752,5.0,8925,1.673626,1.673626
2026-09-24T12:47:26.124455,3760,5.0,8918,1.672300,1.672300
2026-09-24T12:47:26.125034,3768,5.0,8937,1.675838,1.675838
2026-09-24T12:47:26.125756,3776,5.0,8902,1.669181,1.669181
2026-09-24T12:47:26.126499,3784,5.0,8917,1.672121,1.672121
2026-09-24T12:47:26.127123,3792,5.0,8919,1.672545,1.672545
2026-09-24T12:47:26.127717,3800,5.0,8908,1.670319,1.670319
2026-09-24T12:47:26.128298,3808,5.0,8915,1.671626,1.671626
2026-09-24T12:47:26.128877,3816,5.0,8918,1.672289,1.672289
2026-09-24T12:47:26.129453,3824,5.0,8916,1.671905,1.671905
2026-09-24T12:47:26.130030,3832,5.0,8931,1.674631,1.674631
2026-09-24T12:47:26.130606,3840,5.0,8890,1.666943,1.666943
2026-09-24T12:47:26.131182,3848,5.0,8916,1.671919,1.671919
2026-09-24T12:47:26.131757,3856,5.0,8912,1.671232,1.671232
2026-09-24T12:47:26.132339,3864,5.0,8933,1.675121,1.675121
2026-09-24T12:47:26.132914,3872,5.0,8888,1.666640,1.666640
2026-09-24T12:47:26.133489,3880,5.0,8910,1.670680,1.670680
2026-09-24T12:47:26.134064,3888,5.0,8910,1.670798,1.670798
2026-09-24T12:47:26.134639,3896,5.0,8909,1.670613,1.670613
2026-09-24T12:47:26.135215,3904,5.0,8918,1.672275,1.672275
2026-09-24T12:47:26.135796,3912,5.0,8904,1.669558,1.669558
2026-09-24T12:47:26.136376,3920,5.0,8925,1.673655,1.673655
2026-09-24T12:47:26.136951,3928,5.0,8921,1.672793,1.672793
2026-09-24T12:47:26.137525,3936,5.0,8925,1.673631,1.673631
2026-09-24T12:47:26.138100,3944,5.0,8905,1.669899,1.669899
2026-09-24T12:47:26.138675,3952,5.0,8911,1.671004,1.671004
2026-09-24T12:47:26.139250,3960,5.0,8903,1.669400,1.669400
2026-09-24T12:47:26.139824,3968,5.0,8911,1.670993,1.670993
2026-09-24T12:47:26.140399,3976,5.0,8917,1.672071,1.672071
2026-09-24T12:47:26.141025,3984,5.0,8898,1.668546,1.668546
2026-09-24T12:47:26.141644,3992,5.0,8894,1.667785,1.667785
2026-09-24T12:47:26.142272,4000,5.0,8938,1.676016,1.676016
2026-09-24T12:47:26.142963,4008,5.0,8900,1.668804,1.668804
2026-09-24T12:47:26.143600,4016,5.0,8909,1.670554,1.670554
2026-09-24T12:47:26.144190,4024,5.0,8902,1.669318,1.669318
2026-09-24T12:47:26.144770,4032,5.0,8908,1.670445,1.670445
2026-09-24T12:47:26.145348,4040,5.0,8909,1.670668,1.670668
2026-09-24T12:47:26.145925,4048,5.0,8917,1.672173,1.672173
2026-09-24T12:47:26.146504,4056,5.0,8920,1.672610,1.672610
2026-09-24T12:47:26.147080,4064,5.0,8915,1.671742,1.671742
2026-09-24T12:47:26.147655,4072,5.0,8910,1.670778,1.670778
2026-09-24T12:47:26.148229,4080,5.0,8883,1.665719,1.665719
2026-09-24T12:47:26.148803,4088,5.0,8904,1.669650,1.669650
2026-09-24T12:47:26.149379,4096,5.0,8901,1.669107,1.669107
2026-09-24T12:47:26.149955,4104,5.0,8904,1.669735,1.669735
2026-09-24T12:47:26.150529,4112,5.0,8912,1.671175,1.671175
2026-09-24T12:47:26.151104,4120,5.0,8928,1.674114,1.674114
2026-09-24T12:47:26.151678,4128,5.0,8896,1.668187,1.668187
2026-09-24T12:47:26.152253,4136,5.0,8927,1.673910,1.673910
2026-09-24T12:47:26.152828,4144,5.0,8903,1.669374,1.669374
2026-09-24T12:47:26.153403,4152,5.0,8915,1.671732,1.671732
2026-09-24T12:47:26.153978,4160,5.0,8890,1.667076,1.667076
2026-09-24T12:47:26.154553,4168,5.0,8902,1.669315,1.669315
2026-09-24T12:47:26.155128,4176,5.0,8908,1.670457,1.670457
2026-09-24T12:47:26.155703,4184,5.0,8929,1.674385,1.674385
2026-09-24T12:47:26.156327,4192,5.0,8897,1.668294,1.668294
2026-09-24T12:47:26.156928,4200,5.0,8927,1.674004,1.674004
2026-09-24T12:47:26.157503,4208,5.0,8900,1.668863,1.668863
2026-09-24T12:47:26.158078,4216,5.0,8899,1.668703,1.668703
2026-09-24T12:47:26.158652,4224,5.0,8928,1.674140,1.674140
2026-09-24T12:47:26.159248,4232,5.0,8930,1.674527,1.674527
2026-09-24T12:47:26.159836,4240,5.0,8945,1.677256,1.677256
2026-09-24T12:47:26.160449,4248,5.0,8921,1.672882,1.672882
2026-09-24T12:47:26.161028,4256,5.0,8911,1.670999,1.670999
2026-09-24T12:47:26.161606,4264,5.0,8911,1.671009,1.671009
2026-09-24T12:47:26.162182,4272,5.0,8908,1.670388,1.670388
2026-09-24T12:47:26.162759,4280,5.0,8922,1.673050,1.673050
2026-09-24T12:47:26.163335,4288,5.0,8895,1.668039,1.668039
2026-09-24T12:47:26.163911,4296,5.0,8929,1.674368,1.674368
2026-09-24T12:47:26.164487,4304,5.0,8921,1.672806,1.672806
2026-09-24T12:47:26.165062,4312,5.0,8914,1.671503,1.671503
2026-09-24T12:47:26.165636,4320,5.0,8923,1.673240,1.673240
2026-09-24T12:47:26.166212,4328,5.0,8911,1.671031,1.671031
2026-09-24T12:47:26.166786,4336,5.0,8891,1.667193,1.667193
2026-09-24T12:47:26.167361,4344,5.0,8885,1.666107,1.666107
2026-09-24T12:47:26.167935,4352,5.0,8904,1.669564,1.669564
2026-09-24T12:47:26.168510,4360,5.0,8908,1.670473,1.670473
2026-09-24T12:47:26.169084,4368,5.0,8898,1.668573,1.668573
2026-09-24T12:47:26.169665,4376,5.0,8932,1.674973,1.674973
2026-09-24T12:47:26.170240,4384,5.0,8946,1.677600,1.677600
2026-09-24T12:47:26.170815,4392,5.0,8906,1.670031,1.670031
2026-09-24T12:47:26.171390,4400,5.0,8904,1.669664,1.669664
2026-09-24T12:47:26.172000,4408,5.0,8914,1.671487,1.671487
2026-09-24T12:47:26.172602,4416,5.0,8909,1.670568,1.670568
2026-09-24T12:47:26.173184,4424,5.0,8932,1.674886,1.674886
2026-09-24T12:47:26.173756,4432,5.0,8918,1.672329,1.672329
2026-09-24T12:47:26.174331,4440,5.0,8923,1.673146,1.673146
2026-09-24T12:47:26.174897,4448,5.0,8892,1.667347,1.667347
2026-09-24T12:47:26.175482,4456,5.0,8884,1.665826,1.665826
2026-09-24T12:47:26.176055,4464,5.0,8893,1.667497,1.667497
2026-09-24T12:47:26.176647,4472,5.0,8924,1.673340,1.673340
2026-09-24T12:47:26.177238,4480,5.0,8891,1.667205,1.667205
2026-09-24T12:47:26.177808,4488,5.0,8887,1.666394,1.666394
2026-09-24T12:47:26.178376,4496,5.0,8912,1.671192,1.671192
2026-09-24T12:47:26.178941,4504,5.0,8906,1.670102,1.670102
2026-09-24T12:47:26.179519,4512,5.0,8882,1.665570,1.665570
2026-09-24T12:47:26.180097,4520,5.0,8919,1.672540,1.672540
2026-09-24T12:47:26.180675,4528,5.0,8905,1.669813,1.669813
2026-09-24T12:47:26.181252,4536,5.0,8904,1.669713,1.669713
2026-09-24T12:47:26.181828,4544,5.0,8929,1.674408,1.674408
2026-09-24T12:47:26.182405,4552,5.0,8901,1.669062,1.669062
2026-09-24T12:47:26.182981,4560,5.0,8916,1.671839,1.671839
2026-09-24T12:47:26.183556,4568,5.0,8902,1.669346,1.669346
2026-09-24T12:47:26.184131,4576,5.0,8914,1.671532,1.671532
2026-09-24T12:47:26.184706,4584,5.0,8906,1.670051,1.670051
2026-09-24T12:47:26.185296,4592,5.0,8930,1.674471,1.674471
2026-09-24T12:47:26.185872,4600,5.0,8933,1.675049,1.675049
2026-09-24T12:47:26.186446,4608,5.0,8922,1.673085,1.673085
2026-09-24T12:47:26.187119,4616,5.0,8904,1.669618,1.669618
2026-09-24T12:47:26.187718,4624,5.0,8937,1.675882,1.675882
2026-09-24T12:47:26.188294,4632,5.0,8934,1.675302,1.675302
2026-09-24T12:47:26.188868,4640,5.0,8888,1.666678,1.666678
2026-09-24T12:47:26.189443,4648,5.0,8928,1.674203,1.674203
2026-09-24T12:47:26.190017,4656,5.0,8901,1.669148,1.669148
2026-09-24T12:47:26.190593,4664,5.0,8923,1.673261,1.673261
2026-09-24T12:47:26.191167,4672,5.0,8900,1.668951,1.668951
2026-09-24T12:47:26.191742,4680,5.0,8912,1.671091,1.671091
2026-09-24T12:47:26.192312,4688,5.0,8917,1.672141,1.672141
2026-09-24T12:47:26.193037,4696,5.0,8921,1.672759,1.672759
2026-09-24T12:47:26.193624,4704,5.0,8918,1.672267,1.672267
2026-09-24T12:47:26.194208,4712,5.0,8902,1.669177,1.669177
2026-09-24T12:47:26.194793,4720,5.0,8904,1.669574,1.669574
2026-09-24T12:47:26.195372,4728,5.0,8920,1.672725,1.672725
2026-09-24T12:47:26.195950,4736,5.0,8910,1.670819,1.670819
2026-09-24T12:47:26.196527,4744,5.0,8931,1.674625,1.674625
2026-09-24T12:47:26.197105,4752,5.0,8894,1.667799,1.667799
2026-09-24T12:47:26.197681,4760,5.0,8934,1.675277,1.675277
2026-09-24T12:47:26.198255,4768,5.0,8909,1.670524,1.670524
2026-09-24T12:47:26.198830,4776,5.0,8911,1.670897,1.670897
2026-09-24T12:47:26.199405,4784,5.0,8906,1.670021,1.670021
2026-09-24T12:47:26.199980,4792,5.0,8915,1.671707,1.671707
2026-09-24T12:47:26.200555,4800,5.0,8917,1.672115,1.672115
2026-09-24T12:47:26.762751,808,10.0,9000,1.687737,1.687737
2026-09-24T12:47:26.763372,816,10.0,9051,1.697257,1.697257
2026-09-24T12:47:26.763964,824,10.0,9017,1.690896,1.690896
2026-09-24T12:47:26.764568,832,10.0,9033,1.693873,1.693873
2026-09-24T12:47:26.765154,840,10.0,9038,1.694838,1.694838
2026-09-24T12:47:26.765732,848,10.0,9021,1.691538,1.691538
2026-09-24T12:47:26.766309,856,10.0,9041,1.695390,1.695390
2026-09-24T12:47:26.766901,864,10.0,9034,1.693994,1.693994
2026-09-24T12:47:26.767573,872,10.0,9018,1.690987,1.690987
2026-09-24T12:47:26.768163,880,10.0,9029,1.693083,1.693083
2026-09-24T12:47:26.768762,888,10.0,9031,1.693381,1.693381
2026-09-24T12:47:26.769355,896,10.0,9005,1.688669,1.688669
2026-09-24T12:47:26.769938,904,10.0,9015,1.690428,1.690428
2026-09-24T12:47:26.770520,912,10.0,9006,1.688861,1.688861
2026-09-24T12:47:26.771103,920,10.0,9039,1.694932,1.694932
2026-09-24T12:47:26.771685,928,10.0,9037,1.694527,1.694527
2026-09-24T12:47:26.772267,936,10.0,9010,1.689571,1.689571
2026-09-24T12:47:26.772849,944,10.0,9024,1.692083,1.692083
2026-09-24T12:47:26.773430,952,10.0,9031,1.693514,1.693514
2026-09-24T12:47:26.774011,960,10.0,9030,1.693248,1.693248
2026-09-24T12:47:26.774592,968,10.0,9027,1.692737,1.692737
2026-09-24T12:47:26.775173,976,10.0,9048,1.696639,1.696639
2026-09-24T12:47:26.775754,984,10.0,9023,1.691872,1.691872
2026-09-24T12:47:26.776361,992,10.0,9022,1.691794,1.691794
2026-09-24T12:47:26.776969,1000,10.0,9028,1.692823,1.692823
2026-09-24T12:47:26.777552,1008,10.0,9027,1.692645,1.692645
2026-09-24T12:47:26.778712,1016,10.0,9039,1.695001,1.695001
2026-09-24T12:47:26.779419,1024,10.0,9020,1.691410,1.691410
2026-09-24T12:47:26.780024,1032,10.0,9039,1.695020,1.695020
2026-09-24T12:47:26.780617,1040,10.0,9012,1.689885,1.689885
2026-09-24T12:47:26.781199,1048,10.0,9037,1.694520,1.694520
2026-09-24T12:47:26.781775,1056,10.0,9034,1.694007,1.694007
2026-09-24T12:47:26.782354,1064,10.0,9026,1.692604,1.692604
2026-09-24T12:47:26.783014,1072,10.0,9035,1.694120,1.694120
2026-09-24T12:47:26.783590,1080,10.0,9034,1.693984,1.693984
2026-09-24T12:47:26.784172,1088,10.0,9012,1.689973,1.689973
2026-09-24T12:47:26.784754,1096,10.0,9001,1.687819,1.687819
2026-09-24T12:47:26.785335,1104,10.0,9019,1.691251,1.691251
2026-09-24T12:47:26.785939,1112,10.0,8992,1.686216,1.686216
2026-09-24T12:47:26.786534,1120,10.0,9008,1.689106,1.689106
2026-09-24T12:47:26.787130,1128,10.0,9016,1.690684,1.690684
2026-09-24T12:47:26.787726,1136,10.0,9011,1.689711,1.689711
2026-09-24T12:47:26.788330,1144,10.0,9015,1.690463,1.690463
2026-09-24T12:47:26.788926,1152,10.0,9009,1.689259,1.689259
2026-09-24T12:47:26.789523,1160,10.0,9018,1.690990,1.690990
2026-09-24T12:47:26.790119,1168,10.0,9033,1.693768,1.693768
2026-09-24T12:47:26.790716,1176,10.0,9022,1.691705,1.691705
2026-09-24T12:47:26.791312,1184,10.0,9024,1.692119,1.692119
2026-09-24T12:47:26.791910,1192,10.0,9043,1.695715,1.695715
2026-09-24T12:47:26.792506,1200,10.0,9014,1.690261,1.690261
2026-09-24T12:47:26.793116,1208,10.0,9057,1.698390,1.698390
2026-09-24T12:47:26.793713,1216,10.0,8988,1.685377,1.685377
2026-09-24T12:47:26.794309,1224,10.0,9016,1.690703,1.690703
2026-09-24T12:47:26.794922,1232,10.0,9018,1.691000,1.691000
2026-09-24T12:47:26.795705,1240,10.0,9010,1.689460,1.689460
2026-09-24T12:47:26.796316,1248,10.0,9028,1.692852,1.692852
2026-09-24T12:47:26.796917,1256,10.0,9027,1.692707,1.692707
2026-09-24T12:47:26.797516,1264,10.0,9035,1.694286,1.694286
2026-09-24T12:47:26.798179,1272,10.0,9008,1.689063,1.689063
2026-09-24T12:47:26.798789,1280,10.0,9029,1.693096,1.693096
2026-09-24T12:47:26.799387,1288,10.0,9036,1.694474,1.694474
2026-09-24T12:47:26.799984,1296,10.0,9009,1.689272,1.689272
2026-09-24T12:47:26.800580,1304,10.0,9038,1.694763,1.694763
2026-09-24T12:47:26.801177,1312,10.0,9026,1.692569,1.692569
2026-09-24T12:47:26.801774,1320,10.0,9032,1.693667,1.693667
2026-09-24T12:47:26.802372,1328,10.0,9027,1.692633,1.692633
2026-09-24T12:47:26.802968,1336,10.0,9009,1.689381,1.689381
2026-09-24T12:47:26.803557,1344,10.0,9033,1.693784,1.693784
2026-09-24T12:47:26.804584,1352,10.0,9032,1.693621,1.693621
2026-09-24T12:47:26.805186,1360,10.0,9023,1.691998,1.691998
2026-09-24T12:47:26.805781,1368,10.0,9030,1.693294,1.693294
2026-09-24T12:47:26.806384,1376,10.0,9035,1.694231,1.694231
2026-09-24T12:47:26.806987,1384,10.0,9024,1.692125,1.692125
2026-09-24T12:47:26.807582,1392,10.0,9027,1.692668,1.692668
2026-09-24T12:47:26.808185,1400,10.0,9027,1.692684,1.692684
2026-09-24T12:47:26.808780,1408,10.0,9031,1.693445,1.693445
2026-09-24T12:47:26.809375,1416,10.0,9016,1.690661,1.690661
2026-09-24T12:47:26.809973,1424,10.0,9003,1.688287,1.688287
2026-09-24T12:47:26.810575,1432,10.0,9016,1.690729,1.690729
2026-09-24T12:47:26.811266,1440,10.0,9014,1.690335,1.690335
2026-09-24T12:47:26.811965,1448,10.0,9008,1.689169,1.689169
2026-09-24T12:47:26.812599,1456,10.0,9015,1.690420,1.690420
2026-09-24T12:47:26.813217,1464,10.0,9026,1.692473,1.692473
2026-09-24T12:47:26.813825,1472,10.0,9034,1.693975,1.693975
2026-09-24T12:47:26.814425,1480,10.0,9023,1.691975,1.691975
2026-09-24T12:47:26.815050,1488,10.0,9033,1.693882,1.693882
2026-09-24T12:47:26.815674,1496,10.0,9031,1.693392,1.693392
2026-09-24T12:47:26.816298,1504,10.0,9031,1.693498,1.693498
2026-09-24T12:47:26.816922,1512,10.0,9016,1.690684,1.690684
2026-09-24T12:47:26.817546,1520,10.0,9038,1.694729,1.694729
2026-09-24T12:47:26.818170,1528,10.0,9034,1.694037,1.694037
2026-09-24T12:47:26.818930,1536,10.0,9027,1.692773,1.692773
2026-09-24T12:47:26.819561,1544,10.0,9036,1.694457,1.694457
2026-09-24T12:47:26.820190,1552,10.0,9016,1.690582,1.690582
2026-09-24T12:47:26.820816,1560,10.0,9042,1.695478,1.695478
2026-09-24T12:47:26.821439,1568,10.0,9007,1.688984,1.688984
2026-09-24T12:47:26.822064,1576,10.0,9037,1.694569,1.694569
2026-09-24T12:47:26.822689,1584,10.0,9020,1.691437,1.691437
2026-09-24T12:47:26.823313,1592,10.0,9020,1.691410,1.691410
2026-09-24T12:47:26.823938,1600,10.0,9035,1.694125,1.694125
2026-09-24T12:47:26.824583,1608,10.0,9013,1.690172,1.690172
2026-09-24T12:47:26.825207,1616,10.0,9013,1.690040,1.690040
2026-09-24T12:47:26.825831,1624,10.0,9019,1.691221,1.691221
2026-09-24T12:47:26.826455,1632,10.0,9059,1.698786,1.698786
2026-09-24T12:47:26.827080,1640,10.0,9021,1.691547,1.691547
2026-09-24T12:47:26.827703,1648,10.0,9029,1.693022,1.693022
2026-09-24T12:47:26.828373,1656,10.0,9016,1.690694,1.690694
2026-09-24T12:47:26.829098,1664,10.0,9048,1.696724,1.696724
2026-09-24T12:47:26.829751,1672,10.0,9026,1.692608,1.692608
2026-09-24T12:47:26.830425,1680,10.0,9010,1.689610,1.689610
2026-09-24T12:47:26.831091,1688,10.0,9027,1.692699,1.692699
2026-09-24T12:47:26.831720,1696,10.0,9017,1.690749,1.690749
2026-09-24T12:47:26.832345,1704,10.0,9002,1.688051,1.688051
2026-09-24T12:47:26.832969,1712,10.0,9033,1.693852,1.693852
2026-09-24T12:47:26.833594,1720,10.0,9035,1.694195,1.694195
2026-09-24T12:47:26.834218,1728,10.0,9029,1.693006,1.693006
2026-09-24T12:47:26.834842,1736,10.0,9018,1.691113,1.691113
2026-09-24T12:47:26.835465,1744,10.0,9021,1.691586,1.691586
2026-09-24T12:47:26.836090,1752,10.0,9039,1.694883,1.694883
2026-09-24T12:47:26.836713,1760,10.0,9027,1.692617,1.692617
2026-09-24T12:47:26.837337,1768,10.0,9032,1.693737,1.693737
2026-09-24T12:47:26.837964,1776,10.0,9028,1.692848,1.692848
2026-09-24T12:47:26.838589,1784,10.0,9004,1.688387,1.688387
2026-09-24T12:47:26.839252,1792,10.0,9021,1.691676,1.691676
2026-09-24T12:47:26.839939,1800,10.0,9022,1.691823,1.691823
2026-09-24T12:47:26.840622,1808,10.0,9011,1.689626,1.689626
2026-09-24T12:47:26.841340,1816,10.0,9011,1.689672,1.689672
2026-09-24T12:47:26.842029,1824,10.0,8997,1.687035,1.687035
2026-09-24T12:47:26.842731,1832,10.0,9004,1.688429,1.688429
2026-09-24T12:47:26.843423,1840,10.0,9036,1.694384,1.694384
2026-09-24T12:47:26.844255,1848,10.0,9034,1.694054,1.694054
2026-09-24T12:47:26.846716,1856,10.0,9040,1.695146,1.695146
2026-09-24T12:47:26.847419,1864,10.0,9017,1.690854,1.690854
2026-09-24T12:47:26.848093,1872,10.0,9017,1.690914,1.690914
2026-09-24T12:47:26.848750,1880,10.0,9035,1.694284,1.694284
2026-09-24T12:47:26.849391,1888,10.0,9031,1.693504,1.693504
2026-09-24T12:47:26.850026,1896,10.0,9007,1.688953,1.688953
2026-09-24T12:47:26.850658,1904,10.0,9015,1.690466,1.690466
2026-09-24T12:47:26.851290,1912,10.0,9019,1.691165,1.691165
2026-09-24T12:47:26.851943,1920,10.0,9007,1.689050,1.689050
2026-09-24T12:47:26.852620,1928,10.0,9018,1.691063,1.691063
2026-09-24T12:47:26.853296,1936,10.0,8992,1.686094,1.686094
2026-09-24T12:47:26.853957,1944,10.0,9016,1.690555,1.690555
2026-09-24T12:47:26.854614,1952,10.0,8995,1.686707,1.686707
2026-09-24T12:47:26.855289,1960,10.0,9025,1.692313,1.692313
2026-09-24T12:47:26.855987,1968,10.0,9033,1.693793,1.693793
2026-09-24T12:47:26.856643,1976,10.0,9049,1.696892,1.696892
2026-09-24T12:47:26.857311,1984,10.0,9007,1.689000,1.689000
2026-09-24T12:47:26.857973,1992,10.0,9016,1.690593,1.690593
2026-09-24T12:47:26.858650,2000,10.0,9029,1.693044,1.693044
2026-09-24T12:47:26.859486,2008,10.0,9051,1.697227,1.697227
2026-09-24T12:47:26.860160,2016,10.0,9037,1.694518,1.694518
2026-09-24T12:47:26.860832,2024,10.0,9025,1.692328,1.692328
2026-09-24T12:47:26.863153,2032,10.0,9030,1.693351,1.693351
2026-09-24T12:47:26.863882,2040,10.0,9045,1.696046,1.696046
2026-09-24T12:47:26.864601,2048,10.0,9011,1.689652,1.689652
2026-09-24T12:47:26.865566,2056,10.0,9015,1.690384,1.690384
2026-09-24T12:47:26.866360,2064,10.0,9000,1.687665,1.687665
2026-09-24T12:47:26.867046,2072,10.0,9024,1.692188,1.692188
2026-09-24T12:47:26.867951,2080,10.0,9040,1.695145,1.695145
2026-09-24T12:47:26.868650,2088,10.0,9027,1.692788,1.692788
2026-09-24T12:47:26.869330,2096,10.0,9007,1.688966,1.688966
2026-09-24T12:47:26.870016,2104,10.0,9016,1.690720,1.690720
2026-09-24T12:47:26.870671,2112,10.0,9010,1.689471,1.689471
2026-09-24T12:47:26.871333,2120,10.0,9042,1.695462,1.695462
2026-09-24T12:47:26.871970,2128,10.0,9018,1.690941,1.690941
2026-09-24T12:47:26.872808,2136,10.0,9027,1.692746,1.692746
2026-09-24T12:47:26.873490,2144,10.0,9034,1.694112,1.694112
2026-09-24T12:47:26.874175,2152,10.0,9020,1.691357,1.691357
2026-09-24T12:47:26.874759,2160,10.0,9013,1.690139,1.690139
2026-09-24T12:47:26.875334,2168,10.0,9026,1.692561,1.692561
2026-09-24T12:47:26.875922,2176,10.0,9013,1.690159,1.690159
2026-09-24T12:47:26.876523,2184,10.0,9023,1.692051,1.692051
2026-09-24T12:47:26.877103,2192,10.0,9018,1.691045,1.691045
2026-09-24T12:47:26.877680,2200,10.0,9024,1.692212,1.692212
2026-09-24T12:47:26.879438,2208,10.0,9034,1.694059,1.694059
2026-09-24T12:47:26.880096,2216,10.0,9028,1.692874,1.692874
2026-09-24T12:47:26.880678,2224,10.0,9042,1.695504,1.695504
2026-09-24T12:47:26.881255,2232,10.0,9028,1.692970,1.692970
2026-09-24T12:47:26.881827,2240,10.0,9014,1.690278,1.690278
2026-09-24T12:47:26.882401,2248,10.0,9019,1.691149,1.691149
2026-09-24T12:47:26.882987,2256,10.0,9022,1.691800,1.691800
2026-09-24T12:47:26.883574,2264,10.0,9048,1.696669,1.696669
2026-09-24T12:47:26.884145,2272,10.0,9029,1.693143,1.693143
2026-09-24T12:47:26.884730,2280,10.0,9044,1.695822,1.695822
2026-09-24T12:47:26.885342,2288,10.0,9022,1.691695,1.691695
2026-09-24T12:47:26.885914,2296,10.0,9010,1.689609,1.689609
2026-09-24T12:47:26.886540,2304,10.0,9037,1.694579,1.694579
2026-09-24T12:47:26.887121,2312,10.0,9022,1.691728,1.691728
2026-09-24T12:47:26.887695,2320,10.0,9023,1.691982,1.691982
2026-09-24T12:47:26.888266,2328,10.0,9021,1.691529,1.691529
2026-09-24T12:47:26.888840,2336,10.0,9015,1.690523,1.690523
2026-09-24T12:47:26.889413,2344,10.0,9024,1.692197,1.692197
2026-09-24T12:47:26.889985,2352,10.0,9007,1.688956,1.688956
2026-09-24T12:47:26.890557,2360,10.0,9011,1.689616,1.689616
2026-09-24T12:47:26.891128,2368,10.0,9052,1.697406,1.697406
2026-09-24T12:47:26.891698,2376,10.0,9013,1.690134,1.690134
2026-09-24T12:47:26.892278,2384,10.0,9031,1.693460,1.693460
2026-09-24T12:47:26.892870,2392,10.0,9044,1.695954,1.695954
2026-09-24T12:47:26.893442,2400,10.0,9044,1.695834,1.695834
2026-09-24T12:47:26.894028,2408,10.0,9015,1.690460,1.690460
2026-09-24T12:47:26.894606,2416,10.0,9027,1.692691,1.692691
2026-09-24T12:47:26.895945,2424,10.0,9015,1.690412,1.690412
2026-09-24T12:47:26.896566,2432,10.0,9021,1.691642,1.691642
2026-09-24T12:47:26.897148,2440,10.0,9032,1.693614,1.693614
2026-09-24T12:47:26.897728,2448,10.0,9021,1.691564,1.691564
2026-09-24T12:47:26.898297,2456,10.0,9007,1.689043,1.689043
2026-09-24T12:47:26.898864,2464,10.0,9040,1.695082,1.695082
2026-09-24T12:47:26.899431,2472,10.0,9017,1.690790,1.690790
2026-09-24T12:47:26.899996,2480,10.0,9034,1.694019,1.694019
2026-09-24T12:47:26.900560,2488,10.0,9004,1.688468,1.688468
2026-09-24T12:47:26.901122,2496,10.0,9025,1.692309,1.692309
2026-09-24T12:47:26.901684,2504,10.0,9009,1.689364,1.689364
2026-09-24T12:47:26.902247,2512,10.0,9015,1.690467,1.690467
2026-09-24T12:47:26.902809,2520,10.0,9009,1.689333,1.689333
2026-09-24T12:47:26.903396,2528,10.0,9028,1.692989,1.692989
2026-09-24T12:47:26.903959,2536,10.0,9026,1.692606,1.692606
2026-09-24T12:47:26.904521,2544,10.0,9027,1.692739,1.692739
2026-09-24T12:47:26.905082,2552,10.0,9045,1.696125,1.696125
2026-09-24T12:47:26.905644,2560,10.0,9014,1.690319,1.690319
2026-09-24T12:47:26.906206,2568,10.0,9009,1.689279,1.689279
2026-09-24T12:47:26.906768,2576,10.0,9026,1.692476,1.692476
2026-09-24T12:47:26.907330,2584,10.0,9021,1.691538,1.691538
2026-09-24T12:47:26.907892,2592,10.0,9063,1.699453,1.699453
2026-09-24T12:47:26.908453,2600,10.0,9050,1.696987,1.696987
2026-09-24T12:47:26.909014,2608,10.0,9010,1.689536,1.689536
2026-09-24T12:47:26.909581,2616,10.0,9029,1.693029,1.693029
2026-09-24T12:47:26.910146,2624,10.0,9046,1.696347,1.696347
2026-09-24T12:47:26.910820,2632,10.0,9028,1.692813,1.692813
2026-09-24T12:47:26.911386,2640,10.0,9016,1.690671,1.690671
2026-09-24T12:47:26.912104,2648,10.0,9005,1.688599,1.688599
2026-09-24T12:47:26.912862,2656,10.0,9019,1.691286,1.691286
2026-09-24T12:47:26.913502,2664,10.0,9030,1.693240,1.693240
2026-09-24T12:47:26.914095,2672,10.0,9021,1.691527,1.691527
2026-09-24T12:47:26.914657,2680,10.0,9022,1.691701,1.691701
2026-09-24T12:47:26.915219,2688,10.0,9019,1.691203,1.691203
2026-09-24T12:47:26.915781,2696,10.0,9017,1.690778,1.690778
2026-09-24T12:47:26.916343,2704,10.0,9001,1.687865,1.687865
2026-09-24T12:47:26.916925,2712,10.0,9040,1.695199,1.695199
2026-09-24T12:47:26.917495,2720,10.0,9034,1.694075,1.694075
2026-09-24T12:47:26.918065,2728,10.0,9036,1.694393,1.694393
2026-09-24T12:47:26.918626,2736,10.0,9022,1.691742,1.691742
2026-09-24T12:47:26.919188,2744,10.0,9026,1.692522,1.692522
2026-09-24T12:47:26.919751,2752,10.0,9029,1.693045,1.693045
2026-09-24T12:47:26.920312,2760,10.0,9006,1.688696,1.688696
2026-09-24T12:47:26.920897,2768,10.0,9027,1.692726,1.692726
2026-09-24T12:47:26.921468,2776,10.0,8990,1.685731,1.685731
2026-09-24T12:47:26.922033,2784,10.0,9041,1.695338,1.695338
2026-09-24T12:47:26.922599,2792,10.0,9031,1.693415,1.693415
2026-09-24T12:47:26.923165,2800,10.0,9014,1.690363,1.690363
2026-09-24T12:47:26.923742,2808,10.0,9033,1.693772,1.693772
2026-09-24T12:47:26.924308,2816,10.0,9049,1.696786,1.696786
2026-09-24T12:47:26.924872,2824,10.0,9040,1.695183,1.695183
2026-09-24T12:47:26.925436,2832,10.0,9020,1.691428,1.691428
2026-09-24T12:47:26.926106,2840,10.0,9027,1.692756,1.692756
2026-09-24T12:47:26.926686,2848,10.0,9009,1.689289,1.689289
2026-09-24T12:47:26.927269,2856,10.0,9030,1.693361,1.693361
2026-09-24T12:47:26.927878,2864,10.0,9035,1.694165,1.694165
2026-09-24T12:47:26.928462,2872,10.0,9038,1.694757,1.694757
2026-09-24T12:47:26.929114,2880,10.0,9023,1.691888,1.691888
2026-09-24T12:47:26.929757,2888,10.0,9029,1.693073,1.693073
2026-09-24T12:47:26.930335,2896,10.0,9031,1.693502,1.693502
2026-09-24T12:47:26.930913,2904,10.0,9019,1.691184,1.691184
2026-09-24T12:47:26.931478,2912,10.0,9011,1.689631,1.689631
2026-09-24T12:47:26.932043,2920,10.0,9012,1.689871,1.689871
2026-09-24T12:47:26.932607,2928,10.0,8987,1.685275,1.685275
2026-09-24T12:47:26.933171,2936,10.0,9024,1.692196,1.692196
2026-09-24T12:47:26.933735,2944,10.0,9024,1.692239,1.692239
2026-09-24T12:47:26.934301,2952,10.0,9007,1.688866,1.688866
2026-09-24T12:47:26.934870,2960,10.0,9032,1.693552,1.693552
2026-09-24T12:47:26.935434,2968,10.0,9006,1.688718,1.688718
2026-09-24T12:47:26.935996,2976,10.0,9025,1.692289,1.692289
2026-09-24T12:47:26.936576,2984,10.0,9045,1.695992,1.695992
2026-09-24T12:47:26.937142,2992,10.0,9013,1.690044,1.690044
2026-09-24T12:47:26.937705,3000,10.0,9038,1.694792,1.694792
2026-09-24T12:47:26.938304,3008,10.0,9028,1.692857,1.692857
2026-09-24T12:47:26.938867,3016,10.0,9040,1.695160,1.695160
2026-09-24T12:47:26.939429,3024,10.0,9009,1.689265,1.689265
2026-09-24T12:47:26.940009,3032,10.0,9024,1.692161,1.692161
2026-09-24T12:47:26.940580,3040,10.0,9032,1.693734,1.693734
2026-09-24T12:47:26.941200,3048,10.0,9017,1.690908,1.690908
2026-09-24T12:47:26.941764,3056,10.0,9036,1.694420,1.694420
2026-09-24T12:47:26.942345,3064,10.0,9009,1.689358,1.689358
2026-09-24T12:47:26.942935,3072,10.0,9027,1.692676,1.692676
2026-09-24T12:47:26.943507,3080,10.0,9008,1.689210,1.689210
2026-09-24T12:47:26.944086,3088,10.0,9022,1.691780,1.691780
2026-09-24T12:47:26.944660,3096,10.0,9041,1.695267,1.695267
2026-09-24T12:47:26.945638,3104,10.0,9036,1.694356,1.694356
2026-09-24T12:47:26.946548,3112,10.0,9042,1.695593,1.695593
2026-09-24T12:47:26.947160,3120,10.0,9035,1.694149,1.694149
2026-09-24T12:47:26.947738,3128,10.0,9009,1.689390,1.689390
2026-09-24T12:47:26.948313,3136,10.0,9032,1.693668,1.693668
2026-09-24T12:47:26.948886,3144,10.0,9032,1.693675,1.693675
2026-09-24T12:47:26.949465,3152,10.0,9005,1.688528,1.688528
2026-09-24T12:47:26.950041,3160,10.0,9039,1.694995,1.694995
2026-09-24T12:47:26.950611,3168,10.0,9014,1.690294,1.690294
2026-09-24T12:47:26.951181,3176,10.0,9018,1.691076,1.691076
2026-09-24T12:47:26.951759,3184,10.0,9030,1.693218,1.693218
2026-09-24T12:47:26.952339,3192,10.0,9026,1.692487,1.692487
2026-09-24T12:47:26.952915,3200,10.0,9024,1.692234,1.692234
2026-09-24T12:47:26.953492,3208,10.0,9034,1.693935,1.693935
2026-09-24T12:47:26.954057,3216,10.0,9030,1.693214,1.693214
2026-09-24T12:47:26.954630,3224,10.0,8992,1.686060,1.686060
2026-09-24T12:47:26.955192,3232,10.0,9020,1.691356,1.691356
2026-09-24T12:47:26.955753,3240,10.0,9034,1.694047,1.694047
2026-09-24T12:47:26.956551,3248,10.0,9020,1.691420,1.691420
2026-09-24T12:47:26.957144,3256,10.0,9012,1.689945,1.689945
2026-09-24T12:47:26.957740,3264,10.0,9031,1.693392,1.693392
2026-09-24T12:47:26.958337,3272,10.0,9029,1.693098,1.693098
2026-09-24T12:47:26.958937,3280,10.0,9043,1.695641,1.695641
2026-09-24T12:47:26.959514,3288,10.0,9003,1.688177,1.688177
2026-09-24T12:47:26.960084,3296,10.0,9027,1.692675,1.692675
2026-09-24T12:47:26.960654,3304,10.0,9024,1.692193,1.692193
2026-09-24T12:47:26.961223,3312,10.0,9011,1.689736,1.689736
2026-09-24T12:47:26.962683,3320,10.0,9010,1.689609,1.689609
2026-09-24T12:47:26.963378,3328,10.0,9024,1.692062,1.692062
2026-09-24T12:47:26.963959,3336,10.0,9001,1.687897,1.687897
2026-09-24T12:47:26.964534,3344,10.0,9043,1.695699,1.695699
2026-09-24T12:47:26.965106,3352,10.0,8985,1.684905,1.684905
2026-09-24T12:47:26.965677,3360,10.0,9043,1.695662,1.695662
2026-09-24T12:47:26.966248,3368,10.0,9023,1.691975,1.691975
2026-09-24T12:47:26.966819,3376,10.0,9052,1.697330,1.697330
2026-09-24T12:47:26.967389,3384,10.0,9022,1.691859,1.691859
2026-09-24T12:47:26.967959,3392,10.0,9031,1.693551,1.693551
2026-09-24T12:47:26.968535,3400,10.0,9023,1.691930,1.691930
2026-09-24T12:47:26.969115,3408,10.0,9031,1.693494,1.693494
2026-09-24T12:47:26.969685,3416,10.0,9038,1.694772,1.694772
2026-09-24T12:47:26.970255,3424,10.0,9035,1.694181,1.694181
2026-09-24T12:47:26.970826,3432,10.0,9030,1.693314,1.693314
2026-09-24T12:47:26.971433,3440,10.0,9029,1.692997,1.692997
2026-09-24T12:47:26.972015,3448,10.0,9028,1.692947,1.692947
2026-09-24T12:47:26.972612,3456,10.0,9035,1.694251,1.694251
2026-09-24T12:47:26.973240,3464,10.0,9018,1.691103,1.691103
2026-09-24T12:47:26.973823,3472,10.0,9009,1.689261,1.689261
2026-09-24T12:47:26.974402,3480,10.0,9042,1.695477,1.695477
2026-09-24T12:47:26.974995,3488,10.0,9027,1.692745,1.692745
2026-09-24T12:47:26.975597,3496,10.0,9012,1.689827,1.689827
2026-09-24T12:47:26.976182,3504,10.0,9028,1.692965,1.692965
2026-09-24T12:47:26.976756,3512,10.0,9025,1.692384,1.692384
2026-09-24T12:47:26.977328,3520,10.0,9022,1.691827,1.691827
2026-09-24T12:47:26.977901,3528,10.0,9021,1.691639,1.691639
2026-09-24T12:47:26.979400,3536,10.0,9047,1.696539,1.696539
2026-09-24T12:47:26.980080,3544,10.0,9020,1.691305,1.691305
2026-09-24T12:47:26.980657,3552,10.0,9011,1.689666,1.689666
2026-09-24T12:47:26.981230,3560,10.0,9016,1.690616,1.690616
2026-09-24T12:47:26.981854,3568,10.0,9031,1.693524,1.693524
2026-09-24T12:47:26.982434,3576,10.0,9023,1.691934,1.691934
2026-09-24T12:47:26.982999,3584,10.0,9050,1.696951,1.696951
2026-09-24T12:47:26.983563,3592,10.0,9019,1.691152,1.691152
2026-09-24T12:47:26.984126,3600,10.0,9046,1.696352,1.696352
2026-09-24T12:47:26.984706,3608,10.0,9023,1.692037,1.692037
2026-09-24T12:47:26.985276,3616,10.0,9051,1.697203,1.697203
2026-09-24T12:47:26.985839,3624,10.0,9025,1.692327,1.692327
2026-09-24T12:47:26.986414,3632,10.0,9004,1.688354,1.688354
2026-09-24T12:47:26.987045,3640,10.0,9020,1.691466,1.691466
2026-09-24T12:47:26.987632,3648,10.0,9029,1.693094,1.693094
2026-09-24T12:47:26.988211,3656,10.0,9034,1.694062,1.694062
2026-09-24T12:47:26.988784,3664,10.0,9017,1.690795,1.690795
2026-09-24T12:47:26.989354,3672,10.0,9034,1.694046,1.694046
2026-09-24T12:47:26.989925,3680,10.0,9018,1.691028,1.691028
2026-09-24T12:47:26.990499,3688,10.0,9030,1.693213,1.693213
2026-09-24T12:47:26.991072,3696,10.0,9004,1.688443,1.688443
2026-09-24T12:47:26.991642,3704,10.0,9003,1.688244,1.688244
2026-09-24T12:47:26.992212,3712,10.0,9016,1.690565,1.690565
2026-09-24T12:47:26.992781,3720,10.0,9036,1.694391,1.694391
2026-09-24T12:47:26.993361,3728,10.0,9025,1.692287,1.692287
2026-09-24T12:47:26.993931,3736,10.0,9034,1.694093,1.694093
2026-09-24T12:47:26.994496,3744,10.0,9036,1.694366,1.694366
2026-09-24T12:47:26.995108,3752,10.0,9027,1.692658,1.692658
2026-09-24T12:47:26.996368,3760,10.0,9018,1.690974,1.690974
2026-09-24T12:47:26.996966,3768,10.0,9008,1.689166,1.689166
2026-09-24T12:47:26.997532,3776,10.0,9010,1.689527,1.689527
2026-09-24T12:47:26.998104,3784,10.0,8999,1.687542,1.687542
2026-09-24T12:47:26.998673,3792,10.0,9035,1.694164,1.694164
2026-09-24T12:47:26.999243,3800,10.0,9028,1.692910,1.692910
2026-09-24T12:47:26.999813,3808,10.0,9030,1.693256,1.693256
2026-09-24T12:47:27.000382,3816,10.0,9014,1.690285,1.690285
2026-09-24T12:47:27.000952,3824,10.0,9027,1.692708,1.692708
2026-09-24T12:47:27.001522,3832,10.0,9027,1.692749,1.692749
2026-09-24T12:47:27.002092,3840,10.0,9031,1.693381,1.693381
2026-09-24T12:47:27.002683,3848,10.0,9010,1.689515,1.689515
2026-09-24T12:47:27.003272,3856,10.0,9025,1.692406,1.692406
2026-09-24T12:47:27.003852,3864,10.0,9042,1.695570,1.695570
2026-09-24T12:47:27.004425,3872,10.0,9013,1.690118,1.690118
2026-09-24T12:47:27.004997,3880,10.0,9003,1.688187,1.688187
2026-09-24T12:47:27.005568,3888,10.0,9008,1.689158,1.689158
2026-09-24T12:47:27.006139,3896,10.0,9008,1.689166,1.689166
2026-09-24T12:47:27.006709,3904,10.0,9040,1.695114,1.695114
2026-09-24T12:47:27.007280,3912,10.0,9022,1.691828,1.691828
2026-09-24T12:47:27.007867,3920,10.0,9032,1.693620,1.693620
2026-09-24T12:47:27.008446,3928,10.0,9008,1.689074,1.689074
2026-09-24T12:47:27.009015,3936,10.0,9008,1.689213,1.689213
2026-09-24T12:47:27.009605,3944,10.0,8994,1.686576,1.686576
2026-09-24T12:47:27.010200,3952,10.0,9017,1.690884,1.690884
2026-09-24T12:47:27.010802,3960,10.0,9010,1.689459,1.689459
2026-09-24T12:47:27.011386,3968,10.0,9023,1.692026,1.692026
2026-09-24T12:47:27.011987,3976,10.0,9011,1.689705,1.689705
2026-09-24T12:47:27.012609,3984,10.0,9019,1.691225,1.691225
2026-09-24T12:47:27.013286,3992,10.0,9020,1.691317,1.691317
2026-09-24T12:47:27.013884,4000,10.0,9035,1.694260,1.694260
2026-09-24T12:47:27.014477,4008,10.0,9017,1.690798,1.690798
2026-09-24T12:47:27.015057,4016,10.0,9013,1.690093,1.690093
2026-09-24T12:47:27.015633,4024,10.0,9027,1.692722,1.692722
2026-09-24T12:47:27.016209,4032,10.0,9025,1.692259,1.692259
2026-09-24T12:47:27.016786,4040,10.0,9019,1.691153,1.691153
2026-09-24T12:47:27.017443,4048,10.0,9020,1.691338,1.691338
2026-09-24T12:47:27.018037,4056,10.0,9008,1.689152,1.689152
2026-09-24T12:47:27.018622,4064,10.0,9015,1.690396,1.690396
2026-09-24T12:47:27.019196,4072,10.0,8984,1.684719,1.684719
2026-09-24T12:47:27.019769,4080,10.0,9032,1.693662,1.693662
2026-09-24T12:47:27.020349,4088,10.0,9021,1.691632,1.691632
2026-09-24T12:47:27.020944,4096,10.0,9007,1.689001,1.689001
2026-09-24T12:47:27.021567,4104,10.0,8984,1.684729,1.684729
2026-09-24T12:47:27.022152,4112,10.0,9003,1.688190,1.688190
2026-09-24T12:47:27.022734,4120,10.0,9023,1.692036,1.692036
2026-09-24T12:47:27.023308,4128,10.0,9060,1.698988,1.698988
2026-09-24T12:47:27.023890,4136,10.0,9022,1.691691,1.691691
2026-09-24T12:47:27.024504,4144,10.0,9022,1.691815,1.691815
2026-09-24T12:47:27.025091,4152,10.0,9037,1.694539,1.694539
2026-09-24T12:47:27.025667,4160,10.0,9040,1.695168,1.695168
2026-09-24T12:47:27.026244,4168,10.0,9019,1.691263,1.691263
2026-09-24T12:47:27.026817,4176,10.0,9036,1.694358,1.694358
2026-09-24T12:47:27.027389,4184,10.0,9013,1.690105,1.690105
2026-09-24T12:47:27.027961,4192,10.0,9032,1.693691,1.693691
2026-09-24T12:47:27.028546,4200,10.0,9025,1.692248,1.692248
2026-09-24T12:47:27.029750,4208,10.0,9019,1.691135,1.691135
2026-09-24T12:47:27.030350,4216,10.0,9033,1.693785,1.693785
2026-09-24T12:47:27.030950,4224,10.0,9006,1.688685,1.688685
2026-09-24T12:47:27.031526,4232,10.0,9023,1.692034,1.692034
2026-09-24T12:47:27.032096,4240,10.0,9015,1.690497,1.690497
2026-09-24T12:47:27.032821,4248,10.0,9034,1.694108,1.694108
2026-09-24T12:47:27.033401,4256,10.0,9026,1.692582,1.692582
2026-09-24T12:47:27.033971,4264,10.0,9020,1.691469,1.691469
2026-09-24T12:47:27.034543,4272,10.0,9028,1.692830,1.692830
2026-09-24T12:47:27.035116,4280,10.0,9022,1.691740,1.691740
2026-09-24T12:47:27.035686,4288,10.0,9020,1.691411,1.691411
2026-09-24T12:47:27.036256,4296,10.0,9007,1.689005,1.689005
2026-09-24T12:47:27.036826,4304,10.0,9026,1.692556,1.692556
2026-09-24T12:47:27.037395,4312,10.0,9029,1.693133,1.693133
2026-09-24T12:47:27.037964,4320,10.0,9027,1.692707,1.692707
2026-09-24T12:47:27.038534,4328,10.0,9025,1.692303,1.692303
2026-09-24T12:47:27.039103,4336,10.0,9038,1.694732,1.694732
2026-09-24T12:47:27.039672,4344,10.0,9017,1.690756,1.690756
2026-09-24T12:47:27.040241,4352,10.0,9032,1.693600,1.693600
2026-09-24T12:47:27.040823,4360,10.0,9019,1.691146,1.691146
2026-09-24T12:47:27.041403,4368,10.0,9033,1.693881,1.693881
2026-09-24T12:47:27.041979,4376,10.0,8999,1.687520,1.687520
2026-09-24T12:47:27.042553,4384,10.0,9025,1.692298,1.692298
2026-09-24T12:47:27.043125,4392,10.0,9020,1.691485,1.691485
2026-09-24T12:47:27.043695,4400,10.0,9028,1.692825,1.692825
2026-09-24T12:47:27.044278,4408,10.0,9017,1.690793,1.690793
2026-09-24T12:47:27.044848,4416,10.0,9044,1.695819,1.695819
2026-09-24T12:47:27.045990,4424,10.0,9064,1.699694,1.699694
2026-09-24T12:47:27.046833,4432,10.0,9052,1.697380,1.697380
2026-09-24T12:47:27.047426,4440,10.0,9009,1.689417,1.689417
2026-09-24T12:47:27.048049,4448,10.0,9021,1.691660,1.691660
2026-09-24T12:47:27.048636,4456,10.0,9025,1.692249,1.692249
2026-09-24T12:47:27.049220,4464,10.0,9029,1.693070,1.693070
2026-09-24T12:47:27.049794,4472,10.0,9018,1.691030,1.691030
2026-09-24T12:47:27.050384,4480,10.0,9008,1.689198,1.689198
2026-09-24T12:47:27.050975,4488,10.0,9031,1.693538,1.693538
2026-09-24T12:47:27.051552,4496,10.0,9002,1.687965,1.687965
2026-09-24T12:47:27.052125,4504,10.0,9022,1.691772,1.691772
2026-09-24T12:47:27.052695,4512,10.0,9033,1.693762,1.693762
2026-09-24T12:47:27.053265,4520,10.0,9036,1.694488,1.694488
2026-09-24T12:47:27.053834,4528,10.0,9024,1.692113,1.692113
2026-09-24T12:47:27.054404,4536,10.0,9029,1.693110,1.693110
2026-09-24T12:47:27.054973,4544,10.0,9013,1.690129,1.690129
2026-09-24T12:47:27.055543,4552,10.0,9035,1.694281,1.694281
2026-09-24T12:47:27.056112,4560,10.0,9048,1.696644,1.696644
2026-09-24T12:47:27.056683,4568,10.0,9025,1.692417,1.692417
2026-09-24T12:47:27.057253,4576,10.0,9040,1.695067,1.695067
2026-09-24T12:47:27.057823,4584,10.0,8983,1.684400,1.684400
2026-09-24T12:47:27.058393,4592,10.0,9023,1.691877,1.691877
2026-09-24T12:47:27.058963,4600,10.0,9017,1.690784,1.690784
2026-09-24T12:47:27.059533,4608,10.0,9016,1.690709,1.690709
2026-09-24T12:47:27.060103,4616,10.0,9040,1.695227,1.695227
2026-09-24T12:47:27.060673,4624,10.0,9016,1.690713,1.690713
2026-09-24T12:47:27.061243,4632,10.0,9023,1.692006,1.692006
2026-09-24T12:47:27.061816,4640,10.0,9007,1.688868,1.688868
2026-09-24T12:47:27.062406,4648,10.0,9004,1.688415,1.688415
2026-09-24T12:47:27.063003,4656,10.0,9031,1.693482,1.693482
2026-09-24T12:47:27.063647,4664,10.0,9040,1.695162,1.695162
2026-09-24T12:47:27.064247,4672,10.0,9026,1.692561,1.692561
2026-09-24T12:47:27.064856,4680,10.0,9041,1.695368,1.695368
2026-09-24T12:47:27.065433,4688,10.0,9042,1.695518,1.695518
2026-09-24T12:47:27.066007,4696,10.0,9026,1.692451,1.692451
2026-09-24T12:47:27.066581,4704,10.0,9014,1.690271,1.690271
2026-09-24T12:47:27.067154,4712,10.0,9014,1.690177,1.690177
2026-09-24T12:47:27.067768,4720,10.0,9018,1.690981,1.690981
2026-09-24T12:47:27.068354,4728,10.0,9022,1.691700,1.691700
2026-09-24T12:47:27.068955,4736,10.0,9029,1.693149,1.693149
2026-09-24T12:47:27.069528,4744,10.0,9030,1.693221,1.693221
2026-09-24T12:47:27.070101,4752,10.0,9019,1.691292,1.691292
2026-09-24T12:47:27.070679,4760,10.0,9005,1.688515,1.688515
2026-09-24T12:47:27.071260,4768,10.0,9015,1.690397,1.690397
2026-09-24T12:47:27.071882,4776,10.0,9040,1.695090,1.695090
2026-09-24T12:47:27.072470,4784,10.0,8994,1.686524,1.686524
2026-09-24T12:47:27.073050,4792,10.0,9025,1.692350,1.692350
2026-09-24T12:47:27.073621,4800,10.0,9019,1.691194,1.691194
2026-09-24T12:47:27.635993,808,25.0,9379,1.758776,1.758776
2026-09-24T12:47:27.636679,816,25.0,9350,1.753219,1.753219
2026-09-24T12:47:27.637323,824,25.0,9341,1.751644,1.751644
2026-09-24T12:47:27.637962,832,25.0,9350,1.753308,1.753308
2026-09-24T12:47:27.638599,840,25.0,9354,1.753955,1.753955
2026-09-24T12:47:27.639236,848,25.0,9359,1.755001,1.755001
2026-09-24T12:47:27.639873,856,25.0,9356,1.754399,1.754399
2026-09-24T12:47:27.640508,864,25.0,9334,1.750236,1.750236
2026-09-24T12:47:27.641144,872,25.0,9359,1.754892,1.754892
2026-09-24T12:47:27.641781,880,25.0,9357,1.754651,1.754651
2026-09-24T12:47:27.642416,888,25.0,9363,1.755692,1.755692
2026-09-24T12:47:27.643052,896,25.0,9361,1.755295,1.755295
2026-09-24T12:47:27.643687,904,25.0,9360,1.755214,1.755214
2026-09-24T12:47:27.644322,912,25.0,9326,1.748767,1.748767
2026-09-24T12:47:27.644958,920,25.0,9364,1.755940,1.755940
2026-09-24T12:47:27.645593,928,25.0,9367,1.756444,1.756444
2026-09-24T12:47:27.646276,936,25.0,9369,1.756839,1.756839
2026-09-24T12:47:27.646911,944,25.0,9371,1.757207,1.757207
2026-09-24T12:47:27.647564,952,25.0,9372,1.757366,1.757366
2026-09-24T12:47:27.648441,960,25.0,9360,1.755209,1.755209
2026-09-24T12:47:27.649144,968,25.0,9372,1.757466,1.757466
2026-09-24T12:47:27.649786,976,25.0,9382,1.759262,1.759262
2026-09-24T12:47:27.650425,984,25.0,9373,1.757572,1.757572
2026-09-24T12:47:27.651060,992,25.0,9360,1.755217,1.755217
2026-09-24T12:47:27.651697,1000,25.0,9367,1.756553,1.756553
2026-09-24T12:47:27.652333,1008,25.0,9359,1.754967,1.754967
2026-09-24T12:47:27.652969,1016,25.0,9352,1.753632,1.753632
2026-09-24T12:47:27.653604,1024,25.0,9353,1.753821,1.753821
2026-09-24T12:47:27.654240,1032,25.0,9337,1.750849,1.750849
2026-09-24T12:47:27.654874,1040,25.0,9370,1.757051,1.757051
2026-09-24T12:47:27.655510,1048,25.0,9372,1.757314,1.757314
2026-09-24T12:47:27.656145,1056,25.0,9340,1.751343,1.751343
2026-09-24T12:47:27.656780,1064,25.0,9365,1.756025,1.756025
2026-09-24T12:47:27.657416,1072,25.0,9359,1.754908,1.754908
2026-09-24T12:47:27.658052,1080,25.0,9360,1.755138,1.755138
2026-09-24T12:47:27.658686,1088,25.0,9352,1.753629,1.753629
2026-09-24T12:47:27.659321,1096,25.0,9382,1.759196,1.759196
2026-09-24T12:47:27.659956,1104,25.0,9362,1.755471,1.755471
2026-09-24T12:47:27.660591,1112,25.0,9380,1.758946,1.758946
2026-09-24T12:47:27.661227,1120,25.0,9363,1.755801,1.755801
2026-09-24T12:47:27.661865,1128,25.0,9352,1.753565,1.753565
2026-09-24T12:47:27.662501,1136,25.0,9353,1.753785,1.753785
2026-09-24T12:47:27.663136,1144,25.0,9349,1.752993,1.752993
2026-09-24T12:47:27.663771,1152,25.0,9349,1.753158,1.753158
2026-09-24T12:47:27.664432,1160,25.0,9342,1.751845,1.751845
2026-09-24T12:47:27.665175,1168,25.0,9350,1.753249,1.753249
2026-09-24T12:47:27.665874,1176,25.0,9329,1.749349,1.749349
2026-09-24T12:47:27.666519,1184,25.0,9355,1.754135,1.754135
2026-09-24T12:47:27.667157,1192,25.0,9391,1.760932,1.760932
2026-09-24T12:47:27.667792,1200,25.0,9341,1.751536,1.751536
2026-09-24T12:47:27.668448,1208,25.0,9338,1.751033,1.751033
2026-09-24T12:47:27.669083,1216,25.0,9354,1.753975,1.753975
2026-09-24T12:47:27.669718,1224,25.0,9378,1.758505,1.758505
2026-09-24T12:47:27.670354,1232,25.0,9361,1.755356,1.755356
2026-09-24T12:47:27.670990,1240,25.0,9373,1.757674,1.757674
2026-09-24T12:47:27.671624,1248,25.0,9355,1.754171,1.754171
2026-09-24T12:47:27.672260,1256,25.0,9377,1.758388,1.758388
2026-09-24T12:47:27.672895,1264,25.0,9362,1.755513,1.755513
2026-09-24T12:47:27.673531,1272,25.0,9342,1.751861,1.751861
2026-09-24T12:47:27.674165,1280,25.0,9335,1.750508,1.750508
2026-09-24T12:47:27.674801,1288,25.0,9357,1.754637,1.754637
2026-09-24T12:47:27.675436,1296,25.0,9360,1.755134,1.755134
2026-09-24T12:47:27.676081,1304,25.0,9386,1.760057,1.760057
2026-09-24T12:47:27.676881,1312,25.0,9364,1.755820,1.755820
2026-09-24T12:47:27.677538,1320,25.0,9355,1.754180,1.754180
2026-09-24T12:47:27.678166,1328,25.0,9364,1.755813,1.755813
2026-09-24T12:47:27.678787,1336,25.0,9357,1.754557,1.754557
2026-09-24T12:47:27.679415,1344,25.0,9365,1.756176,1.756176
2026-09-24T12:47:27.680053,1352,25.0,9376,1.758154,1.758154
2026-09-24T12:47:27.680688,1360,25.0,9351,1.753497,1.753497
2026-09-24T12:47:27.681349,1368,25.0,9360,1.755194,1.755194
2026-09-24T12:47:27.682073,1376,25.0,9379,1.758750,1.758750
2026-09-24T12:47:27.682769,1384,25.0,9382,1.759366,1.759366
2026-09-24T12:47:27.683457,1392,25.0,9352,1.753598,1.753598
2026-09-24T12:47:27.684101,1400,25.0,9356,1.754319,1.754319
2026-09-24T12:47:27.684736,1408,25.0,9374,1.757737,1.757737
2026-09-24T12:47:27.685372,1416,25.0,9369,1.756757,1.756757
2026-09-24T12:47:27.686012,1424,25.0,9356,1.754349,1.754349
2026-09-24T12:47:27.686648,1432,25.0,9381,1.759011,1.759011
2026-09-24T12:47:27.687282,1440,25.0,9358,1.754836,1.754836
2026-09-24T12:47:27.687917,1448,25.0,9369,1.756808,1.756808
2026-09-24T12:47:27.688552,1456,25.0,9360,1.755077,1.755077
2026-09-24T12:47:27.689188,1464,25.0,9371,1.757175,1.757175
2026-09-24T12:47:27.689822,1472,25.0,9333,1.750120,1.750120
2026-09-24T12:47:27.690458,1480,25.0,9346,1.752578,1.752578
2026-09-24T12:47:27.691093,1488,25.0,9354,1.754088,1.754088
2026-09-24T12:47:27.691728,1496,25.0,9343,1.751946,1.751946
2026-09-24T12:47:27.692365,1504,25.0,9371,1.757155,1.757155
2026-09-24T12:47:27.693002,1512,25.0,9345,1.752321,1.752321
2026-09-24T12:47:27.693637,1520,25.0,9364,1.755806,1.755806
2026-09-24T12:47:27.694272,1528,25.0,9362,1.755600,1.755600
2026-09-24T12:47:27.694907,1536,25.0,9348,1.752823,1.752823
2026-09-24T12:47:27.695542,1544,25.0,9380,1.758876,1.758876
2026-09-24T12:47:27.696182,1552,25.0,9347,1.752648,1.752648
2026-09-24T12:47:27.696816,1560,25.0,9357,1.754631,1.754631
2026-09-24T12:47:27.697451,1568,25.0,9348,1.752834,1.752834
2026-09-24T12:47:27.698082,1576,25.0,9360,1.755220,1.755220
2026-09-24T12:47:27.698778,1584,25.0,9358,1.754801,1.754801
2026-09-24T12:47:27.699475,1592,25.0,9354,1.754106,1.754106
2026-09-24T12:47:27.700140,1600,25.0,9371,1.757252,1.757252
2026-09-24T12:47:27.700797,1608,25.0,9371,1.757129,1.757129
2026-09-24T12:47:27.701432,1616,25.0,9344,1.752220,1.752220
2026-09-24T12:47:27.702067,1624,25.0,9355,1.754173,1.754173
2026-09-24T12:47:27.702703,1632,25.0,9374,1.757709,1.757709
2026-09-24T12:47:27.703338,1640,25.0,9364,1.755926,1.755926
2026-09-24T12:47:27.703973,1648,25.0,9351,1.753476,1.753476
2026-09-24T12:47:27.704608,1656,25.0,9372,1.757345,1.757345
2026-09-24T12:47:27.705242,1664,25.0,9372,1.757432,1.757432
2026-09-24T12:47:27.705877,1672,25.0,9352,1.753705,1.753705
2026-09-24T12:47:27.706518,1680,25.0,9352,1.753723,1.753723
2026-09-24T12:47:27.707244,1688,25.0,9368,1.756715,1.756715
2026-09-24T12:47:27.707899,1696,25.0,9347,1.752697,1.752697
2026-09-24T12:47:27.708529,1704,25.0,9362,1.755599,1.755599
2026-09-24T12:47:27.709167,1712,25.0,9361,1.755339,1.755339
2026-09-24T12:47:27.709803,1720,25.0,9374,1.757755,1.757755
2026-09-24T12:47:27.710431,1728,25.0,9353,1.753759,1.753759
2026-09-24T12:47:27.711057,1736,25.0,9366,1.756356,1.756356
2026-09-24T12:47:27.711685,1744,25.0,9364,1.755906,1.755906
2026-09-24T12:47:27.712315,1752,25.0,9360,1.755083,1.755083
2026-09-24T12:47:27.712953,1760,25.0,9350,1.753335,1.753335
2026-09-24T12:47:27.713590,1768,25.0,9361,1.755301,1.755301
2026-09-24T12:47:27.714296,1776,25.0,9375,1.758009,1.758009
2026-09-24T12:47:27.714964,1784,25.0,9363,1.755775,1.755775
2026-09-24T12:47:27.715721,1792,25.0,9360,1.755182,1.755182
2026-09-24T12:47:27.716408,1800,25.0,9373,1.757597,1.757597
2026-09-24T12:47:27.717047,1808,25.0,9371,1.757225,1.757225
2026-09-24T12:47:27.717680,1816,25.0,9374,1.757830,1.757830
2026-09-24T12:47:27.718319,1824,25.0,9357,1.754574,1.754574
2026-09-24T12:47:27.718949,1832,25.0,9377,1.758385,1.758385
2026-09-24T12:47:27.719602,1840,25.0,9348,1.752935,1.752935
2026-09-24T12:47:27.720244,1848,25.0,9337,1.750820,1.750820
2026-09-24T12:47:27.720873,1856,25.0,9365,1.755998,1.755998
2026-09-24T12:47:27.721499,1864,25.0,9358,1.754698,1.754698
2026-09-24T12:47:27.722129,1872,25.0,9387,1.760171,1.760171
2026-09-24T12:47:27.722862,1880,25.0,9348,1.752927,1.752927
2026-09-24T12:47:27.723532,1888,25.0,9354,1.754039,1.754039
2026-09-24T12:47:27.724172,1896,25.0,9387,1.760184,1.760184
2026-09-24T12:47:27.724809,1904,25.0,9367,1.756506,1.756506
2026-09-24T12:47:27.725437,1912,25.0,9366,1.756220,1.756220
2026-09-24T12:47:27.726072,1920,25.0,9365,1.756115,1.756115
2026-09-24T12:47:27.726699,1928,25.0,9363,1.755718,1.755718
2026-09-24T12:47:27.727337,1936,25.0,9364,1.755869,1.755869
2026-09-24T12:47:27.728005,1944,25.0,9355,1.754291,1.754291
2026-09-24T12:47:27.728642,1952,25.0,9350,1.753273,1.753273
2026-09-24T12:47:27.729269,1960,25.0,9369,1.756833,1.756833
2026-09-24T12:47:27.729906,1968,25.0,9364,1.755886,1.755886
2026-09-24T12:47:27.730545,1976,25.0,9353,1.753882,1.753882
2026-09-24T12:47:27.731254,1984,25.0,9352,1.753645,1.753645
2026-09-24T12:47:27.732541,1992,25.0,9354,1.753955,1.753955
2026-09-24T12:47:27.733219,2000,25.0,9352,1.753655,1.753655
2026-09-24T12:47:27.733908,2008,25.0,9354,1.753951,1.753951
2026-09-24T12:47:27.734551,2016,25.0,9354,1.753999,1.753999
2026-09-24T12:47:27.735184,2024,25.0,9368,1.756613,1.756613
2026-09-24T12:47:27.735819,2032,25.0,9346,1.752508,1.752508
2026-09-24T12:47:27.736454,2040,25.0,9347,1.752784,1.752784
2026-09-24T12:47:27.737089,2048,25.0,9361,1.755352,1.755352
2026-09-24T12:47:27.737725,2056,25.0,9361,1.755324,1.755324
2026-09-24T12:47:27.738447,2064,25.0,9352,1.753555,1.753555
2026-09-24T12:47:27.739122,2072,25.0,9367,1.756398,1.756398
2026-09-24T12:47:27.739759,2080,25.0,9364,1.755984,1.755984
2026-09-24T12:47:27.740396,2088,25.0,9348,1.752860,1.752860
2026-09-24T12:47:27.741031,2096,25.0,9352,1.753602,1.753602
2026-09-24T12:47:27.741666,2104,25.0,9363,1.755760,1.755760
2026-09-24T12:47:27.742301,2112,25.0,9353,1.753815,1.753815
2026-09-24T12:47:27.742937,2120,25.0,9363,1.755635,1.755635
2026-09-24T12:47:27.743572,2128,25.0,9354,1.754083,1.754083
2026-09-24T12:47:27.744209,2136,25.0,9376,1.758056,1.758056
2026-09-24T12:47:27.744844,2144,25.0,9339,1.751225,1.751225
2026-09-24T12:47:27.745480,2152,25.0,9369,1.756802,1.756802
2026-09-24T12:47:27.746115,2160,25.0,9367,1.756421,1.756421
2026-09-24T12:47:27.746750,2168,25.0,9372,1.757385,1.757385
2026-09-24T12:47:27.747385,2176,25.0,9347,1.752736,1.752736
2026-09-24T12:47:27.748071,2184,25.0,9373,1.757606,1.757606
2026-09-24T12:47:27.749012,2192,25.0,9368,1.756681,1.756681
2026-09-24T12:47:27.749667,2200,25.0,9376,1.758076,1.758076
2026-09-24T12:47:27.750339,2208,25.0,9349,1.753150,1.753150
2026-09-24T12:47:27.751008,2216,25.0,9357,1.754595,1.754595
2026-09-24T12:47:27.751647,2224,25.0,9355,1.754171,1.754171
2026-09-24T12:47:27.752283,2232,25.0,9357,1.754512,1.754512
2026-09-24T12:47:27.752918,2240,25.0,9354,1.753965,1.753965
2026-09-24T12:47:27.753641,2248,25.0,9359,1.754989,1.754989
2026-09-24T12:47:27.754306,2256,25.0,9354,1.754046,1.754046
2026-09-24T12:47:27.754943,2264,25.0,9380,1.758833,1.758833
2026-09-24T12:47:27.755578,2272,25.0,9330,1.749431,1.749431
2026-09-24T12:47:27.756214,2280,25.0,9346,1.752455,1.752455
2026-09-24T12:47:27.756848,2288,25.0,9366,1.756313,1.756313
2026-09-24T12:47:27.757485,2296,25.0,9347,1.752683,1.752683
2026-09-24T12:47:27.758120,2304,25.0,9358,1.754736,1.754736
2026-09-24T12:47:27.758755,2312,25.0,9364,1.755841,1.755841
2026-09-24T12:47:27.759390,2320,25.0,9342,1.751825,1.751825
2026-09-24T12:47:27.760027,2328,25.0,9369,1.756854,1.756854
2026-09-24T12:47:27.760662,2336,25.0,9362,1.755473,1.755473
2026-09-24T12:47:27.761297,2344,25.0,9355,1.754176,1.754176
2026-09-24T12:47:27.761932,2352,25.0,9368,1.756732,1.756732
2026-09-24T12:47:27.762567,2360,25.0,9347,1.752619,1.752619
2026-09-24T12:47:27.763202,2368,25.0,9354,1.753961,1.753961
2026-09-24T12:47:27.763848,2376,25.0,9355,1.754197,1.754197
2026-09-24T12:47:27.764487,2384,25.0,9369,1.756909,1.756909
2026-09-24T12:47:27.765418,2392,25.0,9355,1.754291,1.754291
2026-09-24T12:47:27.766291,2400,25.0,9389,1.760618,1.760618
2026-09-24T12:47:27.767000,2408,25.0,9347,1.752619,1.752619
2026-09-24T12:47:27.767652,2416,25.0,9360,1.755072,1.755072
2026-09-24T12:47:27.768289,2424,25.0,9354,1.753937,1.753937
2026-09-24T12:47:27.768963,2432,25.0,9358,1.754841,1.754841
2026-09-24T12:47:27.769599,2440,25.0,9341,1.751551,1.751551
2026-09-24T12:47:27.770234,2448,25.0,9367,1.756468,1.756468
2026-09-24T12:47:27.770869,2456,25.0,9351,1.753395,1.753395
2026-09-24T12:47:27.771505,2464,25.0,9368,1.756600,1.756600
2026-09-24T12:47:27.772140,2472,25.0,9381,1.759117,1.759117
2026-09-24T12:47:27.772775,2480,25.0,9353,1.753860,1.753860
2026-09-24T12:47:27.773410,2488,25.0,9362,1.755493,1.755493
2026-09-24T12:47:27.774046,2496,25.0,9355,1.754160,1.754160
2026-09-24T12:47:27.774682,2504,25.0,9360,1.755157,1.755157
2026-09-24T12:47:27.775317,2512,25.0,9352,1.753730,1.753730
2026-09-24T12:47:27.775953,2520,25.0,9335,1.750519,1.750519
2026-09-24T12:47:27.776588,2528,25.0,9351,1.753502,1.753502
2026-09-24T12:47:27.777223,2536,25.0,9359,1.754984,1.754984
2026-09-24T12:47:27.777859,2544,25.0,9372,1.757421,1.757421
2026-09-24T12:47:27.778494,2552,25.0,9352,1.753598,1.753598
2026-09-24T12:47:27.779129,2560,25.0,9341,1.751501,1.751501
2026-09-24T12:47:27.779764,2568,25.0,9382,1.759291,1.759291
2026-09-24T12:47:27.780399,2576,25.0,9352,1.753570,1.753570
2026-09-24T12:47:27.781035,2584,25.0,9368,1.756594,1.756594
2026-09-24T12:47:27.781655,2592,25.0,9356,1.754320,1.754320
2026-09-24T12:47:27.782286,2600,25.0,9383,1.759446,1.759446
2026-09-24T12:47:27.782957,2608,25.0,9355,1.754167,1.754167
2026-09-24T12:47:27.783667,2616,25.0,9362,1.755523,1.755523
2026-09-24T12:47:27.784476,2624,25.0,9394,1.761519,1.761519
2026-09-24T12:47:27.785144,2632,25.0,9363,1.755780,1.755780
2026-09-24T12:47:27.785782,2640,25.0,9383,1.759417,1.759417
2026-09-24T12:47:27.786417,2648,25.0,9374,1.757857,1.757857
2026-09-24T12:47:27.787053,2656,25.0,9355,1.754269,1.754269
2026-09-24T12:47:27.787689,2664,25.0,9340,1.751462,1.751462
2026-09-24T12:47:27.788332,2672,25.0,9380,1.758928,1.758928
2026-09-24T12:47:27.788968,2680,25.0,9356,1.754382,1.754382
2026-09-24T12:47:27.789605,2688,25.0,9340,1.751392,1.751392
2026-09-24T12:47:27.790243,2696,25.0,9374,1.757756,1.757756
2026-09-24T12:47:27.790879,2704,25.0,9354,1.754054,1.754054
2026-09-24T12:47:27.791517,2712,25.0,9352,1.753717,1.753717
2026-09-24T12:47:27.792154,2720,25.0,9336,1.750712,1.750712
2026-09-24T12:47:27.792791,2728,25.0,9355,1.754142,1.754142
2026-09-24T12:47:27.793427,2736,25.0,9365,1.756101,1.756101
2026-09-24T12:47:27.794065,2744,25.0,9347,1.752686,1.752686
2026-09-24T12:47:27.794702,2752,25.0,9352,1.753567,1.753567
2026-09-24T12:47:27.795339,2760,25.0,9370,1.756956,1.756956
2026-09-24T12:47:27.795976,2768,25.0,9358,1.754803,1.754803
2026-09-24T12:47:27.796613,2776,25.0,9347,1.752676,1.752676
2026-09-24T12:47:27.797250,2784,25.0,9369,1.756923,1.756923
2026-09-24T12:47:27.797918,2792,25.0,9369,1.756909,1.756909
2026-09-24T12:47:27.798881,2800,25.0,9345,1.752413,1.752413
2026-09-24T12:47:27.799738,2808,25.0,9344,1.752126,1.752126
2026-09-24T12:47:27.800439,2816,25.0,9365,1.756003,1.756003
2026-09-24T12:47:27.801108,2824,25.0,9363,1.755620,1.755620
2026-09-24T12:47:27.801748,2832,25.0,9355,1.754283,1.754283
2026-09-24T12:47:27.802387,2840,25.0,9353,1.753856,1.753856
2026-09-24T12:47:27.803024,2848,25.0,9366,1.756277,1.756277
2026-09-24T12:47:27.803662,2856,25.0,9363,1.755693,1.755693
2026-09-24T12:47:27.804681,2864,25.0,9350,1.753201,1.753201
2026-09-24T12:47:27.805320,2872,25.0,9374,1.757846,1.757846
2026-09-24T12:47:27.805955,2880,25.0,9328,1.749078,1.749078
2026-09-24T12:47:27.806592,2888,25.0,9347,1.752685,1.752685
2026-09-24T12:47:27.807228,2896,25.0,9365,1.756101,1.756101
2026-09-24T12:47:27.807865,2904,25.0,9362,1.755436,1.755436
2026-09-24T12:47:27.808509,2912,25.0,9340,1.751339,1.751339
2026-09-24T12:47:27.809151,2920,25.0,9351,1.753433,1.753433
2026-09-24T12:47:27.809786,2928,25.0,9354,1.754082,1.754082
2026-09-24T12:47:27.810422,2936,25.0,9379,1.758769,1.758769
2026-09-24T12:47:27.811058,2944,25.0,9358,1.754701,1.754701
2026-09-24T12:47:27.811693,2952,25.0,9381,1.759016,1.759016
2026-09-24T12:47:27.812335,2960,25.0,9351,1.753520,1.753520
2026-09-24T12:47:27.812971,2968,25.0,9370,1.756970,1.756970
2026-09-24T12:47:27.813606,2976,25.0,9343,1.751967,1.751967
2026-09-24T12:47:27.814242,2984,25.0,9370,1.756979,1.756979
2026-09-24T12:47:27.815937,2992,25.0,9370,1.756937,1.756937
2026-09-24T12:47:27.816986,3000,25.0,9356,1.754348,1.754348
2026-09-24T12:47:27.817663,3008,25.0,9377,1.758370,1.758370
2026-09-24T12:47:27.818307,3016,25.0,9358,1.754759,1.754759
2026-09-24T12:47:27.818943,3024,25.0,9375,1.757908,1.757908
2026-09-24T12:47:27.819579,3032,25.0,9353,1.753844,1.753844
2026-09-24T12:47:27.820215,3040,25.0,9365,1.756121,1.756121
2026-09-24T12:47:27.820851,3048,25.0,9356,1.754345,1.754345
2026-09-24T12:47:27.821485,3056,25.0,9370,1.756969,1.756969
2026-09-24T12:47:27.822121,3064,25.0,9359,1.754900,1.754900
2026-09-24T12:47:27.822757,3072,25.0,9380,1.758832,1.758832
2026-09-24T12:47:27.823394,3080,25.0,9374,1.757712,1.757712
2026-09-24T12:47:27.824031,3088,25.0,9357,1.754591,1.754591
2026-09-24T12:47:27.824668,3096,25.0,9366,1.756298,1.756298
2026-09-24T12:47:27.825303,3104,25.0,9379,1.758669,1.758669
2026-09-24T12:47:27.825939,3112,25.0,9373,1.757663,1.757663
2026-09-24T12:47:27.826575,3120,25.0,9365,1.756146,1.756146
2026-09-24T12:47:27.827211,3128,25.0,9364,1.755823,1.755823
2026-09-24T12:47:27.827846,3136,25.0,9368,1.756681,1.756681
2026-09-24T12:47:27.828484,3144,25.0,9366,1.756295,1.756295
2026-09-24T12:47:27.829120,3152,25.0,9338,1.751098,1.751098
2026-09-24T12:47:27.829757,3160,25.0,9341,1.751648,1.751648
2026-09-24T12:47:27.830479,3168,25.0,9375,1.757968,1.757968
2026-09-24T12:47:27.831144,3176,25.0,9373,1.757551,1.757551
2026-09-24T12:47:27.831833,3184,25.0,9376,1.758153,1.758153
2026-09-24T12:47:27.832492,3192,25.0,9358,1.754858,1.754858
2026-09-24T12:47:27.833174,3200,25.0,9350,1.753260,1.753260
2026-09-24T12:47:27.833885,3208,25.0,9370,1.756952,1.756952
2026-09-24T12:47:27.834526,3216,25.0,9368,1.756621,1.756621
2026-09-24T12:47:27.835162,3224,25.0,9366,1.756194,1.756194
2026-09-24T12:47:27.835797,3232,25.0,9327,1.749019,1.749019
2026-09-24T12:47:27.836433,3240,25.0,9367,1.756507,1.756507
2026-09-24T12:47:27.837069,3248,25.0,9359,1.754958,1.754958
2026-09-24T12:47:27.837704,3256,25.0,9394,1.761610,1.761610
2026-09-24T12:47:27.838341,3264,25.0,9358,1.754806,1.754806
2026-09-24T12:47:27.838977,3272,25.0,9363,1.755680,1.755680
2026-09-24T12:47:27.839618,3280,25.0,9363,1.755761,1.755761
2026-09-24T12:47:27.840254,3288,25.0,9350,1.753321,1.753321
2026-09-24T12:47:27.840891,3296,25.0,9358,1.754838,1.754838
2026-09-24T12:47:27.841526,3304,25.0,9350,1.753345,1.753345
2026-09-24T12:47:27.842162,3312,25.0,9364,1.755965,1.755965
2026-09-24T12:47:27.842798,3320,25.0,9360,1.755174,1.755174
2026-09-24T12:47:27.843433,3328,25.0,9380,1.758928,1.758928
2026-09-24T12:47:27.844069,3336,25.0,9357,1.754517,1.754517
2026-09-24T12:47:27.844706,3344,25.0,9339,1.751195,1.751195
2026-09-24T12:47:27.845343,3352,25.0,9357,1.754513,1.754513
2026-09-24T12:47:27.846070,3360,25.0,9340,1.751420,1.751420
2026-09-24T12:47:27.846713,3368,25.0,9375,1.758005,1.758005
2026-09-24T12:47:27.847349,3376,25.0,9358,1.754722,1.754722
2026-09-24T12:47:27.847985,3384,25.0,9350,1.753320,1.753320
2026-09-24T12:47:27.848614,3392,25.0,9341,1.751636,1.751636
2026-09-24T12:47:27.849271,3400,25.0,9357,1.754545,1.754545
2026-09-24T12:47:27.850048,3408,25.0,9369,1.756840,1.756840
2026-09-24T12:47:27.850743,3416,25.0,9337,1.750828,1.750828
2026-09-24T12:47:27.851440,3424,25.0,9346,1.752507,1.752507
2026-09-24T12:47:27.852137,3432,25.0,9348,1.752931,1.752931
2026-09-24T12:47:27.852834,3440,25.0,9350,1.753359,1.753359
2026-09-24T12:47:27.853543,3448,25.0,9359,1.755015,1.755015
2026-09-24T12:47:27.854245,3456,25.0,9361,1.755300,1.755300
2026-09-24T12:47:27.854943,3464,25.0,9364,1.755895,1.755895
2026-09-24T12:47:27.855638,3472,25.0,9362,1.755500,1.755500
2026-09-24T12:47:27.856335,3480,25.0,9360,1.755178,1.755178
2026-09-24T12:47:27.857031,3488,25.0,9351,1.753375,1.753375
2026-09-24T12:47:27.857727,3496,25.0,9369,1.756804,1.756804
2026-09-24T12:47:27.858423,3504,25.0,9368,1.756723,1.756723
2026-09-24T12:47:27.859092,3512,25.0,9358,1.754790,1.754790
2026-09-24T12:47:27.859919,3520,25.0,9373,1.757620,1.757620
2026-09-24T12:47:27.860561,3528,25.0,9360,1.755094,1.755094
2026-09-24T12:47:27.861331,3536,25.0,9347,1.752753,1.752753
2026-09-24T12:47:27.862034,3544,25.0,9365,1.756137,1.756137
2026-09-24T12:47:27.862731,3552,25.0,9360,1.755112,1.755112
2026-09-24T12:47:27.863430,3560,25.0,9369,1.756763,1.756763
2026-09-24T12:47:27.864135,3568,25.0,9370,1.757058,1.757058
2026-09-24T12:47:27.865747,3576,25.0,9361,1.755427,1.755427
2026-09-24T12:47:27.866609,3584,25.0,9355,1.754164,1.754164
2026-09-24T12:47:27.867295,3592,25.0,9350,1.753228,1.753228
2026-09-24T12:47:27.867960,3600,25.0,9394,1.761556,1.761556
2026-09-24T12:47:27.868652,3608,25.0,9365,1.756171,1.756171
2026-09-24T12:47:27.869326,3616,25.0,9373,1.757559,1.757559
2026-09-24T12:47:27.869973,3624,25.0,9360,1.755061,1.755061
2026-09-24T12:47:27.870620,3632,25.0,9358,1.754714,1.754714
2026-09-24T12:47:27.871279,3640,25.0,9364,1.755933,1.755933
2026-09-24T12:47:27.871918,3648,25.0,9361,1.755333,1.755333
2026-09-24T12:47:27.872556,3656,25.0,9362,1.755474,1.755474
2026-09-24T12:47:27.873193,3664,25.0,9369,1.756755,1.756755
2026-09-24T12:47:27.873831,3672,25.0,9359,1.755031,1.755031
2026-09-24T12:47:27.874467,3680,25.0,9374,1.757861,1.757861
2026-09-24T12:47:27.875105,3688,25.0,9363,1.755728,1.755728
2026-09-24T12:47:27.875740,3696,25.0,9379,1.758769,1.758769
2026-09-24T12:47:27.876391,3704,25.0,9372,1.757412,1.757412
2026-09-24T12:47:27.877062,3712,25.0,9368,1.756621,1.756621
2026-09-24T12:47:27.877705,3720,25.0,9353,1.753849,1.753849
2026-09-24T12:47:27.878343,3728,25.0,9373,1.757541,1.757541
2026-09-24T12:47:27.878980,3736,25.0,9361,1.755311,1.755311
2026-09-24T12:47:27.879617,3744,25.0,9344,1.752195,1.752195
2026-09-24T12:47:27.880253,3752,25.0,9354,1.754065,1.754065
2026-09-24T12:47:27.880951,3760,25.0,9361,1.755350,1.755350
2026-09-24T12:47:27.881749,3768,25.0,9370,1.757026,1.757026
2026-09-24T12:47:27.882609,3776,25.0,9358,1.754844,1.754844
2026-09-24T12:47:27.883544,3784,25.0,9380,1.758856,1.758856
2026-09-24T12:47:27.884191,3792,25.0,9360,1.755149,1.755149
2026-09-24T12:47:27.884824,3800,25.0,9366,1.756350,1.756350
2026-09-24T12:47:27.885484,3808,25.0,9340,1.751390,1.751390
2026-09-24T12:47:27.886112,3816,25.0,9362,1.755464,1.755464
2026-09-24T12:47:27.886738,3824,25.0,9346,1.752451,1.752451
2026-09-24T12:47:27.887367,3832,25.0,9363,1.755782,1.755782
2026-09-24T12:47:27.887996,3840,25.0,9360,1.755187,1.755187
2026-09-24T12:47:27.888634,3848,25.0,9368,1.756676,1.756676
2026-09-24T12:47:27.889264,3856,25.0,9358,1.754843,1.754843
2026-09-24T12:47:27.889934,3864,25.0,9370,1.756976,1.756976
2026-09-24T12:47:27.890635,3872,25.0,9372,1.757348,1.757348
2026-09-24T12:47:27.891299,3880,25.0,9372,1.757434,1.757434
2026-09-24T12:47:27.891936,3888,25.0,9355,1.754209,1.754209
2026-09-24T12:47:27.892572,3896,25.0,9370,1.756956,1.756956
2026-09-24T12:47:27.893208,3904,25.0,9374,1.757777,1.757777
2026-09-24T12:47:27.893844,3912,25.0,9368,1.756674,1.756674
2026-09-24T12:47:27.894480,3920,25.0,9375,1.757874,1.757874
2026-09-24T12:47:27.895116,3928,25.0,9364,1.755955,1.755955
2026-09-24T12:47:27.895750,3936,25.0,9360,1.755091,1.755091
2026-09-24T12:47:27.896386,3944,25.0,9373,1.757621,1.757621
2026-09-24T12:47:27.897021,3952,25.0,9351,1.753409,1.753409
2026-09-24T12:47:27.897834,3960,25.0,9361,1.755313,1.755313
2026-09-24T12:47:27.898560,3968,25.0,9364,1.755849,1.755849
2026-09-24T12:47:27.899272,3976,25.0,9354,1.754102,1.754102
2026-09-24T12:47:27.899933,3984,25.0,9347,1.752678,1.752678
2026-09-24T12:47:27.900581,3992,25.0,9350,1.753267,1.753267
2026-09-24T12:47:27.901219,4000,25.0,9370,1.757056,1.757056
2026-09-24T12:47:27.901875,4008,25.0,9360,1.755082,1.755082
2026-09-24T12:47:27.902518,4016,25.0,9334,1.750285,1.750285
2026-09-24T12:47:27.903155,4024,25.0,9371,1.757220,1.757220
2026-09-24T12:47:27.903790,4032,25.0,9347,1.752761,1.752761
2026-09-24T12:47:27.904427,4040,25.0,9344,1.752222,1.752222
2026-09-24T12:47:27.905062,4048,25.0,9335,1.750467,1.750467
2026-09-24T12:47:27.905699,4056,25.0,9360,1.755156,1.755156
2026-09-24T12:47:27.906334,4064,25.0,9357,1.754561,1.754561
2026-09-24T12:47:27.906970,4072,25.0,9368,1.756575,1.756575
2026-09-24T12:47:27.907606,4080,25.0,9353,1.753783,1.753783
2026-09-24T12:47:27.908243,4088,25.0,9354,1.753998,1.753998
2026-09-24T12:47:27.908878,4096,25.0,9364,1.755837,1.755837
2026-09-24T12:47:27.909515,4104,25.0,9356,1.754318,1.754318
2026-09-24T12:47:27.910150,4112,25.0,9349,1.753068,1.753068
2026-09-24T12:47:27.910786,4120,25.0,9339,1.751195,1.751195
2026-09-24T12:47:27.911421,4128,25.0,9346,1.752566,1.752566
2026-09-24T12:47:27.912057,4136,25.0,9343,1.751983,1.751983
2026-09-24T12:47:27.912692,4144,25.0,9359,1.754937,1.754937
2026-09-24T12:47:27.913332,4152,25.0,9353,1.753920,1.753920
2026-09-24T12:47:27.913968,4160,25.0,9347,1.752665,1.752665
2026-09-24T12:47:27.914605,4168,25.0,9374,1.757743,1.757743
2026-09-24T12:47:27.915290,4176,25.0,9355,1.754138,1.754138
2026-09-24T12:47:27.916082,4184,25.0,9365,1.756011,1.756011
2026-09-24T12:47:27.916827,4192,25.0,9350,1.753313,1.753313
2026-09-24T12:47:27.917501,4200,25.0,9371,1.757298,1.757298
2026-09-24T12:47:27.918154,4208,25.0,9384,1.759644,1.759644
2026-09-24T12:47:27.918792,4216,25.0,9351,1.753496,1.753496
2026-09-24T12:47:27.919428,4224,25.0,9365,1.756126,1.756126
2026-09-24T12:47:27.920064,4232,25.0,9343,1.751912,1.751912
2026-09-24T12:47:27.920700,4240,25.0,9343,1.751936,1.751936
2026-09-24T12:47:27.921336,4248,25.0,9352,1.753612,1.753612
2026-09-24T12:47:27.921971,4256,25.0,9369,1.756871,1.756871
2026-09-24T12:47:27.922607,4264,25.0,9366,1.756197,1.756197
2026-09-24T12:47:27.923242,4272,25.0,9338,1.751067,1.751067
2026-09-24T12:47:27.923879,4280,25.0,9363,1.755670,1.755670
2026-09-24T12:47:27.924514,4288,25.0,9350,1.753323,1.753323
2026-09-24T12:47:27.925151,4296,25.0,9355,1.754174,1.754174
2026-09-24T12:47:27.925786,4304,25.0,9360,1.755154,1.755154
2026-09-24T12:47:27.926421,4312,25.0,9365,1.756142,1.756142
2026-09-24T12:47:27.927057,4320,25.0,9379,1.758685,1.758685
2026-09-24T12:47:27.927692,4328,25.0,9361,1.755307,1.755307
2026-09-24T12:47:27.928368,4336,25.0,9333,1.750120,1.750120
2026-09-24T12:47:27.929004,4344,25.0,9339,1.751266,1.751266
2026-09-24T12:47:27.929639,4352,25.0,9351,1.753531,1.753531
2026-09-24T12:47:27.930274,4360,25.0,9373,1.757591,1.757591
2026-09-24T12:47:27.930910,4368,25.0,9350,1.753290,1.753290
2026-09-24T12:47:27.931545,4376,25.0,9364,1.755969,1.755969
2026-09-24T12:47:27.932236,4384,25.0,9365,1.756165,1.756165
2026-09-24T12:47:27.932945,4392,25.0,9359,1.754869,1.754869
2026-09-24T12:47:27.933593,4400,25.0,9356,1.754358,1.754358
2026-09-24T12:47:27.934282,4408,25.0,9346,1.752437,1.752437
2026-09-24T12:47:27.934920,4416,25.0,9347,1.752639,1.752639
2026-09-24T12:47:27.935556,4424,25.0,9367,1.756444,1.756444
2026-09-24T12:47:27.936192,4432,25.0,9348,1.752938,1.752938
2026-09-24T12:47:27.936828,4440,25.0,9372,1.757317,1.757317
2026-09-24T12:47:27.937462,4448,25.0,9348,1.752983,1.752983
2026-09-24T12:47:27.938098,4456,25.0,9334,1.750246,1.750246
2026-09-24T12:47:27.938740,4464,25.0,9363,1.755741,1.755741
2026-09-24T12:47:27.939376,4472,25.0,9362,1.755448,1.755448
2026-09-24T12:47:27.940012,4480,25.0,9362,1.755594,1.755594
2026-09-24T12:47:27.940647,4488,25.0,9370,1.756939,1.756939
2026-09-24T12:47:27.941283,4496,25.0,9341,1.751557,1.751557
2026-09-24T12:47:27.941919,4504,25.0,9392,1.761095,1.761095
2026-09-24T12:47:27.942554,4512,25.0,9370,1.756966,1.756966
2026-09-24T12:47:27.943189,4520,25.0,9369,1.756809,1.756809
2026-09-24T12:47:27.943902,4528,25.0,9366,1.756361,1.756361
2026-09-24T12:47:27.944546,4536,25.0,9368,1.756643,1.756643
2026-09-24T12:47:27.945182,4544,25.0,9365,1.756148,1.756148
2026-09-24T12:47:27.945819,4552,25.0,9379,1.758796,1.758796
2026-09-24T12:47:27.946455,4560,25.0,9341,1.751647,1.751647
2026-09-24T12:47:27.947091,4568,25.0,9367,1.756398,1.756398
2026-09-24T12:47:27.947727,4576,25.0,9380,1.758973,1.758973
2026-09-24T12:47:27.948427,4584,25.0,9370,1.757029,1.757029
2026-09-24T12:47:27.949340,4592,25.0,9361,1.755313,1.755313
2026-09-24T12:47:27.950217,4600,25.0,9353,1.753897,1.753897
2026-09-24T12:47:27.950889,4608,25.0,9345,1.752268,1.752268
2026-09-24T12:47:27.951530,4616,25.0,9385,1.759869,1.759869
2026-09-24T12:47:27.952166,4624,25.0,9356,1.754461,1.754461
2026-09-24T12:47:27.952802,4632,25.0,9371,1.757198,1.757198
2026-09-24T12:47:27.953437,4640,25.0,9382,1.759332,1.759332
2026-09-24T12:47:27.954074,4648,25.0,9366,1.756249,1.756249
2026-09-24T12:47:27.954710,4656,25.0,9383,1.759406,1.759406
2026-09-24T12:47:27.955346,4664,25.0,9380,1.758871,1.758871
2026-09-24T12:47:27.955981,4672,25.0,9371,1.757253,1.757253
2026-09-24T12:47:27.956618,4680,25.0,9363,1.755732,1.755732
2026-09-24T12:47:27.957253,4688,25.0,9364,1.755902,1.755902
2026-09-24T12:47:27.957889,4696,25.0,9358,1.754780,1.754780
2026-09-24T12:47:27.958524,4704,25.0,9360,1.755161,1.755161
2026-09-24T12:47:27.959239,4712,25.0,9369,1.756770,1.756770
2026-09-24T12:47:27.959904,4720,25.0,9360,1.755124,1.755124
2026-09-24T12:47:27.960541,4728,25.0,9362,1.755442,1.755442
2026-09-24T12:47:27.961176,4736,25.0,9373,1.757512,1.757512
2026-09-24T12:47:27.961813,4744,25.0,9369,1.756860,1.756860
2026-09-24T12:47:27.962448,4752,25.0,9373,1.757612,1.757612
2026-09-24T12:47:27.963084,4760,25.0,9353,1.753767,1.753767
2026-09-24T12:47:27.963719,4768,25.0,9348,1.752812,1.752812
2026-09-24T12:47:27.964355,4776,25.0,9358,1.754732,1.754732
2026-09-24T12:47:27.964990,4784,25.0,9332,1.749818,1.749818
2026-09-24T12:47:27.965627,4792,25.0,9361,1.755273,1.755273
2026-09-24T12:47:27.966287,4800,25.0,9353,1.753925,1.753925
2026-09-24T12:47:28.531581,808,50.0,9917,1.859650,1.859650
2026-09-24T12:47:28.532253,816,50.0,9940,1.863901,1.863901
2026-09-24T12:47:28.532886,824,50.0,9924,1.860874,1.860874
2026-09-24T12:47:28.533512,832,50.0,9899,1.856257,1.856257
2026-09-24T12:47:28.534177,840,50.0,9913,1.858903,1.858903
2026-09-24T12:47:28.534923,848,50.0,9905,1.857364,1.857364
2026-09-24T12:47:28.535649,856,50.0,9903,1.857021,1.857021
2026-09-24T12:47:28.536322,864,50.0,9904,1.857134,1.857134
2026-09-24T12:47:28.536983,872,50.0,9915,1.859230,1.859230
2026-09-24T12:47:28.537617,880,50.0,9925,1.861162,1.861162
2026-09-24T12:47:28.538290,888,50.0,9912,1.858709,1.858709
2026-09-24T12:47:28.538919,896,50.0,9914,1.859010,1.859010
2026-09-24T12:47:28.539544,904,50.0,9915,1.859182,1.859182
2026-09-24T12:47:28.540169,912,50.0,9945,1.864924,1.864924
2026-09-24T12:47:28.540794,920,50.0,9928,1.861678,1.861678
2026-09-24T12:47:28.541420,928,50.0,9921,1.860380,1.860380
2026-09-24T12:47:28.542045,936,50.0,9928,1.861581,1.861581
2026-09-24T12:47:28.542669,944,50.0,9914,1.858938,1.858938
2026-09-24T12:47:28.543294,952,50.0,9900,1.856473,1.856473
2026-09-24T12:47:28.543919,960,50.0,9914,1.859100,1.859100
2026-09-24T12:47:28.544544,968,50.0,9936,1.863169,1.863169
2026-09-24T12:47:28.545168,976,50.0,9926,1.861354,1.861354
2026-09-24T12:47:28.545793,984,50.0,9901,1.856623,1.856623
2026-09-24T12:47:28.546416,992,50.0,9912,1.858720,1.858720
2026-09-24T12:47:28.547041,1000,50.0,9930,1.862029,1.862029
2026-09-24T12:47:28.547665,1008,50.0,9921,1.860299,1.860299
2026-09-24T12:47:28.548289,1016,50.0,9924,1.860988,1.860988
2026-09-24T12:47:28.548913,1024,50.0,9926,1.861353,1.861353
2026-09-24T12:47:28.549538,1032,50.0,9908,1.857938,1.857938
2026-09-24T12:47:28.550162,1040,50.0,9899,1.856184,1.856184
2026-09-24T12:47:28.550862,1048,50.0,9905,1.857265,1.857265
2026-09-24T12:47:28.551685,1056,50.0,9925,1.861010,1.861010
2026-09-24T12:47:28.552363,1064,50.0,9930,1.861966,1.861966
2026-09-24T12:47:28.553004,1072,50.0,9918,1.859752,1.859752
2026-09-24T12:47:28.553773,1080,50.0,9911,1.858473,1.858473
2026-09-24T12:47:28.554402,1088,50.0,9895,1.855389,1.855389
2026-09-24T12:47:28.555029,1096,50.0,9937,1.863258,1.863258
2026-09-24T12:47:28.555655,1104,50.0,9924,1.860922,1.860922
2026-09-24T12:47:28.556279,1112,50.0,9919,1.859884,1.859884
2026-09-24T12:47:28.556904,1120,50.0,9915,1.859268,1.859268
2026-09-24T12:47:28.557529,1128,50.0,9914,1.859118,1.859118
2026-09-24T12:47:28.558154,1136,50.0,9929,1.861840,1.861840
2026-09-24T12:47:28.558778,1144,50.0,9939,1.863664,1.863664
2026-09-24T12:47:28.559402,1152,50.0,9944,1.864728,1.864728
2026-09-24T12:47:28.560027,1160,50.0,9905,1.857326,1.857326
2026-09-24T12:47:28.560650,1168,50.0,9896,1.855719,1.855719
2026-09-24T12:47:28.561274,1176,50.0,9926,1.861211,1.861211
2026-09-24T12:47:28.561899,1184,50.0,9914,1.859054,1.859054
2026-09-24T12:47:28.562523,1192,50.0,9926,1.861193,1.861193
2026-09-24T12:47:28.563146,1200,50.0,9933,1.862520,1.862520
2026-09-24T12:47:28.563790,1208,50.0,9928,1.861581,1.861581
2026-09-24T12:47:28.564414,1216,50.0,9932,1.862399,1.862399
2026-09-24T12:47:28.565038,1224,50.0,9911,1.858392,1.858392
2026-09-24T12:47:28.565663,1232,50.0,9909,1.858123,1.858123
2026-09-24T12:47:28.566288,1240,50.0,9910,1.858328,1.858328
2026-09-24T12:47:28.566911,1248,50.0,9896,1.855585,1.855585
2026-09-24T12:47:28.567597,1256,50.0,9912,1.858702,1.858702
2026-09-24T12:47:28.568255,1264,50.0,9923,1.860751,1.860751
2026-09-24T12:47:28.569073,1272,50.0,9944,1.864657,1.864657
2026-09-24T12:47:28.569741,1280,50.0,9909,1.858168,1.858168
2026-09-24T12:47:28.570442,1288,50.0,9905,1.857368,1.857368
2026-09-24T12:47:28.571100,1296,50.0,9905,1.857268,1.857268
2026-09-24T12:47:28.571755,1304,50.0,9930,1.861951,1.861951
2026-09-24T12:47:28.572383,1312,50.0,9912,1.858651,1.858651
2026-09-24T12:47:28.573011,1320,50.0,9904,1.857129,1.857129
2026-09-24T12:47:28.573642,1328,50.0,9912,1.858709,1.858709
2026-09-24T12:47:28.574270,1336,50.0,9907,1.857766,1.857766
2026-09-24T12:47:28.574900,1344,50.0,9939,1.863626,1.863626
2026-09-24T12:47:28.575560,1352,50.0,9926,1.861282,1.861282
2026-09-24T12:47:28.576218,1360,50.0,9926,1.861345,1.861345
2026-09-24T12:47:28.576878,1368,50.0,9932,1.862486,1.862486
2026-09-24T12:47:28.577510,1376,50.0,9898,1.855954,1.855954
2026-09-24T12:47:28.578169,1384,50.0,9922,1.860609,1.860609
2026-09-24T12:47:28.578804,1392,50.0,9937,1.863292,1.863292
2026-09-24T12:47:28.579442,1400,50.0,9906,1.857566,1.857566
2026-09-24T12:47:28.580071,1408,50.0,9916,1.859399,1.859399
2026-09-24T12:47:28.580704,1416,50.0,9904,1.857149,1.857149
2026-09-24T12:47:28.581347,1424,50.0,9898,1.856096,1.856096
2026-09-24T12:47:28.581976,1432,50.0,9910,1.858283,1.858283
2026-09-24T12:47:28.582604,1440,50.0,9914,1.859074,1.859074
2026-09-24T12:47:28.583232,1448,50.0,9941,1.864072,1.864072
2026-09-24T12:47:28.583862,1456,50.0,9918,1.859844,1.859844
2026-09-24T12:47:28.585834,1464,50.0,9939,1.863671,1.863671
2026-09-24T12:47:28.586542,1472,50.0,9933,1.862667,1.862667
2026-09-24T12:47:28.587216,1480,50.0,9916,1.859317,1.859317
2026-09-24T12:47:28.587861,1488,50.0,9937,1.863394,1.863394
2026-09-24T12:47:28.588506,1496,50.0,9913,1.858808,1.858808
2026-09-24T12:47:28.589140,1504,50.0,9924,1.860881,1.860881
2026-09-24T12:47:28.589772,1512,50.0,9897,1.855773,1.855773
2026-09-24T12:47:28.590402,1520,50.0,9926,1.861279,1.861279
2026-09-24T12:47:28.591043,1528,50.0,9930,1.861993,1.861993
2026-09-24T12:47:28.591680,1536,50.0,9920,1.860106,1.860106
2026-09-24T12:47:28.592316,1544,50.0,9921,1.860299,1.860299
2026-09-24T12:47:28.592951,1552,50.0,9933,1.862631,1.862631
2026-09-24T12:47:28.593588,1560,50.0,9924,1.860939,1.860939
2026-09-24T12:47:28.594216,1568,50.0,9920,1.860098,1.860098
2026-09-24T12:47:28.594845,1576,50.0,9905,1.857396,1.857396
2026-09-24T12:47:28.595475,1584,50.0,9938,1.863470,1.863470
2026-09-24T12:47:28.596100,1592,50.0,9940,1.863955,1.863955
2026-09-24T12:47:28.596732,1600,50.0,9918,1.859842,1.859842
2026-09-24T12:47:28.597382,1608,50.0,9914,1.858944,1.858944
2026-09-24T12:47:28.598006,1616,50.0,9898,1.856061,1.856061
2026-09-24T12:47:28.598631,1624,50.0,9930,1.861992,1.861992
2026-09-24T12:47:28.599254,1632,50.0,9916,1.859441,1.859441
2026-09-24T12:47:28.599937,1640,50.0,9918,1.859846,1.859846
2026-09-24T12:47:28.600562,1648,50.0,9898,1.856115,1.856115
2026-09-24T12:47:28.601262,1656,50.0,9914,1.858942,1.858942
2026-09-24T12:47:28.601967,1664,50.0,9914,1.858946,1.858946
2026-09-24T12:47:28.602608,1672,50.0,9901,1.856609,1.856609
2026-09-24T12:47:28.603257,1680,50.0,9920,1.860155,1.860155
2026-09-24T12:47:28.603895,1688,50.0,9933,1.862662,1.862662
2026-09-24T12:47:28.604519,1696,50.0,9919,1.859870,1.859870
2026-09-24T12:47:28.605144,1704,50.0,9895,1.855441,1.855441
2026-09-24T12:47:28.605768,1712,50.0,9913,1.858784,1.858784
2026-09-24T12:47:28.606394,1720,50.0,9912,1.858639,1.858639
2026-09-24T12:47:28.607019,1728,50.0,9925,1.861040,1.861040
2026-09-24T12:47:28.607643,1736,50.0,9912,1.858685,1.858685
2026-09-24T12:47:28.608267,1744,50.0,9927,1.861375,1.861375
2026-09-24T12:47:28.608892,1752,50.0,9909,1.858133,1.858133
2026-09-24T12:47:28.609515,1760,50.0,9924,1.860952,1.860952
2026-09-24T12:47:28.610140,1768,50.0,9921,1.860272,1.860272
2026-09-24T12:47:28.610765,1776,50.0,9900,1.856337,1.856337
2026-09-24T12:47:28.611389,1784,50.0,9933,1.862592,1.862592
2026-09-24T12:47:28.612014,1792,50.0,9921,1.860400,1.860400
2026-09-24T12:47:28.612638,1800,50.0,9904,1.857077,1.857077
2026-09-24T12:47:28.613262,1808,50.0,9912,1.858686,1.858686
2026-09-24T12:47:28.613887,1816,50.0,9919,1.859948,1.859948
2026-09-24T12:47:28.614511,1824,50.0,9920,1.860184,1.860184
2026-09-24T12:47:28.615211,1832,50.0,9913,1.858816,1.858816
2026-09-24T12:47:28.615877,1840,50.0,9912,1.858600,1.858600
2026-09-24T12:47:28.616505,1848,50.0,9926,1.861318,1.861318
2026-09-24T12:47:28.617128,1856,50.0,9936,1.863166,1.863166
2026-09-24T12:47:28.617792,1864,50.0,9905,1.857276,1.857276
2026-09-24T12:47:28.618550,1872,50.0,9928,1.861565,1.861565
2026-09-24T12:47:28.619236,1880,50.0,9917,1.859570,1.859570
2026-09-24T12:47:28.619929,1888,50.0,9909,1.858066,1.858066
2026-09-24T12:47:28.620594,1896,50.0,9910,1.858357,1.858357
2026-09-24T12:47:28.621229,1904,50.0,9912,1.858649,1.858649
2026-09-24T12:47:28.621855,1912,50.0,9914,1.859062,1.859062
2026-09-24T12:47:28.622478,1920,50.0,9935,1.863019,1.863019
2026-09-24T12:47:28.623103,1928,50.0,9927,1.861452,1.861452
2026-09-24T12:47:28.623727,1936,50.0,9907,1.857659,1.857659
2026-09-24T12:47:28.624351,1944,50.0,9929,1.861932,1.861932
2026-09-24T12:47:28.624975,1952,50.0,9891,1.854762,1.854762
2026-09-24T12:47:28.625600,1960,50.0,9915,1.859238,1.859238
2026-09-24T12:47:28.626223,1968,50.0,9930,1.862007,1.862007
2026-09-24T12:47:28.626847,1976,50.0,9902,1.856745,1.856745
2026-09-24T12:47:28.627471,1984,50.0,9922,1.860445,1.860445
2026-09-24T12:47:28.628095,1992,50.0,9910,1.858202,1.858202
2026-09-24T12:47:28.628723,2000,50.0,9910,1.858206,1.858206
2026-09-24T12:47:28.629367,2008,50.0,9925,1.861038,1.861038
2026-09-24T12:47:28.629991,2016,50.0,9924,1.860910,1.860910
2026-09-24T12:47:28.630691,2024,50.0,9906,1.857498,1.857498
2026-09-24T12:47:28.631317,2032,50.0,9926,1.861255,1.861255
2026-09-24T12:47:28.631942,2040,50.0,9928,1.861702,1.861702
2026-09-24T12:47:28.632566,2048,50.0,9920,1.860216,1.860216
2026-09-24T12:47:28.633191,2056,50.0,9917,1.859591,1.859591
2026-09-24T12:47:28.633815,2064,50.0,9911,1.858381,1.858381
2026-09-24T12:47:28.634486,2072,50.0,9931,1.862130,1.862130
2026-09-24T12:47:28.635299,2080,50.0,9923,1.860627,1.860627
2026-09-24T12:47:28.636002,2088,50.0,9897,1.855897,1.855897
2026-09-24T12:47:28.636637,2096,50.0,9918,1.859819,1.859819
2026-09-24T12:47:28.637267,2104,50.0,9892,1.854946,1.854946
2026-09-24T12:47:28.637893,2112,50.0,9869,1.850593,1.850593
2026-09-24T12:47:28.638518,2120,50.0,9937,1.863373,1.863373
2026-09-24T12:47:28.639142,2128,50.0,9910,1.858357,1.858357
2026-09-24T12:47:28.639920,2136,50.0,9919,1.859908,1.859908
2026-09-24T12:47:28.640551,2144,50.0,9920,1.860162,1.860162
2026-09-24T12:47:28.641176,2152,50.0,9918,1.859726,1.859726
2026-09-24T12:47:28.641800,2160,50.0,9898,1.855954,1.855954
2026-09-24T12:47:28.642426,2168,50.0,9903,1.856946,1.856946
2026-09-24T12:47:28.643049,2176,50.0,9906,1.857513,1.857513
2026-09-24T12:47:28.643674,2184,50.0,9899,1.856158,1.856158
2026-09-24T12:47:28.644304,2192,50.0,9928,1.861651,1.861651
2026-09-24T12:47:28.644929,2200,50.0,9915,1.859268,1.859268
2026-09-24T12:47:28.645552,2208,50.0,9932,1.862405,1.862405
2026-09-24T12:47:28.646259,2216,50.0,9901,1.856529,1.856529
2026-09-24T12:47:28.646915,2224,50.0,9901,1.856636,1.856636
2026-09-24T12:47:28.647540,2232,50.0,9895,1.855385,1.855385
2026-09-24T12:47:28.648163,2240,50.0,9926,1.861312,1.861312
2026-09-24T12:47:28.648787,2248,50.0,9930,1.862074,1.862074
2026-09-24T12:47:28.649411,2256,50.0,9910,1.858295,1.858295
2026-09-24T12:47:28.650037,2264,50.0,9932,1.862365,1.862365
2026-09-24T12:47:28.650661,2272,50.0,9922,1.860520,1.860520
2026-09-24T12:47:28.651327,2280,50.0,9914,1.858987,1.858987
2026-09-24T12:47:28.651973,2288,50.0,9916,1.859358,1.859358
2026-09-24T12:47:28.652617,2296,50.0,9925,1.861068,1.861068
2026-09-24T12:47:28.653267,2304,50.0,9924,1.860976,1.860976
2026-09-24T12:47:28.653897,2312,50.0,9912,1.858668,1.858668
2026-09-24T12:47:28.654522,2320,50.0,9931,1.862302,1.862302
2026-09-24T12:47:28.655147,2328,50.0,9920,1.860066,1.860066
2026-09-24T12:47:28.655770,2336,50.0,9919,1.860051,1.860051
2026-09-24T12:47:28.656395,2344,50.0,9893,1.855023,1.855023
2026-09-24T12:47:28.657018,2352,50.0,9931,1.862130,1.862130
2026-09-24T12:47:28.657643,2360,50.0,9921,1.860369,1.860369
2026-09-24T12:47:28.658266,2368,50.0,9929,1.861862,1.861862
2026-09-24T12:47:28.658891,2376,50.0,9933,1.862653,1.862653
2026-09-24T12:47:28.659514,2384,50.0,9912,1.858736,1.858736
2026-09-24T12:47:28.660140,2392,50.0,9924,1.860830,1.860830
2026-09-24T12:47:28.660764,2400,50.0,9925,1.861042,1.861042
2026-09-24T12:47:28.661514,2408,50.0,9909,1.858129,1.858129
2026-09-24T12:47:28.662184,2416,50.0,9925,1.861118,1.861118
2026-09-24T12:47:28.662812,2424,50.0,9907,1.857736,1.857736
2026-09-24T12:47:28.663437,2432,50.0,9937,1.863344,1.863344
2026-09-24T12:47:28.664062,2440,50.0,9907,1.857661,1.857661
2026-09-24T12:47:28.664686,2448,50.0,9933,1.862530,1.862530
2026-09-24T12:47:28.665311,2456,50.0,9924,1.860970,1.860970
2026-09-24T12:47:28.665935,2464,50.0,9919,1.860033,1.860033
2026-09-24T12:47:28.666561,2472,50.0,9916,1.859330,1.859330
2026-09-24T12:47:28.667185,2480,50.0,9908,1.857976,1.857976
2026-09-24T12:47:28.667873,2488,50.0,9930,1.862063,1.862063
2026-09-24T12:47:28.668590,2496,50.0,9901,1.856508,1.856508
2026-09-24T12:47:28.669335,2504,50.0,9924,1.860904,1.860904
2026-09-24T12:47:28.670029,2512,50.0,9895,1.855537,1.855537
2026-09-24T12:47:28.670690,2520,50.0,9933,1.862546,1.862546
2026-09-24T12:47:28.671320,2528,50.0,9939,1.863639,1.863639
2026-09-24T12:47:28.671946,2536,50.0,9927,1.861439,1.861439
2026-09-24T12:47:28.672570,2544,50.0,9900,1.856385,1.856385
2026-09-24T12:47:28.673196,2552,50.0,9923,1.860780,1.860780
2026-09-24T12:47:28.673821,2560,50.0,9924,1.860820,1.860820
2026-09-24T12:47:28.674447,2568,50.0,9922,1.860492,1.860492
2026-09-24T12:47:28.675073,2576,50.0,9918,1.859745,1.859745
2026-09-24T12:47:28.675699,2584,50.0,9918,1.859796,1.859796
2026-09-24T12:47:28.676323,2592,50.0,9949,1.865554,1.865554
2026-09-24T12:47:28.677036,2600,50.0,9919,1.860001,1.860001
2026-09-24T12:47:28.677690,2608,50.0,9912,1.858592,1.858592
2026-09-24T12:47:28.678316,2616,50.0,9918,1.859844,1.859844
2026-09-24T12:47:28.678940,2624,50.0,9930,1.862062,1.862062
2026-09-24T12:47:28.679565,2632,50.0,9922,1.860520,1.860520
2026-09-24T12:47:28.680190,2640,50.0,9906,1.857602,1.857602
2026-09-24T12:47:28.680815,2648,50.0,9930,1.862005,1.862005
2026-09-24T12:47:28.681439,2656,50.0,9930,1.861945,1.861945
2026-09-24T12:47:28.682064,2664,50.0,9945,1.864750,1.864750
2026-09-24T12:47:28.682696,2672,50.0,9918,1.859752,1.859752
2026-09-24T12:47:28.683331,2680,50.0,9923,1.860707,1.860707
2026-09-24T12:47:28.683961,2688,50.0,9954,1.866492,1.866492
2026-09-24T12:47:28.684652,2696,50.0,9913,1.858746,1.858746
2026-09-24T12:47:28.685472,2704,50.0,9925,1.861015,1.861015
2026-09-24T12:47:28.686133,2712,50.0,9948,1.865332,1.865332
2026-09-24T12:47:28.686765,2720,50.0,9900,1.856361,1.856361
2026-09-24T12:47:28.687393,2728,50.0,9913,1.858854,1.858854
2026-09-24T12:47:28.688018,2736,50.0,9914,1.859048,1.859048
2026-09-24T12:47:28.688643,2744,50.0,9909,1.858161,1.858161
2026-09-24T12:47:28.689267,2752,50.0,9911,1.858411,1.858411
2026-09-24T12:47:28.689892,2760,50.0,9924,1.860904,1.860904
2026-09-24T12:47:28.690516,2768,50.0,9913,1.858801,1.858801
2026-09-24T12:47:28.691143,2776,50.0,9938,1.863530,1.863530
2026-09-24T12:47:28.691767,2784,50.0,9915,1.859236,1.859236
2026-09-24T12:47:28.692461,2792,50.0,9934,1.862728,1.862728
2026-09-24T12:47:28.693088,2800,50.0,9914,1.858990,1.858990
2026-09-24T12:47:28.693733,2808,50.0,9906,1.857602,1.857602
2026-09-24T12:47:28.694357,2816,50.0,9940,1.863903,1.863903
2026-09-24T12:47:28.694983,2824,50.0,9920,1.860083,1.860083
2026-09-24T12:47:28.695607,2832,50.0,9923,1.860789,1.860789
2026-09-24T12:47:28.696232,2840,50.0,9895,1.855415,1.855415
2026-09-24T12:47:28.696856,2848,50.0,9914,1.858984,1.858984
2026-09-24T12:47:28.697482,2856,50.0,9927,1.861514,1.861514
2026-09-24T12:47:28.698107,2864,50.0,9899,1.856243,1.856243
2026-09-24T12:47:28.698733,2872,50.0,9923,1.860672,1.860672
2026-09-24T12:47:28.699357,2880,50.0,9917,1.859679,1.859679
2026-09-24T12:47:28.699983,2888,50.0,9920,1.860205,1.860205
2026-09-24T12:47:28.700607,2896,50.0,9933,1.862639,1.862639
2026-09-24T12:47:28.701291,2904,50.0,9927,1.861548,1.861548
2026-09-24T12:47:28.702150,2912,50.0,9919,1.860014,1.860014
2026-09-24T12:47:28.702799,2920,50.0,9877,1.852060,1.852060
2026-09-24T12:47:28.703468,2928,50.0,9932,1.862317,1.862317
2026-09-24T12:47:28.704128,2936,50.0,9907,1.857634,1.857634
2026-09-24T12:47:28.704756,2944,50.0,9926,1.861281,1.861281
2026-09-24T12:47:28.705381,2952,50.0,9921,1.860261,1.860261
2026-09-24T12:47:28.706012,2960,50.0,9912,1.858739,1.858739
2026-09-24T12:47:28.706638,2968,50.0,9902,1.856716,1.856716
2026-09-24T12:47:28.707262,2976,50.0,9903,1.856984,1.856984
2026-09-24T12:47:28.707965,2984,50.0,9931,1.862244,1.862244
2026-09-24T12:47:28.708601,2992,50.0,9919,1.859876,1.859876
2026-09-24T12:47:28.709232,3000,50.0,9942,1.864194,1.864194
2026-09-24T12:47:28.709857,3008,50.0,9927,1.861370,1.861370
2026-09-24T12:47:28.710482,3016,50.0,9934,1.862809,1.862809
2026-09-24T12:47:28.711107,3024,50.0,9926,1.861289,1.861289
2026-09-24T12:47:28.711731,3032,50.0,9908,1.857901,1.857901
2026-09-24T12:47:28.712355,3040,50.0,9932,1.862462,1.862462
2026-09-24T12:47:28.712981,3048,50.0,9908,1.857954,1.857954
2026-09-24T12:47:28.713606,3056,50.0,9927,1.861459,1.861459
2026-09-24T12:47:28.714232,3064,50.0,9911,1.858517,1.858517
2026-09-24T12:47:28.714856,3072,50.0,9906,1.857566,1.857566
2026-09-24T12:47:28.715482,3080,50.0,9924,1.860933,1.860933
2026-09-24T12:47:28.716106,3088,50.0,9923,1.860794,1.860794
2026-09-24T12:47:28.716731,3096,50.0,9918,1.859792,1.859792
2026-09-24T12:47:28.717356,3104,50.0,9936,1.863220,1.863220
2026-09-24T12:47:28.718045,3112,50.0,9898,1.856016,1.856016
2026-09-24T12:47:28.718747,3120,50.0,9942,1.864229,1.864229
2026-09-24T12:47:28.719478,3128,50.0,9940,1.863963,1.863963
2026-09-24T12:47:28.720172,3136,50.0,9936,1.863157,1.863157
2026-09-24T12:47:28.720832,3144,50.0,9929,1.861833,1.861833
2026-09-24T12:47:28.721461,3152,50.0,9938,1.863436,1.863436
2026-09-24T12:47:28.722088,3160,50.0,9926,1.861362,1.861362
2026-09-24T12:47:28.722712,3168,50.0,9924,1.860950,1.860950
2026-09-24T12:47:28.723433,3176,50.0,9913,1.858801,1.858801
2026-09-24T12:47:28.724078,3184,50.0,9923,1.860664,1.860664
2026-09-24T12:47:28.724712,3192,50.0,9943,1.864396,1.864396
2026-09-24T12:47:28.725342,3200,50.0,9910,1.858204,1.858204
2026-09-24T12:47:28.725989,3208,50.0,9927,1.861535,1.861535
2026-09-24T12:47:28.726760,3216,50.0,9911,1.858539,1.858539
2026-09-24T12:47:28.727393,3224,50.0,9927,1.861550,1.861550
2026-09-24T12:47:28.728018,3232,50.0,9899,1.856281,1.856281
2026-09-24T12:47:28.728644,3240,50.0,9935,1.863028,1.863028
2026-09-24T12:47:28.729269,3248,50.0,9900,1.856403,1.856403
2026-09-24T12:47:28.729894,3256,50.0,9918,1.859779,1.859779
2026-09-24T12:47:28.730519,3264,50.0,9911,1.858370,1.858370
2026-09-24T12:47:28.731144,3272,50.0,9928,1.861644,1.861644
2026-09-24T12:47:28.731775,3280,50.0,9910,1.858306,1.858306
2026-09-24T12:47:28.732401,3288,50.0,9944,1.864563,1.864563
2026-09-24T12:47:28.733025,3296,50.0,9907,1.857744,1.857744
2026-09-24T12:47:28.733650,3304,50.0,9915,1.859240,1.859240
2026-09-24T12:47:28.734275,3312,50.0,9915,1.859300,1.859300
2026-09-24T12:47:28.734958,3320,50.0,9924,1.860940,1.860940
2026-09-24T12:47:28.735634,3328,50.0,9939,1.863746,1.863746
2026-09-24T12:47:28.736278,3336,50.0,9928,1.861686,1.861686
2026-09-24T12:47:28.736912,3344,50.0,9914,1.859053,1.859053
2026-09-24T12:47:28.737541,3352,50.0,9927,1.861500,1.861500
2026-09-24T12:47:28.738166,3360,50.0,9913,1.858818,1.858818
2026-09-24T12:47:28.738821,3368,50.0,9925,1.861075,1.861075
2026-09-24T12:47:28.739451,3376,50.0,9922,1.860542,1.860542
2026-09-24T12:47:28.740076,3384,50.0,9916,1.859412,1.859412
2026-09-24T12:47:28.740702,3392,50.0,9916,1.859411,1.859411
2026-09-24T12:47:28.741327,3400,50.0,9917,1.859637,1.859637
2026-09-24T12:47:28.741952,3408,50.0,9899,1.856145,1.856145
2026-09-24T12:47:28.742577,3416,50.0,9896,1.855700,1.855700
2026-09-24T12:47:28.743201,3424,50.0,9907,1.857719,1.857719
2026-09-24T12:47:28.743827,3432,50.0,9914,1.858939,1.858939
2026-09-24T12:47:28.744452,3440,50.0,9911,1.858478,1.858478
2026-09-24T12:47:28.745078,3448,50.0,9910,1.858279,1.858279
2026-09-24T12:47:28.745702,3456,50.0,9921,1.860380,1.860380
2026-09-24T12:47:28.746328,3464,50.0,9915,1.859280,1.859280
2026-09-24T12:47:28.746952,3472,50.0,9906,1.857475,1.857475
2026-09-24T12:47:28.747578,3480,50.0,9888,1.854109,1.854109
2026-09-24T12:47:28.748202,3488,50.0,9899,1.856193,1.856193
2026-09-24T12:47:28.748828,3496,50.0,9924,1.860949,1.860949
2026-09-24T12:47:28.749452,3504,50.0,9902,1.856867,1.856867
2026-09-24T12:47:28.750077,3512,50.0,9910,1.858214,1.858214
2026-09-24T12:47:28.750702,3520,50.0,9927,1.861493,1.861493
2026-09-24T12:47:28.751395,3528,50.0,9913,1.858909,1.858909
2026-09-24T12:47:28.752312,3536,50.0,9911,1.858533,1.858533
2026-09-24T12:47:28.752977,3544,50.0,9921,1.860415,1.860415
2026-09-24T12:47:28.753611,3552,50.0,9940,1.863938,1.863938
2026-09-24T12:47:28.754257,3560,50.0,9918,1.859783,1.859783
2026-09-24T12:47:28.754886,3568,50.0,9909,1.858100,1.858100
2026-09-24T12:47:28.755513,3576,50.0,9948,1.865331,1.865331
2026-09-24T12:47:28.756138,3584,50.0,9932,1.862455,1.862455
2026-09-24T12:47:28.756764,3592,50.0,9904,1.857232,1.857232
2026-09-24T12:47:28.757390,3600,50.0,9918,1.859823,1.859823
2026-09-24T12:47:28.758035,3608,50.0,9920,1.860182,1.860182
2026-09-24T12:47:28.758660,3616,50.0,9936,1.863244,1.863244
2026-09-24T12:47:28.759286,3624,50.0,9902,1.856797,1.856797
2026-09-24T12:47:28.759918,3632,50.0,9908,1.857816,1.857816
2026-09-24T12:47:28.760543,3640,50.0,9916,1.859402,1.859402
2026-09-24T12:47:28.761166,3648,50.0,9913,1.858827,1.858827
2026-09-24T12:47:28.761791,3656,50.0,9908,1.857829,1.857829
2026-09-24T12:47:28.762415,3664,50.0,9905,1.857353,1.857353
2026-09-24T12:47:28.763040,3672,50.0,9913,1.858837,1.858837
2026-09-24T12:47:28.763664,3680,50.0,9934,1.862860,1.862860
2026-09-24T12:47:28.764289,3688,50.0,9922,1.860517,1.860517
2026-09-24T12:47:28.764913,3696,50.0,9890,1.854564,1.854564
2026-09-24T12:47:28.765539,3704,50.0,9907,1.857774,1.857774
2026-09-24T12:47:28.766162,3712,50.0,9929,1.861863,1.861863
2026-09-24T12:47:28.766787,3720,50.0,9921,1.860322,1.860322
2026-09-24T12:47:28.767411,3728,50.0,9938,1.863613,1.863613
2026-09-24T12:47:28.768105,3736,50.0,9905,1.857328,1.857328
2026-09-24T12:47:28.768961,3744,50.0,9925,1.861089,1.861089
2026-09-24T12:47:28.769727,3752,50.0,9903,1.857006,1.857006
2026-09-24T12:47:28.770396,3760,50.0,9926,1.861321,1.861321
2026-09-24T12:47:28.771028,3768,50.0,9908,1.857880,1.857880
2026-09-24T12:47:28.771655,3776,50.0,9928,1.861656,1.861656
2026-09-24T12:47:28.772280,3784,50.0,9905,1.857244,1.857244
2026-09-24T12:47:28.772904,3792,50.0,9914,1.859080,1.859080
2026-09-24T12:47:28.773529,3800,50.0,9905,1.857378,1.857378
2026-09-24T12:47:28.774152,3808,50.0,9910,1.858316,1.858316
2026-09-24T12:47:28.774777,3816,50.0,9895,1.855539,1.855539
2026-09-24T12:47:28.775401,3824,50.0,9927,1.861386,1.861386
2026-09-24T12:47:28.776026,3832,50.0,9894,1.855279,1.855279
2026-09-24T12:47:28.776650,3840,50.0,9923,1.860691,1.860691
2026-09-24T12:47:28.777275,3848,50.0,9923,1.860743,1.860743
2026-09-24T12:47:28.777898,3856,50.0,9923,1.860771,1.860771
2026-09-24T12:47:28.778523,3864,50.0,9903,1.856969,1.856969
2026-09-24T12:47:28.779147,3872,50.0,9911,1.858457,1.858457
2026-09-24T12:47:28.779772,3880,50.0,9887,1.854003,1.854003
2026-09-24T12:47:28.780396,3888,50.0,9915,1.859296,1.859296
2026-09-24T12:47:28.781021,3896,50.0,9920,1.860090,1.860090
2026-09-24T12:47:28.781645,3904,50.0,9932,1.862429,1.862429
2026-09-24T12:47:28.782269,3912,50.0,9950,1.865798,1.865798
2026-09-24T12:47:28.782894,3920,50.0,9918,1.859746,1.859746
2026-09-24T12:47:28.783518,3928,50.0,9904,1.857073,1.857073
2026-09-24T12:47:28.784141,3936,50.0,9911,1.858433,1.858433
2026-09-24T12:47:28.784830,3944,50.0,9927,1.861444,1.861444
2026-09-24T12:47:28.785814,3952,50.0,9917,1.859626,1.859626
2026-09-24T12:47:28.786488,3960,50.0,9916,1.859479,1.859479
2026-09-24T12:47:28.787121,3968,50.0,9941,1.864063,1.864063
2026-09-24T12:47:28.787750,3976,50.0,9916,1.859389,1.859389
2026-09-24T12:47:28.788375,3984,50.0,9913,1.858820,1.858820
2026-09-24T12:47:28.789000,3992,50.0,9936,1.863170,1.863170
2026-09-24T12:47:28.789624,4000,50.0,9909,1.858177,1.858177
2026-09-24T12:47:28.790273,4008,50.0,9915,1.859214,1.859214
2026-09-24T12:47:28.790903,4016,50.0,9926,1.861220,1.861220
2026-09-24T12:47:28.791528,4024,50.0,9902,1.856838,1.856838
2026-09-24T12:47:28.792153,4032,50.0,9909,1.858013,1.858013
2026-09-24T12:47:28.792777,4040,50.0,9892,1.854909,1.854909
2026-09-24T12:47:28.793401,4048,50.0,9931,1.862241,1.862241
2026-09-24T12:47:28.794026,4056,50.0,9929,1.861803,1.861803
2026-09-24T12:47:28.794649,4064,50.0,9933,1.862608,1.862608
2026-09-24T12:47:28.795274,4072,50.0,9935,1.862971,1.862971
2026-09-24T12:47:28.795898,4080,50.0,9916,1.859407,1.859407
2026-09-24T12:47:28.796523,4088,50.0,9908,1.857970,1.857970
2026-09-24T12:47:28.797147,4096,50.0,9931,1.862223,1.862223
2026-09-24T12:47:28.797772,4104,50.0,9928,1.861736,1.861736
2026-09-24T12:47:28.798396,4112,50.0,9929,1.861769,1.861769
2026-09-24T12:47:28.799020,4120,50.0,9938,1.863525,1.863525
2026-09-24T12:47:28.799644,4128,50.0,9950,1.865819,1.865819
2026-09-24T12:47:28.800326,4136,50.0,9933,1.862569,1.862569
2026-09-24T12:47:28.800982,4144,50.0,9897,1.855806,1.855806
2026-09-24T12:47:28.801672,4152,50.0,9943,1.864402,1.864402
2026-09-24T12:47:28.802339,4160,50.0,9928,1.861598,1.861598
2026-09-24T12:47:28.803095,4168,50.0,9925,1.861074,1.861074
2026-09-24T12:47:28.803890,4176,50.0,9900,1.856311,1.856311
2026-09-24T12:47:28.804879,4184,50.0,9912,1.858627,1.858627
2026-09-24T12:47:28.805509,4192,50.0,9914,1.859090,1.859090
2026-09-24T12:47:28.806134,4200,50.0,9909,1.857997,1.857997
2026-09-24T12:47:28.806759,4208,50.0,9955,1.866667,1.866667
2026-09-24T12:47:28.807385,4216,50.0,9896,1.855594,1.855594
2026-09-24T12:47:28.808009,4224,50.0,9908,1.857852,1.857852
2026-09-24T12:47:28.808633,4232,50.0,9900,1.856381,1.856381
2026-09-24T12:47:28.809258,4240,50.0,9917,1.859533,1.859533
2026-09-24T12:47:28.809883,4248,50.0,9921,1.860397,1.860397
2026-09-24T12:47:28.810507,4256,50.0,9913,1.858894,1.858894
2026-09-24T12:47:28.811132,4264,50.0,9899,1.856277,1.856277
2026-09-24T12:47:28.811756,4272,50.0,9903,1.857033,1.857033
2026-09-24T12:47:28.812380,4280,50.0,9907,1.857662,1.857662
2026-09-24T12:47:28.813013,4288,50.0,9939,1.863760,1.863760
2026-09-24T12:47:28.813644,4296,50.0,9924,1.860874,1.860874
2026-09-24T12:47:28.814268,4304,50.0,9911,1.858413,1.858413
2026-09-24T12:47:28.814892,4312,50.0,9926,1.861350,1.861350
2026-09-24T12:47:28.815579,4320,50.0,9906,1.857485,1.857485
2026-09-24T12:47:28.816628,4328,50.0,9903,1.856936,1.856936
2026-09-24T12:47:28.817253,4336,50.0,9913,1.858787,1.858787
2026-09-24T12:47:28.817877,4344,50.0,9927,1.861402,1.861402
2026-09-24T12:47:28.818566,4352,50.0,9927,1.861515,1.861515
2026-09-24T12:47:28.819234,4360,50.0,9908,1.857991,1.857991
2026-09-24T12:47:28.819920,4368,50.0,9914,1.859075,1.859075
2026-09-24T12:47:28.820615,4376,50.0,9917,1.859557,1.859557
2026-09-24T12:47:28.821283,4384,50.0,9893,1.855019,1.855019
2026-09-24T12:47:28.821916,4392,50.0,9946,1.864958,1.864958
2026-09-24T12:47:28.822542,4400,50.0,9907,1.857679,1.857679
2026-09-24T12:47:28.823186,4408,50.0,9923,1.860704,1.860704
2026-09-24T12:47:28.823810,4416,50.0,9933,1.862498,1.862498
2026-09-24T12:47:28.824436,4424,50.0,9912,1.858694,1.858694
2026-09-24T12:47:28.825060,4432,50.0,9926,1.861352,1.861352
2026-09-24T12:47:28.825685,4440,50.0,9936,1.863222,1.863222
2026-09-24T12:47:28.826309,4448,50.0,9910,1.858285,1.858285
2026-09-24T12:47:28.826934,4456,50.0,9909,1.858070,1.858070
2026-09-24T12:47:28.827565,4464,50.0,9905,1.857264,1.857264
2026-09-24T12:47:28.828190,4472,50.0,9920,1.860080,1.860080
2026-09-24T12:47:28.828814,4480,50.0,9922,1.860584,1.860584
2026-09-24T12:47:28.829439,4488,50.0,9928,1.861698,1.861698
2026-09-24T12:47:28.830063,4496,50.0,9914,1.859033,1.859033
2026-09-24T12:47:28.830720,4504,50.0,9910,1.858216,1.858216
2026-09-24T12:47:28.831345,4512,50.0,9903,1.856873,1.856873
2026-09-24T12:47:28.831970,4520,50.0,9920,1.860233,1.860233
2026-09-24T12:47:28.832594,4528,50.0,9912,1.858744,1.858744
2026-09-24T12:47:28.833219,4536,50.0,9918,1.859822,1.859822
2026-09-24T12:47:28.833843,4544,50.0,9915,1.859121,1.859121
2026-09-24T12:47:28.834468,4552,50.0,9915,1.859183,1.859183
2026-09-24T12:47:28.835174,4560,50.0,9910,1.858194,1.858194
2026-09-24T12:47:28.836007,4568,50.0,9923,1.860676,1.860676
2026-09-24T12:47:28.836738,4576,50.0,9921,1.860361,1.860361
2026-09-24T12:47:28.837373,4584,50.0,9922,1.860590,1.860590
2026-09-24T12:47:28.837999,4592,50.0,9919,1.860010,1.860010
2026-09-24T12:47:28.838625,4600,50.0,9922,1.860563,1.860563
2026-09-24T12:47:28.839250,4608,50.0,9924,1.860958,1.860958
2026-09-24T12:47:28.839874,4616,50.0,9929,1.861912,1.861912
2026-09-24T12:47:28.840499,4624,50.0,9912,1.858575,1.858575
2026-09-24T12:47:28.841123,4632,50.0,9914,1.859104,1.859104
2026-09-24T12:47:28.841747,4640,50.0,9923,1.860640,1.860640
2026-09-24T12:47:28.842373,4648,50.0,9920,1.860137,1.860137
2026-09-24T12:47:28.842997,4656,50.0,9912,1.858721,1.858721
2026-09-24T12:47:28.843622,4664,50.0,9910,1.858331,1.858331
2026-09-24T12:47:28.844246,4672,50.0,9902,1.856702,1.856702
2026-09-24T12:47:28.844871,4680,50.0,9910,1.858298,1.858298
2026-09-24T12:47:28.845494,4688,50.0,9902,1.856842,1.856842
2026-09-24T12:47:28.846184,4696,50.0,9926,1.861196,1.861196
2026-09-24T12:47:28.846841,4704,50.0,9939,1.863785,1.863785
2026-09-24T12:47:28.847465,4712,50.0,9930,1.862093,1.862093
2026-09-24T12:47:28.848089,4720,50.0,9937,1.863247,1.863247
2026-09-24T12:47:28.848714,4728,50.0,9930,1.862033,1.862033
2026-09-24T12:47:28.849338,4736,50.0,9932,1.862310,1.862310
2026-09-24T12:47:28.849963,4744,50.0,9924,1.860890,1.860890
2026-09-24T12:47:28.850587,4752,50.0,9935,1.863052,1.863052
2026-09-24T12:47:28.851212,4760,50.0,9906,1.857483,1.857483
2026-09-24T12:47:28.851944,4768,50.0,9920,1.860130,1.860130
2026-09-24T12:47:28.852762,4776,50.0,9932,1.862462,1.862462
2026-09-24T12:47:28.853428,4784,50.0,9924,1.860867,1.860867
2026-09-24T12:47:28.854068,4792,50.0,9888,1.854217,1.854217
2026-09-24T12:47:28.854696,4800,50.0,9902,1.856734,1.856734
2026-09-24T12:47:29.423490,808,100.0,11034,2.069076,2.069076
2026-09-24T12:47:29.424131,816,100.0,11034,2.068978,2.068978
2026-09-24T12:47:29.424741,824,100.0,11036,2.069421,2.069421
2026-09-24T12:47:29.425344,832,100.0,11044,2.070883,2.070883
2026-09-24T12:47:29.425942,840,100.0,11039,2.070024,2.070024
2026-09-24T12:47:29.426540,848,100.0,11047,2.071395,2.071395
2026-09-24T12:47:29.427138,856,100.0,11043,2.070658,2.070658
2026-09-24T12:47:29.427734,864,100.0,11025,2.067272,2.067272
2026-09-24T12:47:29.428330,872,100.0,11044,2.070831,2.070831
2026-09-24T12:47:29.428926,880,100.0,11038,2.069791,2.069791
2026-09-24T12:47:29.429522,888,100.0,11040,2.070197,2.070197
2026-09-24T12:47:29.430118,896,100.0,11040,2.070219,2.070219
2026-09-24T12:47:29.430714,904,100.0,11062,2.074313,2.074313
2026-09-24T12:47:29.431309,912,100.0,11042,2.070453,2.070453
2026-09-24T12:47:29.431906,920,100.0,11019,2.066233,2.066233
2026-09-24T12:47:29.432501,928,100.0,11065,2.074823,2.074823
2026-09-24T12:47:29.433103,936,100.0,11040,2.070202,2.070202
2026-09-24T12:47:29.433705,944,100.0,11037,2.069553,2.069553
2026-09-24T12:47:29.434301,952,100.0,11032,2.068689,2.068689
2026-09-24T12:47:29.434896,960,100.0,11046,2.071302,2.071302
2026-09-24T12:47:29.435492,968,100.0,11035,2.069145,2.069145
2026-09-24T12:47:29.436087,976,100.0,11056,2.073120,2.073120
2026-09-24T12:47:29.436683,984,100.0,11052,2.072483,2.072483
2026-09-24T12:47:29.437271,992,100.0,11028,2.067997,2.067997
2026-09-24T12:47:29.437869,1000,100.0,11059,2.073777,2.073777
2026-09-24T12:47:29.438487,1008,100.0,11037,2.069535,2.069535
2026-09-24T12:47:29.439087,1016,100.0,11037,2.069543,2.069543
2026-09-24T12:47:29.439673,1024,100.0,11038,2.069823,2.069823
2026-09-24T12:47:29.440270,1032,100.0,11021,2.066510,2.066510
2026-09-24T12:47:29.440866,1040,100.0,11031,2.068549,2.068549
2026-09-24T12:47:29.441462,1048,100.0,11035,2.069304,2.069304
2026-09-24T12:47:29.442058,1056,100.0,11036,2.069441,2.069441
2026-09-24T12:47:29.442654,1064,100.0,11042,2.070487,2.070487
2026-09-24T12:47:29.443251,1072,100.0,11036,2.069326,2.069326
2026-09-24T12:47:29.443852,1080,100.0,11019,2.066228,2.066228
2026-09-24T12:47:29.444449,1088,100.0,11040,2.070237,2.070237
2026-09-24T12:47:29.445046,1096,100.0,11047,2.071378,2.071378
2026-09-24T12:47:29.445642,1104,100.0,11041,2.070376,2.070376
2026-09-24T12:47:29.446238,1112,100.0,11033,2.068760,2.068760
2026-09-24T12:47:29.446834,1120,100.0,11037,2.069620,2.069620
2026-09-24T12:47:29.447430,1128,100.0,11014,2.065281,2.065281
2026-09-24T12:47:29.448027,1136,100.0,11037,2.069605,2.069605
2026-09-24T12:47:29.448678,1144,100.0,11060,2.073915,2.073915
2026-09-24T12:47:29.449300,1152,100.0,11055,2.072951,2.072951
2026-09-24T12:47:29.449917,1160,100.0,11042,2.070574,2.070574
2026-09-24T12:47:29.450529,1168,100.0,11050,2.072001,2.072001
2026-09-24T12:47:29.451130,1176,100.0,11032,2.068719,2.068719
2026-09-24T12:47:29.451716,1184,100.0,11052,2.072348,2.072348
2026-09-24T12:47:29.452302,1192,100.0,11028,2.067956,2.067956
2026-09-24T12:47:29.452887,1200,100.0,11037,2.069633,2.069633
2026-09-24T12:47:29.453485,1208,100.0,11042,2.070506,2.070506
2026-09-24T12:47:29.454111,1216,100.0,11028,2.067849,2.067849
2026-09-24T12:47:29.454759,1224,100.0,11055,2.072883,2.072883
2026-09-24T12:47:29.455518,1232,100.0,11042,2.070463,2.070463
2026-09-24T12:47:29.456120,1240,100.0,11020,2.066468,2.066468
2026-09-24T12:47:29.456710,1248,100.0,11057,2.073286,2.073286
2026-09-24T12:47:29.457298,1256,100.0,11044,2.070967,2.070967
2026-09-24T12:47:29.457885,1264,100.0,11034,2.068979,2.068979
2026-09-24T12:47:29.458471,1272,100.0,11050,2.072054,2.072054
2026-09-24T12:47:29.459059,1280,100.0,11036,2.069463,2.069463
2026-09-24T12:47:29.459652,1288,100.0,11039,2.070024,2.070024
2026-09-24T12:47:29.460261,1296,100.0,11049,2.071789,2.071789
2026-09-24T12:47:29.460868,1304,100.0,11033,2.068880,2.068880
2026-09-24T12:47:29.461472,1312,100.0,11038,2.069693,2.069693
2026-09-24T12:47:29.462062,1320,100.0,11025,2.067354,2.067354
2026-09-24T12:47:29.462652,1328,100.0,11035,2.069233,2.069233
2026-09-24T12:47:29.463241,1336,100.0,11029,2.068158,2.068158
2026-09-24T12:47:29.463893,1344,100.0,11065,2.074832,2.074832
2026-09-24T12:47:29.464498,1352,100.0,11029,2.068117,2.068117
2026-09-24T12:47:29.465086,1360,100.0,11028,2.067841,2.067841
2026-09-24T12:47:29.465672,1368,100.0,11037,2.069503,2.069503
2026-09-24T12:47:29.466271,1376,100.0,11026,2.067532,2.067532
2026-09-24T12:47:29.466867,1384,100.0,11053,2.072554,2.072554
2026-09-24T12:47:29.467463,1392,100.0,11038,2.069756,2.069756
2026-09-24T12:47:29.468059,1400,100.0,11046,2.071306,2.071306
2026-09-24T12:47:29.468655,1408,100.0,11021,2.066669,2.066669
2026-09-24T12:47:29.469252,1416,100.0,11066,2.075001,2.075001
2026-09-24T12:47:29.469851,1424,100.0,11034,2.069067,2.069067
2026-09-24T12:47:29.470482,1432,100.0,11027,2.067640,2.067640
2026-09-24T12:47:29.471149,1440,100.0,11043,2.070773,2.070773
2026-09-24T12:47:29.471988,1448,100.0,11060,2.073993,2.073993
2026-09-24T12:47:29.472611,1456,100.0,11033,2.068818,2.068818
2026-09-24T12:47:29.473200,1464,100.0,11039,2.070024,2.070024
2026-09-24T12:47:29.473797,1472,100.0,11032,2.068626,2.068626
2026-09-24T12:47:29.474393,1480,100.0,11056,2.073198,2.073198
2026-09-24T12:47:29.474988,1488,100.0,11034,2.069076,2.069076
2026-09-24T12:47:29.475584,1496,100.0,11031,2.068531,2.068531
2026-09-24T12:47:29.476180,1504,100.0,11047,2.071440,2.071440
2026-09-24T12:47:29.476777,1512,100.0,11020,2.066349,2.066349
2026-09-24T12:47:29.477372,1520,100.0,11029,2.068130,2.068130
2026-09-24T12:47:29.477967,1528,100.0,11049,2.071856,2.071856
2026-09-24T12:47:29.478563,1536,100.0,11050,2.072125,2.072125
2026-09-24T12:47:29.479259,1544,100.0,11044,2.070947,2.070947
2026-09-24T12:47:29.479880,1552,100.0,11036,2.069358,2.069358
2026-09-24T12:47:29.480476,1560,100.0,11046,2.071315,2.071315
2026-09-24T12:47:29.481071,1568,100.0,11031,2.068473,2.068473
2026-09-24T12:47:29.481667,1576,100.0,11041,2.070312,2.070312
2026-09-24T12:47:29.482263,1584,100.0,11031,2.068438,2.068438
2026-09-24T12:47:29.482859,1592,100.0,11019,2.066279,2.066279
2026-09-24T12:47:29.483454,1600,100.0,11039,2.070062,2.070062
2026-09-24T12:47:29.484065,1608,100.0,11033,2.068880,2.068880
2026-09-24T12:47:29.484661,1616,100.0,11021,2.066555,2.066555
2026-09-24T12:47:29.485258,1624,100.0,11031,2.068458,2.068458
2026-09-24T12:47:29.485853,1632,100.0,11022,2.066802,2.066802
2026-09-24T12:47:29.486877,1640,100.0,11042,2.070562,2.070562
2026-09-24T12:47:29.487466,1648,100.0,11042,2.070523,2.070523
2026-09-24T12:47:29.488064,1656,100.0,11040,2.070095,2.070095
2026-09-24T12:47:29.488675,1664,100.0,11043,2.070672,2.070672
2026-09-24T12:47:29.489277,1672,100.0,11050,2.071962,2.071962
2026-09-24T12:47:29.489881,1680,100.0,11068,2.075340,2.075340
2026-09-24T12:47:29.490477,1688,100.0,11038,2.069870,2.069870
2026-09-24T12:47:29.491073,1696,100.0,11053,2.072683,2.072683
2026-09-24T12:47:29.491669,1704,100.0,11061,2.074092,2.074092
2026-09-24T12:47:29.492265,1712,100.0,11060,2.073994,2.073994
2026-09-24T12:47:29.492862,1720,100.0,11059,2.073635,2.073635
2026-09-24T12:47:29.493458,1728,100.0,11038,2.069723,2.069723
2026-09-24T12:47:29.494054,1736,100.0,11048,2.071573,2.071573
2026-09-24T12:47:29.494707,1744,100.0,11032,2.068574,2.068574
2026-09-24T12:47:29.495732,1752,100.0,11047,2.071379,2.071379
2026-09-24T12:47:29.496327,1760,100.0,11033,2.068767,2.068767
2026-09-24T12:47:29.496924,1768,100.0,11046,2.071373,2.071373
2026-09-24T12:47:29.497521,1776,100.0,11022,2.066828,2.066828
2026-09-24T12:47:29.498116,1784,100.0,11025,2.067285,2.067285
2026-09-24T12:47:29.498712,1792,100.0,11009,2.064402,2.064402
2026-09-24T12:47:29.499307,1800,100.0,11034,2.068971,2.068971
2026-09-24T12:47:29.499903,1808,100.0,11031,2.068394,2.068394
2026-09-24T12:47:29.500499,1816,100.0,11068,2.075363,2.075363
2026-09-24T12:47:29.501095,1824,100.0,11025,2.067388,2.067388
2026-09-24T12:47:29.501691,1832,100.0,11059,2.073703,2.073703
2026-09-24T12:47:29.502290,1840,100.0,11039,2.069961,2.069961
2026-09-24T12:47:29.502886,1848,100.0,11070,2.075841,2.075841
2026-09-24T12:47:29.503482,1856,100.0,11046,2.071331,2.071331
2026-09-24T12:47:29.504092,1864,100.0,11049,2.071790,2.071790
2026-09-24T12:47:29.504710,1872,100.0,11027,2.067783,2.067783
2026-09-24T12:47:29.505328,1880,100.0,11049,2.071784,2.071784
2026-09-24T12:47:29.505936,1888,100.0,11053,2.072631,2.072631
2026-09-24T12:47:29.506552,1896,100.0,11047,2.071465,2.071465
2026-09-24T12:47:29.507149,1904,100.0,11063,2.074435,2.074435
2026-09-24T12:47:29.507745,1912,100.0,11016,2.065678,2.065678
2026-09-24T12:47:29.508340,1920,100.0,11028,2.067918,2.067918
2026-09-24T12:47:29.508937,1928,100.0,11030,2.068229,2.068229
2026-09-24T12:47:29.509532,1936,100.0,11030,2.068304,2.068304
2026-09-24T12:47:29.510181,1944,100.0,11019,2.066249,2.066249
2026-09-24T12:47:29.510778,1952,100.0,11054,2.072806,2.072806
2026-09-24T12:47:29.511375,1960,100.0,11016,2.065738,2.065738
2026-09-24T12:47:29.511972,1968,100.0,11051,2.072196,2.072196
2026-09-24T12:47:29.512567,1976,100.0,11044,2.070859,2.070859
2026-09-24T12:47:29.513163,1984,100.0,11032,2.068685,2.068685
2026-09-24T12:47:29.513759,1992,100.0,11054,2.072758,2.072758
2026-09-24T12:47:29.514359,2000,100.0,11067,2.075299,2.075299
2026-09-24T12:47:29.514970,2008,100.0,11039,2.069925,2.069925
2026-09-24T12:47:29.515566,2016,100.0,11038,2.069802,2.069802
2026-09-24T12:47:29.516161,2024,100.0,11036,2.069472,2.069472
2026-09-24T12:47:29.516757,2032,100.0,11041,2.070345,2.070345
2026-09-24T12:47:29.517353,2040,100.0,11047,2.071451,2.071451
2026-09-24T12:47:29.517949,2048,100.0,11044,2.070857,2.070857
2026-09-24T12:47:29.518545,2056,100.0,11021,2.066517,2.066517
2026-09-24T12:47:29.519141,2064,100.0,11028,2.067815,2.067815
2026-09-24T12:47:29.519737,2072,100.0,11025,2.067307,2.067307
2026-09-24T12:47:29.520334,2080,100.0,11040,2.070081,2.070081
2026-09-24T12:47:29.520924,2088,100.0,11043,2.070697,2.070697
2026-09-24T12:47:29.521518,2096,100.0,11051,2.072206,2.072206
2026-09-24T12:47:29.522130,2104,100.0,11036,2.069424,2.069424
2026-09-24T12:47:29.522717,2112,100.0,11028,2.067886,2.067886
2026-09-24T12:47:29.523319,2120,100.0,11032,2.068612,2.068612
2026-09-24T12:47:29.523916,2128,100.0,11034,2.069030,2.069030
2026-09-24T12:47:29.524513,2136,100.0,11054,2.072712,2.072712
2026-09-24T12:47:29.525109,2144,100.0,11047,2.071390,2.071390
2026-09-24T12:47:29.525762,2152,100.0,11062,2.074370,2.074370
2026-09-24T12:47:29.526383,2160,100.0,11045,2.071027,2.071027
2026-09-24T12:47:29.526980,2168,100.0,11044,2.070932,2.070932
2026-09-24T12:47:29.527576,2176,100.0,11025,2.067419,2.067419
2026-09-24T12:47:29.528172,2184,100.0,11032,2.068727,2.068727
2026-09-24T12:47:29.528772,2192,100.0,11047,2.071402,2.071402
2026-09-24T12:47:29.529369,2200,100.0,11041,2.070430,2.070430
2026-09-24T12:47:29.529965,2208,100.0,11006,2.063789,2.063789
2026-09-24T12:47:29.530562,2216,100.0,11043,2.070768,2.070768
2026-09-24T12:47:29.531157,2224,100.0,11052,2.072381,2.072381
2026-09-24T12:47:29.531753,2232,100.0,11016,2.065710,2.065710
2026-09-24T12:47:29.532348,2240,100.0,11070,2.075731,2.075731
2026-09-24T12:47:29.532944,2248,100.0,11030,2.068327,2.068327
2026-09-24T12:47:29.533540,2256,100.0,11047,2.071529,2.071529
2026-09-24T12:47:29.534136,2264,100.0,11046,2.071371,2.071371
2026-09-24T12:47:29.534732,2272,100.0,11044,2.070965,2.070965
2026-09-24T12:47:29.535328,2280,100.0,11032,2.068581,2.068581
2026-09-24T12:47:29.535924,2288,100.0,11065,2.074919,2.074919
2026-09-24T12:47:29.536521,2296,100.0,11041,2.070291,2.070291
2026-09-24T12:47:29.537117,2304,100.0,11052,2.072454,2.072454
2026-09-24T12:47:29.537834,2312,100.0,11046,2.071202,2.071202
2026-09-24T12:47:29.538442,2320,100.0,11027,2.067689,2.067689
2026-09-24T12:47:29.539043,2328,100.0,11030,2.068230,2.068230
2026-09-24T12:47:29.539662,2336,100.0,11055,2.072989,2.072989
2026-09-24T12:47:29.540260,2344,100.0,11050,2.072026,2.072026
2026-09-24T12:47:29.540925,2352,100.0,11042,2.070585,2.070585
2026-09-24T12:47:29.541535,2360,100.0,11038,2.069770,2.069770
2026-09-24T12:47:29.542132,2368,100.0,11056,2.073111,2.073111
2026-09-24T12:47:29.542728,2376,100.0,11062,2.074307,2.074307
2026-09-24T12:47:29.543324,2384,100.0,11039,2.069940,2.069940
2026-09-24T12:47:29.543927,2392,100.0,11019,2.066234,2.066234
2026-09-24T12:47:29.544526,2400,100.0,11017,2.065863,2.065863
2026-09-24T12:47:29.545136,2408,100.0,11030,2.068366,2.068366
2026-09-24T12:47:29.545739,2416,100.0,11047,2.071493,2.071493
2026-09-24T12:47:29.546335,2424,100.0,11049,2.071768,2.071768
2026-09-24T12:47:29.546931,2432,100.0,11048,2.071639,2.071639
2026-09-24T12:47:29.547527,2440,100.0,11044,2.070820,2.070820
2026-09-24T12:47:29.548124,2448,100.0,11059,2.073733,2.073733
2026-09-24T12:47:29.548720,2456,100.0,11031,2.068476,2.068476
2026-09-24T12:47:29.549316,2464,100.0,11034,2.069015,2.069015
2026-09-24T12:47:29.549913,2472,100.0,11039,2.070025,2.070025
2026-09-24T12:47:29.550508,2480,100.0,11046,2.071341,2.071341
2026-09-24T12:47:29.551104,2488,100.0,11036,2.069323,2.069323
2026-09-24T12:47:29.551700,2496,100.0,11041,2.070389,2.070389
2026-09-24T12:47:29.552296,2504,100.0,11041,2.070307,2.070307
2026-09-24T12:47:29.552891,2512,100.0,11035,2.069311,2.069311
2026-09-24T12:47:29.553487,2520,100.0,11038,2.069734,2.069734
2026-09-24T12:47:29.554102,2528,100.0,11054,2.072758,2.072758
2026-09-24T12:47:29.554810,2536,100.0,11042,2.070591,2.070591
2026-09-24T12:47:29.555414,2544,100.0,11038,2.069844,2.069844
2026-09-24T12:47:29.556124,2552,100.0,11030,2.068356,2.068356
2026-09-24T12:47:29.556715,2560,100.0,11056,2.073200,2.073200
2026-09-24T12:47:29.557315,2568,100.0,11039,2.070007,2.070007
2026-09-24T12:47:29.557911,2576,100.0,11048,2.071688,2.071688
2026-09-24T12:47:29.558506,2584,100.0,11028,2.067892,2.067892
2026-09-24T12:47:29.559103,2592,100.0,11023,2.066922,2.066922
2026-09-24T12:47:29.559699,2600,100.0,11031,2.068400,2.068400
2026-09-24T12:47:29.560295,2608,100.0,11036,2.069453,2.069453
2026-09-24T12:47:29.560891,2616,100.0,11048,2.071585,2.071585
2026-09-24T12:47:29.561487,2624,100.0,11040,2.070209,2.070209
2026-09-24T12:47:29.562083,2632,100.0,11044,2.070883,2.070883
2026-09-24T12:47:29.562679,2640,100.0,11022,2.066826,2.066826
2026-09-24T12:47:29.563275,2648,100.0,11041,2.070421,2.070421
2026-09-24T12:47:29.563871,2656,100.0,11029,2.068017,2.068017
2026-09-24T12:47:29.564466,2664,100.0,11033,2.068761,2.068761
2026-09-24T12:47:29.565068,2672,100.0,11024,2.067113,2.067113
2026-09-24T12:47:29.565665,2680,100.0,11012,2.064848,2.064848
2026-09-24T12:47:29.566261,2688,100.0,11033,2.068906,2.068906
2026-09-24T12:47:29.566857,2696,100.0,11038,2.069838,2.069838
2026-09-24T12:47:29.567453,2704,100.0,11034,2.068958,2.068958
2026-09-24T12:47:29.568049,2712,100.0,11032,2.068687,2.068687
2026-09-24T12:47:29.568645,2720,100.0,11041,2.070269,2.070269
2026-09-24T12:47:29.569241,2728,100.0,11059,2.073675,2.073675
2026-09-24T12:47:29.569836,2736,100.0,11040,2.070165,2.070165
2026-09-24T12:47:29.570432,2744,100.0,11026,2.067548,2.067548
2026-09-24T12:47:29.571043,2752,100.0,11042,2.070486,2.070486
2026-09-24T12:47:29.571981,2760,100.0,11016,2.065745,2.065745
2026-09-24T12:47:29.572604,2768,100.0,11030,2.068294,2.068294
2026-09-24T12:47:29.573204,2776,100.0,11042,2.070536,2.070536
2026-09-24T12:47:29.573800,2784,100.0,11051,2.072252,2.072252
2026-09-24T12:47:29.574398,2792,100.0,11056,2.073221,2.073221
2026-09-24T12:47:29.574995,2800,100.0,11038,2.069700,2.069700
2026-09-24T12:47:29.575609,2808,100.0,11062,2.074339,2.074339
2026-09-24T12:47:29.576206,2816,100.0,11021,2.066540,2.066540
2026-09-24T12:47:29.576803,2824,100.0,11051,2.072197,2.072197
2026-09-24T12:47:29.577398,2832,100.0,11030,2.068211,2.068211
2026-09-24T12:47:29.577994,2840,100.0,11048,2.071705,2.071705
2026-09-24T12:47:29.578591,2848,100.0,11031,2.068493,2.068493
2026-09-24T12:47:29.579187,2856,100.0,11053,2.072571,2.072571
2026-09-24T12:47:29.579784,2864,100.0,11031,2.068389,2.068389
2026-09-24T12:47:29.580380,2872,100.0,11036,2.069451,2.069451
2026-09-24T12:47:29.580976,2880,100.0,11031,2.068528,2.068528
2026-09-24T12:47:29.581573,2888,100.0,11068,2.075423,2.075423
2026-09-24T12:47:29.582168,2896,100.0,11032,2.068569,2.068569
2026-09-24T12:47:29.582765,2904,100.0,11038,2.069749,2.069749
2026-09-24T12:47:29.583368,2912,100.0,11040,2.070164,2.070164
2026-09-24T12:47:29.583970,2920,100.0,11041,2.070421,2.070421
2026-09-24T12:47:29.584568,2928,100.0,11002,2.063019,2.063019
2026-09-24T12:47:29.585165,2936,100.0,11034,2.068962,2.068962
2026-09-24T12:47:29.585762,2944,100.0,11026,2.067617,2.067617
2026-09-24T12:47:29.586358,2952,100.0,11029,2.068106,2.068106
2026-09-24T12:47:29.587033,2960,100.0,11022,2.066758,2.066758
2026-09-24T12:47:29.587647,2968,100.0,11057,2.073383,2.073383
2026-09-24T12:47:29.588423,2976,100.0,11032,2.068715,2.068715
2026-09-24T12:47:29.589052,2984,100.0,11027,2.067754,2.067754
2026-09-24T12:47:29.589639,2992,100.0,11028,2.067897,2.067897
2026-09-24T12:47:29.590236,3000,100.0,11019,2.066274,2.066274
2026-09-24T12:47:29.590832,3008,100.0,11026,2.067552,2.067552
2026-09-24T12:47:29.591429,3016,100.0,11042,2.070507,2.070507
2026-09-24T12:47:29.592024,3024,100.0,11042,2.070601,2.070601
2026-09-24T12:47:29.592621,3032,100.0,11038,2.069811,2.069811
2026-09-24T12:47:29.593217,3040,100.0,11052,2.072355,2.072355
2026-09-24T12:47:29.593814,3048,100.0,11034,2.068996,2.068996
2026-09-24T12:47:29.594410,3056,100.0,11046,2.071374,2.071374
2026-09-24T12:47:29.595006,3064,100.0,11059,2.073805,2.073805
2026-09-24T12:47:29.595601,3072,100.0,11027,2.067804,2.067804
2026-09-24T12:47:29.596199,3080,100.0,11068,2.075479,2.075479
2026-09-24T12:47:29.596795,3088,100.0,11043,2.070742,2.070742
2026-09-24T12:47:29.597392,3096,100.0,11041,2.070327,2.070327
2026-09-24T12:47:29.597987,3104,100.0,11045,2.071142,2.071142
2026-09-24T12:47:29.598583,3112,100.0,11039,2.069893,2.069893
2026-09-24T12:47:29.599180,3120,100.0,11041,2.070288,2.070288
2026-09-24T12:47:29.599776,3128,100.0,11051,2.072134,2.072134
2026-09-24T12:47:29.600372,3136,100.0,11011,2.064709,2.064709
2026-09-24T12:47:29.600969,3144,100.0,11033,2.068849,2.068849
2026-09-24T12:47:29.601565,3152,100.0,11047,2.071434,2.071434
2026-09-24T12:47:29.602230,3160,100.0,11017,2.065820,2.065820
2026-09-24T12:47:29.602848,3168,100.0,11052,2.072430,2.072430
2026-09-24T12:47:29.603445,3176,100.0,11043,2.070719,2.070719
2026-09-24T12:47:29.604042,3184,100.0,11024,2.067124,2.067124
2026-09-24T12:47:29.604755,3192,100.0,11033,2.068807,2.068807
2026-09-24T12:47:29.605394,3200,100.0,11020,2.066484,2.066484
2026-09-24T12:47:29.606021,3208,100.0,11031,2.068433,2.068433
2026-09-24T12:47:29.606639,3216,100.0,11026,2.067514,2.067514
2026-09-24T12:47:29.607244,3224,100.0,11027,2.067775,2.067775
2026-09-24T12:47:29.607840,3232,100.0,11056,2.073198,2.073198
2026-09-24T12:47:29.608437,3240,100.0,11028,2.067903,2.067903
2026-09-24T12:47:29.609033,3248,100.0,11021,2.066544,2.066544
2026-09-24T12:47:29.609629,3256,100.0,11030,2.068371,2.068371
2026-09-24T12:47:29.610225,3264,100.0,11038,2.069856,2.069856
2026-09-24T12:47:29.610821,3272,100.0,11026,2.067573,2.067573
2026-09-24T12:47:29.611422,3280,100.0,11011,2.064755,2.064755
2026-09-24T12:47:29.612019,3288,100.0,11046,2.071294,2.071294
2026-09-24T12:47:29.612616,3296,100.0,11018,2.066121,2.066121
2026-09-24T12:47:29.613213,3304,100.0,11057,2.073383,2.073383
2026-09-24T12:47:29.613809,3312,100.0,11024,2.067117,2.067117
2026-09-24T12:47:29.614405,3320,100.0,11051,2.072232,2.072232
2026-09-24T12:47:29.615002,3328,100.0,11065,2.074895,2.074895
2026-09-24T12:47:29.615598,3336,100.0,11050,2.071946,2.071946
2026-09-24T12:47:29.616195,3344,100.0,11039,2.069897,2.069897
2026-09-24T12:47:29.616791,3352,100.0,11044,2.070921,2.070921
2026-09-24T12:47:29.617433,3360,100.0,11029,2.068013,2.068013
2026-09-24T12:47:29.618052,3368,100.0,11053,2.072608,2.072608
2026-09-24T12:47:29.618649,3376,100.0,11031,2.068458,2.068458
2026-09-24T12:47:29.619246,3384,100.0,11016,2.065748,2.065748
2026-09-24T12:47:29.619842,3392,100.0,11032,2.068701,2.068701
2026-09-24T12:47:29.620438,3400,100.0,11025,2.067277,2.067277
2026-09-24T12:47:29.621076,3408,100.0,11051,2.072263,2.072263
2026-09-24T12:47:29.621712,3416,100.0,11036,2.069453,2.069453
2026-09-24T12:47:29.622331,3424,100.0,11035,2.069191,2.069191
2026-09-24T12:47:29.622941,3432,100.0,11039,2.069962,2.069962
2026-09-24T12:47:29.623543,3440,100.0,11048,2.071569,2.071569
2026-09-24T12:47:29.624139,3448,100.0,11035,2.069185,2.069185
2026-09-24T12:47:29.624736,3456,100.0,11004,2.063315,2.063315
2026-09-24T12:47:29.625331,3464,100.0,11041,2.070350,2.070350
2026-09-24T12:47:29.625928,3472,100.0,11046,2.071288,2.071288
2026-09-24T12:47:29.626524,3480,100.0,11039,2.069995,2.069995
2026-09-24T12:47:29.627119,3488,100.0,11043,2.070630,2.070630
2026-09-24T12:47:29.627715,3496,100.0,11031,2.068407,2.068407
2026-09-24T12:47:29.628312,3504,100.0,11043,2.070672,2.070672
2026-09-24T12:47:29.628908,3512,100.0,11021,2.066510,2.066510
2026-09-24T12:47:29.629504,3520,100.0,11019,2.066198,2.066198
2026-09-24T12:47:29.630100,3528,100.0,11045,2.071157,2.071157
2026-09-24T12:47:29.630697,3536,100.0,11026,2.067619,2.067619
2026-09-24T12:47:29.631294,3544,100.0,11038,2.069737,2.069737
2026-09-24T12:47:29.631890,3552,100.0,11017,2.065926,2.065926
2026-09-24T12:47:29.632486,3560,100.0,11009,2.064310,2.064310
2026-09-24T12:47:29.633089,3568,100.0,11028,2.067878,2.067878
2026-09-24T12:47:29.633686,3576,100.0,11028,2.067879,2.067879
2026-09-24T12:47:29.634282,3584,100.0,11028,2.067948,2.067948
2026-09-24T12:47:29.634879,3592,100.0,11051,2.072157,2.072157
2026-09-24T12:47:29.635474,3600,100.0,11034,2.068940,2.068940
2026-09-24T12:47:29.636083,3608,100.0,11013,2.065020,2.065020
2026-09-24T12:47:29.636679,3616,100.0,11042,2.070609,2.070609
2026-09-24T12:47:29.637276,3624,100.0,11019,2.066264,2.066264
2026-09-24T12:47:29.637900,3632,100.0,11049,2.071861,2.071861
2026-09-24T12:47:29.638491,3640,100.0,11067,2.075267,2.075267
2026-09-24T12:47:29.639106,3648,100.0,11041,2.070389,2.070389
2026-09-24T12:47:29.639708,3656,100.0,11045,2.071164,2.071164
2026-09-24T12:47:29.640312,3664,100.0,11036,2.069484,2.069484
2026-09-24T12:47:29.640909,3672,100.0,11029,2.068170,2.068170
2026-09-24T12:47:29.641506,3680,100.0,11061,2.074175,2.074175
2026-09-24T12:47:29.642102,3688,100.0,11032,2.068657,2.068657
2026-09-24T12:47:29.642698,3696,100.0,11059,2.073654,2.073654
2026-09-24T12:47:29.643295,3704,100.0,11041,2.070374,2.070374
2026-09-24T12:47:29.643892,3712,100.0,11037,2.069641,2.069641
2026-09-24T12:47:29.644487,3720,100.0,11033,2.068791,2.068791
2026-09-24T12:47:29.645083,3728,100.0,11038,2.069823,2.069823
2026-09-24T12:47:29.645679,3736,100.0,11028,2.067827,2.067827
2026-09-24T12:47:29.646276,3744,100.0,11037,2.069684,2.069684
2026-09-24T12:47:29.646873,3752,100.0,11035,2.069252,2.069252
2026-09-24T12:47:29.647470,3760,100.0,11047,2.071377,2.071377
2026-09-24T12:47:29.648131,3768,100.0,11029,2.068093,2.068093
2026-09-24T12:47:29.648727,3776,100.0,11038,2.069763,2.069763
2026-09-24T12:47:29.649325,3784,100.0,11036,2.069370,2.069370
2026-09-24T12:47:29.649920,3792,100.0,11034,2.068996,2.068996
2026-09-24T12:47:29.650518,3800,100.0,11045,2.071030,2.071030
2026-09-24T12:47:29.651114,3808,100.0,11027,2.067664,2.067664
2026-09-24T12:47:29.651710,3816,100.0,11021,2.066637,2.066637
2026-09-24T12:47:29.652306,3824,100.0,11055,2.072915,2.072915
2026-09-24T12:47:29.652902,3832,100.0,11035,2.069303,2.069303
2026-09-24T12:47:29.653498,3840,100.0,11054,2.072797,2.072797
2026-09-24T12:47:29.654094,3848,100.0,11022,2.066742,2.066742
2026-09-24T12:47:29.654682,3856,100.0,11037,2.069626,2.069626
2026-09-24T12:47:29.655275,3864,100.0,11042,2.070605,2.070605
2026-09-24T12:47:29.655885,3872,100.0,11037,2.069504,2.069504
2026-09-24T12:47:29.656484,3880,100.0,11019,2.066171,2.066171
2026-09-24T12:47:29.657083,3888,100.0,11032,2.068684,2.068684
2026-09-24T12:47:29.657679,3896,100.0,10996,2.061850,2.061850
2026-09-24T12:47:29.658275,3904,100.0,11061,2.074165,2.074165
2026-09-24T12:47:29.658872,3912,100.0,11037,2.069667,2.069667
2026-09-24T12:47:29.659468,3920,100.0,11024,2.067182,2.067182
2026-09-24T12:47:29.660065,3928,100.0,11041,2.070361,2.070361
2026-09-24T12:47:29.660661,3936,100.0,11034,2.068968,2.068968
2026-09-24T12:47:29.661257,3944,100.0,11058,2.073468,2.073468
2026-09-24T12:47:29.661860,3952,100.0,11047,2.071502,2.071502
2026-09-24T12:47:29.662461,3960,100.0,11022,2.066814,2.066814
2026-09-24T12:47:29.663056,3968,100.0,11047,2.071551,2.071551
2026-09-24T12:47:29.663714,3976,100.0,11046,2.071263,2.071263
2026-09-24T12:47:29.664331,3984,100.0,11057,2.073380,2.073380
2026-09-24T12:47:29.664928,3992,100.0,11042,2.070441,2.070441
2026-09-24T12:47:29.665524,4000,100.0,11057,2.073406,2.073406
2026-09-24T12:47:29.666133,4008,100.0,11045,2.071162,2.071162
2026-09-24T12:47:29.666734,4016,100.0,11028,2.067824,2.067824
2026-09-24T12:47:29.667331,4024,100.0,11008,2.064236,2.064236
2026-09-24T12:47:29.667926,4032,100.0,11053,2.072572,2.072572
2026-09-24T12:47:29.668522,4040,100.0,11053,2.072682,2.072682
2026-09-24T12:47:29.669118,4048,100.0,11037,2.069614,2.069614
2026-09-24T12:47:29.669714,4056,100.0,11034,2.069069,2.069069
2026-09-24T12:47:29.670311,4064,100.0,11024,2.067166,2.067166
2026-09-24T12:47:29.670907,4072,100.0,11030,2.068210,2.068210
2026-09-24T12:47:29.671619,4080,100.0,11064,2.074656,2.074656
2026-09-24T12:47:29.672249,4088,100.0,11039,2.070053,2.070053
2026-09-24T12:47:29.672857,4096,100.0,11053,2.072628,2.072628
2026-09-24T12:47:29.673449,4104,100.0,11056,2.073173,2.073173
2026-09-24T12:47:29.674046,4112,100.0,11042,2.070519,2.070519
2026-09-24T12:47:29.674643,4120,100.0,11047,2.071538,2.071538
2026-09-24T12:47:29.675239,4128,100.0,11019,2.066250,2.066250
2026-09-24T12:47:29.675835,4136,100.0,11042,2.070489,2.070489
2026-09-24T12:47:29.676432,4144,100.0,11043,2.070791,2.070791
2026-09-24T12:47:29.677028,4152,100.0,11035,2.069204,2.069204
2026-09-24T12:47:29.677624,4160,100.0,11032,2.068701,2.068701
2026-09-24T12:47:29.678221,4168,100.0,11046,2.071271,2.071271
2026-09-24T12:47:29.678880,4176,100.0,11038,2.069803,2.069803
2026-09-24T12:47:29.679468,4184,100.0,11042,2.070593,2.070593
2026-09-24T12:47:29.680055,4192,100.0,11041,2.070284,2.070284
2026-09-24T12:47:29.680640,4200,100.0,11031,2.068420,2.068420
2026-09-24T12:47:29.681224,4208,100.0,11028,2.067822,2.067822
2026-09-24T12:47:29.681822,4216,100.0,11056,2.073114,2.073114
2026-09-24T12:47:29.682418,4224,100.0,11016,2.065721,2.065721
2026-09-24T12:47:29.683014,4232,100.0,11033,2.068878,2.068878
2026-09-24T12:47:29.683611,4240,100.0,11069,2.075511,2.075511
2026-09-24T12:47:29.684207,4248,100.0,11024,2.067208,2.067208
2026-09-24T12:47:29.684803,4256,100.0,11024,2.067182,2.067182
2026-09-24T12:47:29.685399,4264,100.0,11046,2.071238,2.071238
2026-09-24T12:47:29.685995,4272,100.0,11027,2.067658,2.067658
2026-09-24T12:47:29.686591,4280,100.0,11038,2.069814,2.069814
2026-09-24T12:47:29.687187,4288,100.0,11046,2.071280,2.071280
2026-09-24T12:47:29.687772,4296,100.0,11035,2.069186,2.069186
2026-09-24T12:47:29.688561,4304,100.0,11039,2.069998,2.069998
2026-09-24T12:47:29.689170,4312,100.0,11039,2.070048,2.070048
2026-09-24T12:47:29.689790,4320,100.0,11036,2.069420,2.069420
2026-09-24T12:47:29.690411,4328,100.0,11023,2.066986,2.066986
2026-09-24T12:47:29.691012,4336,100.0,11040,2.070089,2.070089
2026-09-24T12:47:29.691609,4344,100.0,11032,2.068698,2.068698
2026-09-24T12:47:29.692205,4352,100.0,11039,2.070062,2.070062
2026-09-24T12:47:29.692802,4360,100.0,11040,2.070216,2.070216
2026-09-24T12:47:29.693397,4368,100.0,11030,2.068191,2.068191
2026-09-24T12:47:29.694063,4376,100.0,11040,2.070088,2.070088
2026-09-24T12:47:29.694665,4384,100.0,11061,2.074011,2.074011
2026-09-24T12:47:29.695250,4392,100.0,11065,2.074915,2.074915
2026-09-24T12:47:29.695834,4400,100.0,11041,2.070437,2.070437
2026-09-24T12:47:29.696433,4408,100.0,11039,2.069955,2.069955
2026-09-24T12:47:29.697017,4416,100.0,11042,2.070466,2.070466
2026-09-24T12:47:29.697602,4424,100.0,11041,2.070285,2.070285
2026-09-24T12:47:29.698184,4432,100.0,11058,2.073609,2.073609
2026-09-24T12:47:29.698769,4440,100.0,11022,2.066789,2.066789
2026-09-24T12:47:29.699355,4448,100.0,11050,2.071999,2.071999
2026-09-24T12:47:29.699936,4456,100.0,11048,2.071611,2.071611
2026-09-24T12:47:29.700525,4464,100.0,11040,2.070068,2.070068
2026-09-24T12:47:29.701113,4472,100.0,11041,2.070327,2.070327
2026-09-24T12:47:29.701700,4480,100.0,11060,2.073941,2.073941
2026-09-24T12:47:29.702284,4488,100.0,11039,2.070018,2.070018
2026-09-24T12:47:29.702864,4496,100.0,11049,2.071887,2.071887
2026-09-24T12:47:29.703444,4504,100.0,11039,2.070010,2.070010
2026-09-24T12:47:29.704025,4512,100.0,11014,2.065254,2.065254
2026-09-24T12:47:29.705634,4520,100.0,11031,2.068475,2.068475
2026-09-24T12:47:29.706414,4528,100.0,11036,2.069381,2.069381
2026-09-24T12:47:29.707026,4536,100.0,11038,2.069689,2.069689
2026-09-24T12:47:29.707634,4544,100.0,11039,2.070056,2.070056
2026-09-24T12:47:29.708242,4552,100.0,11032,2.068720,2.068720
2026-09-24T12:47:29.708849,4560,100.0,11018,2.065971,2.065971
2026-09-24T12:47:29.709533,4568,100.0,11019,2.066182,2.066182
2026-09-24T12:47:29.710136,4576,100.0,11052,2.072336,2.072336
2026-09-24T12:47:29.710731,4584,100.0,11040,2.070150,2.070150
2026-09-24T12:47:29.711323,4592,100.0,11033,2.068930,2.068930
2026-09-24T12:47:29.711916,4600,100.0,11058,2.073615,2.073615
2026-09-24T12:47:29.712508,4608,100.0,11008,2.064209,2.064209
2026-09-24T12:47:29.713103,4616,100.0,11041,2.070430,2.070430
2026-09-24T12:47:29.713695,4624,100.0,11032,2.068716,2.068716
2026-09-24T12:47:29.714287,4632,100.0,11030,2.068223,2.068223
2026-09-24T12:47:29.714879,4640,100.0,11040,2.070229,2.070229
2026-09-24T12:47:29.715472,4648,100.0,11046,2.071210,2.071210
2026-09-24T12:47:29.716064,4656,100.0,11028,2.067929,2.067929
2026-09-24T12:47:29.716656,4664,100.0,11041,2.070359,2.070359
2026-09-24T12:47:29.717248,4672,100.0,11020,2.066492,2.066492
2026-09-24T12:47:29.717841,4680,100.0,11040,2.070181,2.070181
2026-09-24T12:47:29.718434,4688,100.0,11036,2.069446,2.069446
2026-09-24T12:47:29.719027,4696,100.0,11049,2.071799,2.071799
2026-09-24T12:47:29.719619,4704,100.0,11051,2.072283,2.072283
2026-09-24T12:47:29.720212,4712,100.0,11032,2.068742,2.068742
2026-09-24T12:47:29.720804,4720,100.0,11026,2.067472,2.067472
2026-09-24T12:47:29.722250,4728,100.0,11043,2.070745,2.070745
2026-09-24T12:47:29.722939,4736,100.0,11037,2.069684,2.069684
2026-09-24T12:47:29.723578,4744,100.0,11054,2.072791,2.072791
2026-09-24T12:47:29.724224,4752,100.0,11033,2.068926,2.068926
2026-09-24T12:47:29.724883,4760,100.0,11025,2.067307,2.067307
2026-09-24T12:47:29.725451,4768,100.0,11056,2.073212,2.073212
2026-09-24T12:47:29.726012,4776,100.0,11038,2.069858,2.069858
2026-09-24T12:47:29.726571,4784,100.0,11021,2.066594,2.066594
2026-09-24T12:47:29.727130,4792,100.0,11015,2.065506,2.065506
2026-09-24T12:47:29.727689,4800,100.0,11038,2.069742,2.069742
