timestamp,v_helm_V,I_helm_A,millis,label,raw_adc,tegangan_lib_V,tegangan_manual_V
2026-09-24T13:34:42.264626,5.56,0.556,0,-4.0,9633,1.806346,1.806346
2026-09-24T13:34:42.272626,5.56,0.556,8,-4.0,9578,1.79607,1.79607
2026-09-24T13:34:42.280626,5.56,0.556,16,-4.0,9588,1.797852,1.797852
2026-09-24T13:34:42.288626,5.56,0.556,24,-4.0,9584,1.797094,1.797094
2026-09-24T13:34:42.296626,5.56,0.556,32,-4.0,9581,1.796523,1.796523
2026-09-24T13:34:42.304626,5.56,0.556,40,-4.0,9580,1.796374,1.796374
2026-09-24T13:34:42.312626,5.56,0.556,48,-4.0,9619,1.803666,1.803666
2026-09-24T13:34:42.320626,5.56,0.556,56,-4.0,9578,1.796093,1.796093
2026-09-24T13:34:42.328626,5.56,0.556,64,-4.0,9609,1.801918,1.801918
2026-09-24T13:34:42.336626,5.56,0.556,72,-4.0,9618,1.8035,1.8035
2026-09-24T13:34:42.344626,5.56,0.556,80,-4.0,9591,1.79848,1.79848
2026-09-24T13:34:42.352626,5.56,0.556,88,-4.0,9599,1.799947,1.799947
2026-09-24T13:34:42.360626,5.56,0.556,96,-4.0,9603,1.800694,1.800694
2026-09-24T13:34:42.368626,5.56,0.556,104,-4.0,9617,1.803415,1.803415
2026-09-24T13:34:42.376626,5.56,0.556,112,-4.0,9594,1.798967,1.798967
2026-09-24T13:34:42.384626,5.56,0.556,120,-4.0,9636,1.806919,1.806919
2026-09-24T13:34:42.392626,5.56,0.556,128,-4.0,9555,1.79164,1.79164
2026-09-24T13:34:42.400626,5.56,0.556,136,-4.0,9562,1.792989,1.792989
2026-09-24T13:34:42.408626,5.56,0.556,144,-4.0,9572,1.794931,1.794931
2026-09-24T13:34:42.416626,5.56,0.556,152,-4.0,9570,1.794571,1.794571
2026-09-24T13:34:42.424626,5.56,0.556,160,-4.0,9574,1.795332,1.795332
2026-09-24T13:34:42.432626,5.56,0.556,168,-4.0,9595,1.799298,1.799298
2026-09-24T13:34:42.440626,5.56,0.556,176,-4.0,9596,1.799467,1.799467
2026-09-24T13:34:42.448626,5.56,0.556,184,-4.0,9584,1.797233,1.797233
2026-09-24T13:34:42.456626,5.56,0.556,192,-4.0,9584,1.797158,1.797158
2026-09-24T13:34:42.464626,5.56,0.556,200,-4.0,9584,1.797168,1.797168
2026-09-24T13:34:42.472626,5.56,0.556,208,-4.0,9589,1.798024,1.798024
2026-09-24T13:34:42.480626,5.56,0.556,216,-4.0,9636,1.806844,1.806844
2026-09-24T13:34:42.488626,5.56,0.556,224,-4.0,9629,1.805584,1.805584
2026-09-24T13:34:42.496626,5.56,0.556,232,-4.0,9606,1.801348,1.801348
2026-09-24T13:34:42.504626,5.56,0.556,240,-4.0,9617,1.803247,1.803247
2026-09-24T13:34:42.512626,5.56,0.556,248,-4.0,9576,1.79569,1.79569
2026-09-24T13:34:42.520626,5.56,0.556,256,-4.0,9567,1.793868,1.793868
2026-09-24T13:34:42.528626,5.56,0.556,264,-4.0,9605,1.801168,1.801168
2026-09-24T13:34:42.536626,5.56,0.556,272,-4.0,9594,1.799062,1.799062
2026-09-24T13:34:42.544626,5.56,0.556,280,-4.0,9612,1.802435,1.802435
2026-09-24T13:34:42.552626,5.56,0.556,288,-4.0,9614,1.802796,1.802796
2026-09-24T13:34:42.560626,5.56,0.556,296,-4.0,9571,1.794733,1.794733
2026-09-24T13:34:42.568626,5.56,0.556,304,-4.0,9612,1.802318,1.802318
2026-09-24T13:34:42.576626,5.56,0.556,312,-4.0,9566,1.793713,1.793713
2026-09-24T13:34:42.584626,5.56,0.556,320,-4.0,9601,1.800302,1.800302
2026-09-24T13:34:42.592626,5.56,0.556,328,-4.0,9597,1.799532,1.799532
2026-09-24T13:34:42.600626,5.56,0.556,336,-4.0,9591,1.798476,1.798476
2026-09-24T13:34:42.608626,5.56,0.556,344,-4.0,9579,1.796301,1.796301
2026-09-24T13:34:42.616626,5.56,0.556,352,-4.0,9581,1.796676,1.796676
2026-09-24T13:34:42.624626,5.56,0.556,360,-4.0,9571,1.794667,1.794667
2026-09-24T13:34:42.632626,5.56,0.556,368,-4.0,9576,1.79564,1.79564
2026-09-24T13:34:42.640626,5.56,0.556,376,-4.0,9591,1.798484,1.798484
2026-09-24T13:34:42.648626,5.56,0.556,384,-4.0,9591,1.798446,1.798446
2026-09-24T13:34:42.656626,5.56,0.556,392,-4.0,9605,1.801166,1.801166
2026-09-24T13:34:42.664626,5.56,0.556,400,-4.0,9623,1.804525,1.804525
2026-09-24T13:34:42.672626,5.56,0.556,408,-4.0,9600,1.800242,1.800242
2026-09-24T13:34:42.680626,5.56,0.556,416,-4.0,9576,1.795718,1.795718
2026-09-24T13:34:42.688626,5.56,0.556,424,-4.0,9577,1.795871,1.795871
2026-09-24T13:34:42.696626,5.56,0.556,432,-4.0,9610,1.802057,1.802057
2026-09-24T13:34:42.704626,5.56,0.556,440,-4.0,9585,1.797345,1.797345
2026-09-24T13:34:42.712626,5.56,0.556,448,-4.0,9607,1.801448,1.801448
2026-09-24T13:34:42.720626,5.56,0.556,456,-4.0,9586,1.797597,1.797597
2026-09-24T13:34:42.728626,5.56,0.556,464,-4.0,9605,1.801165,1.801165
2026-09-24T13:34:42.736626,5.56,0.556,472,-4.0,9608,1.801689,1.801689
2026-09-24T13:34:42.744626,5.56,0.556,480,-4.0,9580,1.79635,1.79635
2026-09-24T13:34:42.752626,5.56,0.556,488,-4.0,9601,1.800403,1.800403
2026-09-24T13:34:42.760626,5.56,0.556,496,-4.0,9587,1.797719,1.797719
2026-09-24T13:34:42.768626,5.56,0.556,504,-4.0,9588,1.797851,1.797851
2026-09-24T13:34:42.776626,5.56,0.556,512,-4.0,9590,1.79823,1.79823
2026-09-24T13:34:42.784626,5.56,0.556,520,-4.0,9602,1.800555,1.800555
2026-09-24T13:34:42.792626,5.56,0.556,528,-4.0,9566,1.793721,1.793721
2026-09-24T13:34:42.800626,5.56,0.556,536,-4.0,9607,1.801457,1.801457
2026-09-24T13:34:42.808626,5.56,0.556,544,-4.0,9612,1.802473,1.802473
2026-09-24T13:34:42.816626,5.56,0.556,552,-4.0,9617,1.803288,1.803288
2026-09-24T13:34:42.824626,5.56,0.556,560,-4.0,9589,1.798145,1.798145
2026-09-24T13:34:42.832626,5.56,0.556,568,-4.0,9585,1.797313,1.797313
2026-09-24T13:34:42.840626,5.56,0.556,576,-4.0,9573,1.795173,1.795173
2026-09-24T13:34:42.848626,5.56,0.556,584,-4.0,9609,1.801882,1.801882
2026-09-24T13:34:42.856626,5.56,0.556,592,-4.0,9622,1.80432,1.80432
2026-09-24T13:34:42.864626,5.56,0.556,600,-4.0,9585,1.79741,1.79741
2026-09-24T13:34:42.872626,5.56,0.556,608,-4.0,9563,1.793152,1.793152
2026-09-24T13:34:42.880626,5.56,0.556,616,-4.0,9579,1.796173,1.796173
2026-09-24T13:34:42.888626,5.56,0.556,624,-4.0,9585,1.797321,1.797321
2026-09-24T13:34:42.896626,5.56,0.556,632,-4.0,9597,1.799658,1.799658
2026-09-24T13:34:42.904626,5.56,0.556,640,-4.0,9584,1.797206,1.797206
2026-09-24T13:34:42.912626,5.56,0.556,648,-4.0,9609,1.801865,1.801865
2026-09-24T13:34:42.920626,5.56,0.556,656,-4.0,9577,1.795774,1.795774
2026-09-24T13:34:42.928626,5.56,0.556,664,-4.0,9604,1.800976,1.800976
2026-09-24T13:34:42.936626,5.56,0.556,672,-4.0,9590,1.798287,1.798287
2026-09-24T13:34:42.944626,5.56,0.556,680,-4.0,9587,1.797697,1.797697
2026-09-24T13:34:42.952626,5.56,0.556,688,-4.0,9621,1.804172,1.804172
2026-09-24T13:34:42.960626,5.56,0.556,696,-4.0,9583,1.796928,1.796928
2026-09-24T13:34:42.968626,5.56,0.556,704,-4.0,9619,1.803673,1.803673
2026-09-24T13:34:42.976626,5.56,0.556,712,-4.0,9599,1.800029,1.800029
2026-09-24T13:34:42.984626,5.56,0.556,720,-4.0,9584,1.797185,1.797185
2026-09-24T13:34:42.992626,5.56,0.556,728,-4.0,9594,1.799102,1.799102
2026-09-24T13:34:43.000626,5.56,0.556,736,-4.0,9606,1.801212,1.801212
2026-09-24T13:34:43.008626,5.56,0.556,744,-4.0,9639,1.807373,1.807373
2026-09-24T13:34:43.016626,5.56,0.556,752,-4.0,9624,1.804572,1.804572
2026-09-24T13:34:43.024626,5.56,0.556,760,-4.0,9591,1.7985,1.7985
2026-09-24T13:34:43.032626,5.56,0.556,768,-4.0,9613,1.80258,1.80258
2026-09-24T13:34:43.040626,5.56,0.556,776,-4.0,9598,1.799734,1.799734
2026-09-24T13:34:43.048626,5.56,0.556,784,-4.0,9610,1.802041,1.802041
2026-09-24T13:34:43.056626,5.56,0.556,792,-4.0,9596,1.799391,1.799391
2026-09-24T13:34:43.064626,5.56,0.556,800,-4.0,9540,1.788913,1.788913
2026-09-24T13:34:43.072626,5.56,0.556,808,-4.0,9594,1.799033,1.799033
2026-09-24T13:34:43.080626,5.56,0.556,816,-4.0,9617,1.80338,1.80338
2026-09-24T13:34:43.088626,5.56,0.556,824,-4.0,9584,1.797202,1.797202
2026-09-24T13:34:43.096626,5.56,0.556,832,-4.0,9638,1.807208,1.807208
2026-09-24T13:34:43.104626,5.56,0.556,840,-4.0,9586,1.797453,1.797453
2026-09-24T13:34:43.112626,5.56,0.556,848,-4.0,9609,1.801838,1.801838
2026-09-24T13:34:43.120626,5.56,0.556,856,-4.0,9623,1.804433,1.804433
2026-09-24T13:34:43.128626,5.56,0.556,864,-4.0,9595,1.799241,1.799241
2026-09-24T13:34:43.136626,5.56,0.556,872,-4.0,9580,1.796308,1.796308
2026-09-24T13:34:43.144626,5.56,0.556,880,-4.0,9609,1.801819,1.801819
2026-09-24T13:34:43.152626,5.56,0.556,888,-4.0,9578,1.795995,1.795995
2026-09-24T13:34:43.160626,5.56,0.556,896,-4.0,9568,1.794127,1.794127
2026-09-24T13:34:43.168626,5.56,0.556,904,-4.0,9587,1.797729,1.797729
2026-09-24T13:34:43.176626,5.56,0.556,912,-4.0,9570,1.794438,1.794438
2026-09-24T13:34:43.184626,5.56,0.556,920,-4.0,9586,1.797445,1.797445
2026-09-24T13:34:43.192626,5.56,0.556,928,-4.0,9545,1.789814,1.789814
2026-09-24T13:34:43.200626,5.56,0.556,936,-4.0,9563,1.793173,1.793173
2026-09-24T13:34:43.208626,5.56,0.556,944,-4.0,9583,1.796953,1.796953
2026-09-24T13:34:43.216626,5.56,0.556,952,-4.0,9597,1.799567,1.799567
2026-09-24T13:34:43.224626,5.56,0.556,960,-4.0,9593,1.798898,1.798898
2026-09-24T13:34:43.232626,5.56,0.556,968,-4.0,9567,1.793902,1.793902
2026-09-24T13:34:43.240626,5.56,0.556,976,-4.0,9603,1.800683,1.800683
2026-09-24T13:34:43.248626,5.56,0.556,984,-4.0,9645,1.808573,1.808573
2026-09-24T13:34:43.256626,5.56,0.556,992,-4.0,9610,1.802067,1.802067
2026-09-24T13:34:43.264626,5.56,0.556,1000,-4.0,9581,1.796674,1.796674
2026-09-24T13:34:43.272626,5.56,0.556,1008,-4.0,9583,1.796877,1.796877
2026-09-24T13:34:43.280626,5.56,0.556,1016,-4.0,9589,1.798169,1.798169
2026-09-24T13:34:43.288626,5.56,0.556,1024,-4.0,9581,1.796578,1.796578
2026-09-24T13:34:43.296626,5.56,0.556,1032,-4.0,9590,1.798237,1.798237
2026-09-24T13:34:43.304626,5.56,0.556,1040,-4.0,9609,1.801881,1.801881
2026-09-24T13:34:43.312626,5.56,0.556,1048,-4.0,9572,1.794929,1.794929
2026-09-24T13:34:43.320626,5.56,0.556,1056,-4.0,9580,1.796335,1.796335
2026-09-24T13:34:43.328626,5.56,0.556,1064,-4.0,9605,1.801161,1.801161
2026-09-24T13:34:43.336626,5.56,0.556,1072,-4.0,9614,1.80278,1.80278
2026-09-24T13:34:43.344626,5.56,0.556,1080,-4.0,9602,1.80055,1.80055
2026-09-24T13:34:43.352626,5.56,0.556,1088,-4.0,9578,1.796039,1.796039
2026-09-24T13:34:43.360626,5.56,0.556,1096,-4.0,9596,1.799358,1.799358
2026-09-24T13:34:43.368626,5.56,0.556,1104,-4.0,9601,1.800308,1.800308
2026-09-24T13:34:43.376626,5.56,0.556,1112,-4.0,9550,1.790723,1.790723
2026-09-24T13:34:43.384626,5.56,0.556,1120,-4.0,9591,1.79842,1.79842
2026-09-24T13:34:43.392626,5.56,0.556,1128,-4.0,9599,1.800033,1.800033
2026-09-24T13:34:43.400626,5.56,0.556,1136,-4.0,9593,1.79885,1.79885
2026-09-24T13:34:43.408626,5.56,0.556,1144,-4.0,9591,1.798377,1.798377
2026-09-24T13:34:43.416626,5.56,0.556,1152,-4.0,9568,1.794087,1.794087
2026-09-24T13:34:43.424626,5.56,0.556,1160,-4.0,9576,1.795675,1.795675
2026-09-24T13:34:43.432626,5.56,0.556,1168,-4.0,9612,1.802367,1.802367
2026-09-24T13:34:43.440626,5.56,0.556,1176,-4.0,9591,1.798458,1.798458
2026-09-24T13:34:43.448626,5.56,0.556,1184,-4.0,9604,1.800934,1.800934
2026-09-24T13:34:43.456626,5.56,0.556,1192,-4.0,9636,1.806881,1.806881
2026-09-24T13:34:43.464626,5.56,0.556,1200,-4.0,9633,1.806419,1.806419
2026-09-24T13:34:43.472626,5.56,0.556,1208,-4.0,9558,1.792295,1.792295
2026-09-24T13:34:43.480626,5.56,0.556,1216,-4.0,9583,1.796982,1.796982
2026-09-24T13:34:43.488626,5.56,0.556,1224,-4.0,9612,1.802412,1.802412
2026-09-24T13:34:43.496626,5.56,0.556,1232,-4.0,9587,1.797786,1.797786
2026-09-24T13:34:43.504626,5.56,0.556,1240,-4.0,9612,1.802362,1.802362
2026-09-24T13:34:43.512626,5.56,0.556,1248,-4.0,9588,1.797877,1.797877
2026-09-24T13:34:43.520626,5.56,0.556,1256,-4.0,9590,1.798339,1.798339
2026-09-24T13:34:43.528626,5.56,0.556,1264,-4.0,9562,1.79302,1.79302
2026-09-24T13:34:43.536626,5.56,0.556,1272,-4.0,9588,1.797883,1.797883
2026-09-24T13:34:43.544626,5.56,0.556,1280,-4.0,9583,1.796978,1.796978
2026-09-24T13:34:43.552626,5.56,0.556,1288,-4.0,9593,1.798771,1.798771
2026-09-24T13:34:43.560626,5.56,0.556,1296,-4.0,9605,1.801079,1.801079
2026-09-24T13:34:43.568626,5.56,0.556,1304,-4.0,9593,1.79883,1.79883
2026-09-24T13:34:43.576626,5.56,0.556,1312,-4.0,9585,1.797281,1.797281
2026-09-24T13:34:43.584626,5.56,0.556,1320,-4.0,9588,1.797894,1.797894
2026-09-24T13:34:43.592626,5.56,0.556,1328,-4.0,9622,1.804302,1.804302
2026-09-24T13:34:43.600626,5.56,0.556,1336,-4.0,9608,1.801594,1.801594
2026-09-24T13:34:43.608626,5.56,0.556,1344,-4.0,9623,1.804534,1.804534
2026-09-24T13:34:43.616626,5.56,0.556,1352,-4.0,9599,1.799908,1.799908
2026-09-24T13:34:43.624626,5.56,0.556,1360,-4.0,9598,1.799708,1.799708
2026-09-24T13:34:43.632626,5.56,0.556,1368,-4.0,9611,1.802302,1.802302
2026-09-24T13:34:43.640626,5.56,0.556,1376,-4.0,9601,1.800335,1.800335
2026-09-24T13:34:43.648626,5.56,0.556,1384,-4.0,9588,1.797974,1.797974
2026-09-24T13:34:43.656626,5.56,0.556,1392,-4.0,9618,1.80357,1.80357
2026-09-24T13:34:43.664626,5.56,0.556,1400,-4.0,9607,1.801454,1.801454
2026-09-24T13:34:43.672626,5.56,0.556,1408,-4.0,9594,1.798961,1.798961
2026-09-24T13:34:43.680626,5.56,0.556,1416,-4.0,9631,1.805977,1.805977
2026-09-24T13:34:43.688626,5.56,0.556,1424,-4.0,9601,1.800245,1.800245
2026-09-24T13:34:43.696626,5.56,0.556,1432,-4.0,9583,1.796963,1.796963
2026-09-24T13:34:43.704626,5.56,0.556,1440,-4.0,9602,1.800607,1.800607
2026-09-24T13:34:43.712626,5.56,0.556,1448,-4.0,9589,1.798113,1.798113
2026-09-24T13:34:43.720626,5.56,0.556,1456,-4.0,9594,1.798957,1.798957
2026-09-24T13:34:43.728626,5.56,0.556,1464,-4.0,9622,1.804213,1.804213
2026-09-24T13:34:43.736626,5.56,0.556,1472,-4.0,9614,1.802811,1.802811
2026-09-24T13:34:43.744626,5.56,0.556,1480,-4.0,9581,1.796652,1.796652
2026-09-24T13:34:43.752626,5.56,0.556,1488,-4.0,9597,1.79962,1.79962
2026-09-24T13:34:43.760626,5.56,0.556,1496,-4.0,9580,1.796366,1.796366
2026-09-24T13:34:43.768626,5.56,0.556,1504,-4.0,9608,1.80161,1.80161
2026-09-24T13:34:43.776626,5.56,0.556,1512,-4.0,9587,1.797804,1.797804
2026-09-24T13:34:43.784626,5.56,0.556,1520,-4.0,9579,1.796211,1.796211
2026-09-24T13:34:43.792626,5.56,0.556,1528,-4.0,9582,1.796851,1.796851
2026-09-24T13:34:43.800626,5.56,0.556,1536,-4.0,9594,1.799004,1.799004
2026-09-24T13:34:43.808626,5.56,0.556,1544,-4.0,9566,1.793701,1.793701
2026-09-24T13:34:43.816626,5.56,0.556,1552,-4.0,9578,1.796051,1.796051
2026-09-24T13:34:43.824626,5.56,0.556,1560,-4.0,9608,1.801684,1.801684
2026-09-24T13:34:43.832626,5.56,0.556,1568,-4.0,9594,1.798974,1.798974
2026-09-24T13:34:43.840626,5.56,0.556,1576,-4.0,9579,1.796189,1.796189
2026-09-24T13:34:43.848626,5.56,0.556,1584,-4.0,9589,1.798081,1.798081
2026-09-24T13:34:43.856626,5.56,0.556,1592,-4.0,9593,1.798887,1.798887
2026-09-24T13:34:43.864626,5.56,0.556,1600,-4.0,9618,1.803523,1.803523
2026-09-24T13:34:43.872626,5.56,0.556,1608,-4.0,9599,1.799915,1.799915
2026-09-24T13:34:43.880626,5.56,0.556,1616,-4.0,9638,1.807355,1.807355
2026-09-24T13:34:43.888626,5.56,0.556,1624,-4.0,9611,1.802212,1.802212
2026-09-24T13:34:43.896626,5.56,0.556,1632,-4.0,9612,1.802359,1.802359
2026-09-24T13:34:43.904626,5.56,0.556,1640,-4.0,9595,1.79925,1.79925
2026-09-24T13:34:43.912626,5.56,0.556,1648,-4.0,9618,1.803611,1.803611
2026-09-24T13:34:43.920626,5.56,0.556,1656,-4.0,9625,1.804844,1.804844
2026-09-24T13:34:43.928626,5.56,0.556,1664,-4.0,9589,1.797994,1.797994
2026-09-24T13:34:43.936626,5.56,0.556,1672,-4.0,9591,1.798554,1.798554
2026-09-24T13:34:43.944626,5.56,0.556,1680,-4.0,9601,1.800341,1.800341
2026-09-24T13:34:43.952626,5.56,0.556,1688,-4.0,9601,1.800372,1.800372
2026-09-24T13:34:43.960626,5.56,0.556,1696,-4.0,9603,1.800682,1.800682
2026-09-24T13:34:43.968626,5.56,0.556,1704,-4.0,9592,1.798652,1.798652
2026-09-24T13:34:43.976626,5.56,0.556,1712,-4.0,9575,1.795484,1.795484
2026-09-24T13:34:43.984626,5.56,0.556,1720,-4.0,9567,1.793914,1.793914
2026-09-24T13:34:43.992626,5.56,0.556,1728,-4.0,9630,1.805751,1.805751
2026-09-24T13:34:44.000626,5.56,0.556,1736,-4.0,9623,1.804418,1.804418
2026-09-24T13:34:44.008626,5.56,0.556,1744,-4.0,9563,1.793176,1.793176
2026-09-24T13:34:44.016626,5.56,0.556,1752,-4.0,9583,1.796885,1.796885
2026-09-24T13:34:44.024626,5.56,0.556,1760,-4.0,9585,1.797399,1.797399
2026-09-24T13:34:44.032626,5.56,0.556,1768,-4.0,9570,1.794494,1.794494
2026-09-24T13:34:44.040626,5.56,0.556,1776,-4.0,9596,1.799412,1.799412
2026-09-24T13:34:44.048626,5.56,0.556,1784,-4.0,9590,1.798215,1.798215
2026-09-24T13:34:44.056626,5.56,0.556,1792,-4.0,9595,1.799299,1.799299
2026-09-24T13:34:44.064626,5.56,0.556,1800,-4.0,9588,1.797862,1.797862
2026-09-24T13:34:44.072626,5.56,0.556,1808,-4.0,9570,1.794475,1.794475
2026-09-24T13:34:44.080626,5.56,0.556,1816,-4.0,9604,1.800877,1.800877
2026-09-24T13:34:44.088626,5.56,0.556,1824,-4.0,9578,1.796047,1.796047
2026-09-24T13:34:44.096626,5.56,0.556,1832,-4.0,9618,1.803471,1.803471
2026-09-24T13:34:44.104626,5.56,0.556,1840,-4.0,9590,1.798336,1.798336
2026-09-24T13:34:44.112626,5.56,0.556,1848,-4.0,9629,1.80554,1.80554
2026-09-24T13:34:44.120626,5.56,0.556,1856,-4.0,9565,1.793656,1.793656
2026-09-24T13:34:44.128626,5.56,0.556,1864,-4.0,9593,1.798924,1.798924
2026-09-24T13:34:44.136626,5.56,0.556,1872,-4.0,9584,1.797217,1.797217
2026-09-24T13:34:44.144626,5.56,0.556,1880,-4.0,9576,1.795632,1.795632
2026-09-24T13:34:44.152626,5.56,0.556,1888,-4.0,9564,1.793487,1.793487
2026-09-24T13:34:44.160626,5.56,0.556,1896,-4.0,9588,1.797818,1.797818
2026-09-24T13:34:44.168626,5.56,0.556,1904,-4.0,9613,1.802522,1.802522
2026-09-24T13:34:44.176626,5.56,0.556,1912,-4.0,9598,1.799702,1.799702
2026-09-24T13:34:44.184626,5.56,0.556,1920,-4.0,9600,1.800192,1.800192
2026-09-24T13:34:44.192626,5.56,0.556,1928,-4.0,9608,1.801644,1.801644
2026-09-24T13:34:44.200626,5.56,0.556,1936,-4.0,9612,1.802473,1.802473
2026-09-24T13:34:44.208626,5.56,0.556,1944,-4.0,9636,1.806971,1.806971
2026-09-24T13:34:44.216626,5.56,0.556,1952,-4.0,9604,1.800883,1.800883
2026-09-24T13:34:44.224626,5.56,0.556,1960,-4.0,9600,1.800221,1.800221
2026-09-24T13:34:44.232626,5.56,0.556,1968,-4.0,9579,1.796255,1.796255
2026-09-24T13:34:44.240626,5.56,0.556,1976,-4.0,9589,1.79807,1.79807
2026-09-24T13:34:44.248626,5.56,0.556,1984,-4.0,9569,1.794336,1.794336
2026-09-24T13:34:44.256626,5.56,0.556,1992,-4.0,9568,1.79406,1.79406
2026-09-24T13:34:44.264626,5.56,0.556,2000,-4.0,9578,1.796009,1.796009
2026-09-24T13:34:44.272626,5.56,0.556,2008,-4.0,9622,1.804352,1.804352
2026-09-24T13:34:44.280626,5.56,0.556,2016,-4.0,9593,1.798764,1.798764
2026-09-24T13:34:44.288626,5.56,0.556,2024,-4.0,9589,1.798163,1.798163
2026-09-24T13:34:44.296626,5.56,0.556,2032,-4.0,9592,1.798704,1.798704
2026-09-24T13:34:44.304626,5.56,0.556,2040,-4.0,9615,1.802911,1.802911
2026-09-24T13:34:44.312626,5.56,0.556,2048,-4.0,9574,1.795347,1.795347
2026-09-24T13:34:44.320626,5.56,0.556,2056,-4.0,9585,1.797252,1.797252
2026-09-24T13:34:44.328626,5.56,0.556,2064,-4.0,9577,1.795871,1.795871
2026-09-24T13:34:44.336626,5.56,0.556,2072,-4.0,9598,1.799705,1.799705
2026-09-24T13:34:44.344626,5.56,0.556,2080,-4.0,9572,1.794888,1.794888
2026-09-24T13:34:44.352626,5.56,0.556,2088,-4.0,9575,1.795395,1.795395
2026-09-24T13:34:44.360626,5.56,0.556,2096,-4.0,9564,1.793355,1.793355
2026-09-24T13:34:44.368626,5.56,0.556,2104,-4.0,9576,1.795687,1.795687
2026-09-24T13:34:44.376626,5.56,0.556,2112,-4.0,9586,1.797573,1.797573
2026-09-24T13:34:44.384626,5.56,0.556,2120,-4.0,9589,1.798082,1.798082
2026-09-24T13:34:44.392626,5.56,0.556,2128,-4.0,9613,1.802568,1.802568
2026-09-24T13:34:44.400626,5.56,0.556,2136,-4.0,9622,1.804308,1.804308
2026-09-24T13:34:44.408626,5.56,0.556,2144,-4.0,9572,1.794947,1.794947
2026-09-24T13:34:44.416626,5.56,0.556,2152,-4.0,9600,1.800119,1.800119
2026-09-24T13:34:44.424626,5.56,0.556,2160,-4.0,9599,1.800043,1.800043
2026-09-24T13:34:44.432626,5.56,0.556,2168,-4.0,9650,1.809497,1.809497
2026-09-24T13:34:44.440626,5.56,0.556,2176,-4.0,9580,1.796318,1.796318
2026-09-24T13:34:44.448626,5.56,0.556,2184,-4.0,9587,1.797735,1.797735
2026-09-24T13:34:44.456626,5.56,0.556,2192,-4.0,9580,1.796423,1.796423
2026-09-24T13:34:44.464626,5.56,0.556,2200,-4.0,9625,1.804768,1.804768
2026-09-24T13:34:44.472626,5.56,0.556,2208,-4.0,9621,1.804144,1.804144
2026-09-24T13:34:44.480626,5.56,0.556,2216,-4.0,9629,1.805654,1.805654
2026-09-24T13:34:44.488626,5.56,0.556,2224,-4.0,9561,1.792817,1.792817
2026-09-24T13:34:44.496626,5.56,0.556,2232,-4.0,9594,1.798955,1.798955
2026-09-24T13:34:44.504626,5.56,0.556,2240,-4.0,9580,1.796316,1.796316
2026-09-24T13:34:44.512626,5.56,0.556,2248,-4.0,9575,1.79552,1.79552
2026-09-24T13:34:44.520626,5.56,0.556,2256,-4.0,9591,1.798371,1.798371
2026-09-24T13:34:44.528626,5.56,0.556,2264,-4.0,9600,1.800181,1.800181
2026-09-24T13:34:44.536626,5.56,0.556,2272,-4.0,9586,1.797444,1.797444
2026-09-24T13:34:44.544626,5.56,0.556,2280,-4.0,9618,1.803482,1.803482
2026-09-24T13:34:44.552626,5.56,0.556,2288,-4.0,9575,1.795519,1.795519
2026-09-24T13:34:44.560626,5.56,0.556,2296,-4.0,9596,1.799431,1.799431
2026-09-24T13:34:44.568626,5.56,0.556,2304,-4.0,9579,1.796164,1.796164
2026-09-24T13:34:44.576626,5.56,0.556,2312,-4.0,9612,1.8024,1.8024
2026-09-24T13:34:44.584626,5.56,0.556,2320,-4.0,9577,1.795839,1.795839
2026-09-24T13:34:44.592626,5.56,0.556,2328,-4.0,9580,1.796399,1.796399
2026-09-24T13:34:44.600626,5.56,0.556,2336,-4.0,9620,1.803865,1.803865
2026-09-24T13:34:44.608626,5.56,0.556,2344,-4.0,9602,1.800509,1.800509
2026-09-24T13:34:44.616626,5.56,0.556,2352,-4.0,9617,1.803248,1.803248
2026-09-24T13:34:44.624626,5.56,0.556,2360,-4.0,9606,1.801236,1.801236
2026-09-24T13:34:44.632626,5.56,0.556,2368,-4.0,9615,1.802879,1.802879
2026-09-24T13:34:44.640626,5.56,0.556,2376,-4.0,9592,1.798675,1.798675
2026-09-24T13:34:44.648626,5.56,0.556,2384,-4.0,9601,1.80028,1.80028
2026-09-24T13:34:44.656626,5.56,0.556,2392,-4.0,9611,1.80221,1.80221
2026-09-24T13:34:44.664626,5.56,0.556,2400,-4.0,9594,1.798997,1.798997
2026-09-24T13:34:44.672626,5.56,0.556,2408,-4.0,9618,1.803478,1.803478
2026-09-24T13:34:44.680626,5.56,0.556,2416,-4.0,9571,1.794692,1.794692
2026-09-24T13:34:44.688626,5.56,0.556,2424,-4.0,9585,1.797262,1.797262
2026-09-24T13:34:44.696626,5.56,0.556,2432,-4.0,9565,1.793591,1.793591
2026-09-24T13:34:44.704626,5.56,0.556,2440,-4.0,9610,1.801936,1.801936
2026-09-24T13:34:44.712626,5.56,0.556,2448,-4.0,9589,1.79804,1.79804
2026-09-24T13:34:44.720626,5.56,0.556,2456,-4.0,9598,1.799836,1.799836
2026-09-24T13:34:44.728626,5.56,0.556,2464,-4.0,9594,1.799093,1.799093
2026-09-24T13:34:44.736626,5.56,0.556,2472,-4.0,9588,1.797926,1.797926
2026-09-24T13:34:44.744626,5.56,0.556,2480,-4.0,9556,1.791895,1.791895
2026-09-24T13:34:44.752626,5.56,0.556,2488,-4.0,9577,1.795814,1.795814
2026-09-24T13:34:44.760626,5.56,0.556,2496,-4.0,9569,1.79439,1.79439
2026-09-24T13:34:44.768626,5.56,0.556,2504,-4.0,9611,1.802276,1.802276
2026-09-24T13:34:44.776626,5.56,0.556,2512,-4.0,9580,1.796338,1.796338
2026-09-24T13:34:44.784626,5.56,0.556,2520,-4.0,9615,1.80298,1.80298
2026-09-24T13:34:44.792626,5.56,0.556,2528,-4.0,9594,1.799115,1.799115
2026-09-24T13:34:44.800626,5.56,0.556,2536,-4.0,9596,1.799428,1.799428
2026-09-24T13:34:44.808626,5.56,0.556,2544,-4.0,9589,1.798033,1.798033
2026-09-24T13:34:44.816626,5.56,0.556,2552,-4.0,9598,1.799788,1.799788
2026-09-24T13:34:44.824626,5.56,0.556,2560,-4.0,9591,1.798449,1.798449
2026-09-24T13:34:44.832626,5.56,0.556,2568,-4.0,9613,1.802521,1.802521
2026-09-24T13:34:44.840626,5.56,0.556,2576,-4.0,9603,1.800658,1.800658
2026-09-24T13:34:44.848626,5.56,0.556,2584,-4.0,9588,1.797987,1.797987
2026-09-24T13:34:44.856626,5.56,0.556,2592,-4.0,9581,1.796556,1.796556
2026-09-24T13:34:44.864626,5.56,0.556,2600,-4.0,9587,1.797743,1.797743
2026-09-24T13:34:44.872626,5.56,0.556,2608,-4.0,9645,1.808559,1.808559
2026-09-24T13:34:44.880626,5.56,0.556,2616,-4.0,9618,1.803466,1.803466
2026-09-24T13:34:44.888626,5.56,0.556,2624,-4.0,9611,1.802247,1.802247
2026-09-24T13:34:44.896626,5.56,0.556,2632,-4.0,9603,1.80072,1.80072
2026-09-24T13:34:44.904626,5.56,0.556,2640,-4.0,9582,1.796683,1.796683
2026-09-24T13:34:44.912626,5.56,0.556,2648,-4.0,9593,1.798803,1.798803
2026-09-24T13:34:44.920626,5.56,0.556,2656,-4.0,9593,1.798887,1.798887
2026-09-24T13:34:44.928626,5.56,0.556,2664,-4.0,9573,1.795176,1.795176
2026-09-24T13:34:44.936626,5.56,0.556,2672,-4.0,9595,1.799301,1.799301
2026-09-24T13:34:44.944626,5.56,0.556,2680,-4.0,9574,1.795209,1.795209
2026-09-24T13:34:44.952626,5.56,0.556,2688,-4.0,9587,1.797803,1.797803
2026-09-24T13:34:44.960626,5.56,0.556,2696,-4.0,9576,1.795636,1.795636
2026-09-24T13:34:44.968626,5.56,0.556,2704,-4.0,9570,1.794524,1.794524
2026-09-24T13:34:44.976626,5.56,0.556,2712,-4.0,9622,1.804274,1.804274
2026-09-24T13:34:44.984626,5.56,0.556,2720,-4.0,9612,1.802492,1.802492
2026-09-24T13:34:44.992626,5.56,0.556,2728,-4.0,9612,1.802422,1.802422
2026-09-24T13:34:45.000626,5.56,0.556,2736,-4.0,9562,1.792961,1.792961
2026-09-24T13:34:45.008626,5.56,0.556,2744,-4.0,9585,1.797357,1.797357
2026-09-24T13:34:45.016626,5.56,0.556,2752,-4.0,9593,1.798849,1.798849
2026-09-24T13:34:45.024626,5.56,0.556,2760,-4.0,9577,1.795891,1.795891
2026-09-24T13:34:45.032626,5.56,0.556,2768,-4.0,9591,1.798479,1.798479
2026-09-24T13:34:45.040626,5.56,0.556,2776,-4.0,9619,1.803618,1.803618
2026-09-24T13:34:45.048626,5.56,0.556,2784,-4.0,9627,1.805271,1.805271
2026-09-24T13:34:45.056626,5.56,0.556,2792,-4.0,9606,1.801317,1.801317
2026-09-24T13:34:45.064626,5.56,0.556,2800,-4.0,9578,1.796006,1.796006
2026-09-24T13:34:45.072626,5.56,0.556,2808,-4.0,9602,1.800554,1.800554
2026-09-24T13:34:45.080626,5.56,0.556,2816,-4.0,9588,1.797813,1.797813
2026-09-24T13:34:45.088626,5.56,0.556,2824,-4.0,9603,1.800678,1.800678
2026-09-24T13:34:45.096626,5.56,0.556,2832,-4.0,9567,1.794021,1.794021
2026-09-24T13:34:45.104626,5.56,0.556,2840,-4.0,9584,1.79722,1.79722
2026-09-24T13:34:45.112626,5.56,0.556,2848,-4.0,9612,1.802422,1.802422
2026-09-24T13:34:45.120626,5.56,0.556,2856,-4.0,9586,1.79748,1.79748
2026-09-24T13:34:45.128626,5.56,0.556,2864,-4.0,9610,1.802064,1.802064
2026-09-24T13:34:45.136626,5.56,0.556,2872,-4.0,9615,1.802916,1.802916
2026-09-24T13:34:45.144626,5.56,0.556,2880,-4.0,9571,1.794757,1.794757
2026-09-24T13:34:45.152626,5.56,0.556,2888,-4.0,9594,1.799115,1.799115
2026-09-24T13:34:45.160626,5.56,0.556,2896,-4.0,9626,1.805063,1.805063
2026-09-24T13:34:45.168626,5.56,0.556,2904,-4.0,9561,1.792864,1.792864
2026-09-24T13:34:45.176626,5.56,0.556,2912,-4.0,9614,1.802843,1.802843
2026-09-24T13:34:45.184626,5.56,0.556,2920,-4.0,9568,1.794087,1.794087
2026-09-24T13:34:45.192626,5.56,0.556,2928,-4.0,9584,1.797135,1.797135
2026-09-24T13:34:45.200626,5.56,0.556,2936,-4.0,9601,1.800378,1.800378
2026-09-24T13:34:45.208626,5.56,0.556,2944,-4.0,9588,1.797896,1.797896
2026-09-24T13:34:45.216626,5.56,0.556,2952,-4.0,9596,1.799307,1.799307
2026-09-24T13:34:45.224626,5.56,0.556,2960,-4.0,9575,1.795532,1.795532
2026-09-24T13:34:45.232626,5.56,0.556,2968,-4.0,9613,1.802506,1.802506
2026-09-24T13:34:45.240626,5.56,0.556,2976,-4.0,9591,1.798517,1.798517
2026-09-24T13:34:45.248626,5.56,0.556,2984,-4.0,9577,1.795805,1.795805
2026-09-24T13:34:45.256626,5.56,0.556,2992,-4.0,9600,1.800205,1.800205
2026-09-24T13:34:45.264626,5.56,0.556,3000,-4.0,9597,1.799569,1.799569
2026-09-24T13:34:45.272626,5.56,0.556,3008,-4.0,9593,1.798919,1.798919
2026-09-24T13:34:45.280626,5.56,0.556,3016,-4.0,9614,1.802824,1.802824
2026-09-24T13:34:45.288626,5.56,0.556,3024,-4.0,9576,1.795583,1.795583
2026-09-24T13:34:45.296626,5.56,0.556,3032,-4.0,9584,1.797213,1.797213
2026-09-24T13:34:45.304626,5.56,0.556,3040,-4.0,9547,1.790155,1.790155
2026-09-24T13:34:45.312626,5.56,0.556,3048,-4.0,9629,1.805674,1.805674
2026-09-24T13:34:45.320626,5.56,0.556,3056,-4.0,9594,1.798932,1.798932
2026-09-24T13:34:45.328626,5.56,0.556,3064,-4.0,9592,1.798609,1.798609
2026-09-24T13:34:45.336626,5.56,0.556,3072,-4.0,9608,1.801634,1.801634
2026-09-24T13:34:45.344626,5.56,0.556,3080,-4.0,9592,1.798679,1.798679
2026-09-24T13:34:45.352626,5.56,0.556,3088,-4.0,9642,1.80806,1.80806
2026-09-24T13:34:45.360626,5.56,0.556,3096,-4.0,9595,1.799194,1.799194
2026-09-24T13:34:45.368626,5.56,0.556,3104,-4.0,9542,1.789211,1.789211
2026-09-24T13:34:45.376626,5.56,0.556,3112,-4.0,9598,1.799754,1.799754
2026-09-24T13:34:45.384626,5.56,0.556,3120,-4.0,9596,1.799457,1.799457
2026-09-24T13:34:45.392626,5.56,0.556,3128,-4.0,9599,1.800031,1.800031
2026-09-24T13:34:45.400626,5.56,0.556,3136,-4.0,9570,1.794491,1.794491
2026-09-24T13:34:45.408626,5.56,0.556,3144,-4.0,9597,1.799577,1.799577
2026-09-24T13:34:45.416626,5.56,0.556,3152,-4.0,9560,1.792636,1.792636
2026-09-24T13:34:45.424626,5.56,0.556,3160,-4.0,9593,1.798876,1.798876
2026-09-24T13:34:45.432626,5.56,0.556,3168,-4.0,9590,1.798295,1.798295
2026-09-24T13:34:45.440626,5.56,0.556,3176,-4.0,9581,1.796623,1.796623
2026-09-24T13:34:45.448626,5.56,0.556,3184,-4.0,9580,1.796358,1.796358
2026-09-24T13:34:45.456626,5.56,0.556,3192,-4.0,9562,1.792964,1.792964
2026-09-24T13:34:45.464626,5.56,0.556,3200,-4.0,9591,1.798555,1.798555
2026-09-24T13:34:45.472626,5.56,0.556,3208,-4.0,9627,1.805167,1.805167
2026-09-24T13:34:45.480626,5.56,0.556,3216,-4.0,9569,1.79436,1.79436
2026-09-24T13:34:45.488626,5.56,0.556,3224,-4.0,9595,1.799191,1.799191
2026-09-24T13:34:45.496626,5.56,0.556,3232,-4.0,9595,1.799233,1.799233
2026-09-24T13:34:45.504626,5.56,0.556,3240,-4.0,9596,1.799441,1.799441
2026-09-24T13:34:45.512626,5.56,0.556,3248,-4.0,9624,1.804617,1.804617
2026-09-24T13:34:45.520626,5.56,0.556,3256,-4.0,9541,1.789005,1.789005
2026-09-24T13:34:45.528626,5.56,0.556,3264,-4.0,9593,1.798865,1.798865
2026-09-24T13:34:45.536626,5.56,0.556,3272,-4.0,9592,1.798679,1.798679
2026-09-24T13:34:45.544626,5.56,0.556,3280,-4.0,9609,1.801894,1.801894
2026-09-24T13:34:45.552626,5.56,0.556,3288,-4.0,9617,1.803421,1.803421
2026-09-24T13:34:45.560626,5.56,0.556,3296,-4.0,9573,1.795053,1.795053
2026-09-24T13:34:45.568626,5.56,0.556,3304,-4.0,9594,1.799089,1.799089
2026-09-24T13:34:45.576626,5.56,0.556,3312,-4.0,9588,1.797901,1.797901
2026-09-24T13:34:45.584626,5.56,0.556,3320,-4.0,9587,1.797797,1.797797
2026-09-24T13:34:45.592626,5.56,0.556,3328,-4.0,9612,1.802374,1.802374
2026-09-24T13:34:45.600626,5.56,0.556,3336,-4.0,9621,1.804027,1.804027
2026-09-24T13:34:45.608626,5.56,0.556,3344,-4.0,9586,1.797571,1.797571
2026-09-24T13:34:45.616626,5.56,0.556,3352,-4.0,9557,1.792115,1.792115
2026-09-24T13:34:45.624626,5.56,0.556,3360,-4.0,9572,1.794921,1.794921
2026-09-24T13:34:45.632626,5.56,0.556,3368,-4.0,9588,1.797904,1.797904
2026-09-24T13:34:45.640626,5.56,0.556,3376,-4.0,9589,1.798026,1.798026
2026-09-24T13:34:45.648626,5.56,0.556,3384,-4.0,9589,1.798,1.798
2026-09-24T13:34:45.656626,5.56,0.556,3392,-4.0,9572,1.794871,1.794871
2026-09-24T13:34:45.664626,5.56,0.556,3400,-4.0,9563,1.7933,1.7933
2026-09-24T13:34:45.672626,5.56,0.556,3408,-4.0,9585,1.797395,1.797395
2026-09-24T13:34:45.680626,5.56,0.556,3416,-4.0,9584,1.797176,1.797176
2026-09-24T13:34:45.688626,5.56,0.556,3424,-4.0,9601,1.800311,1.800311
2026-09-24T13:34:45.696626,5.56,0.556,3432,-4.0,9618,1.80359,1.80359
2026-09-24T13:34:45.704626,5.56,0.556,3440,-4.0,9625,1.804926,1.804926
2026-09-24T13:34:45.712626,5.56,0.556,3448,-4.0,9595,1.799264,1.799264
2026-09-24T13:34:45.720626,5.56,0.556,3456,-4.0,9584,1.797181,1.797181
2026-09-24T13:34:45.728626,5.56,0.556,3464,-4.0,9582,1.796722,1.796722
2026-09-24T13:34:45.736626,5.56,0.556,3472,-4.0,9567,1.793995,1.793995
2026-09-24T13:34:45.744626,5.56,0.556,3480,-4.0,9606,1.801342,1.801342
2026-09-24T13:34:45.752626,5.56,0.556,3488,-4.0,9568,1.794119,1.794119
2026-09-24T13:34:45.760626,5.56,0.556,3496,-4.0,9611,1.802229,1.802229
2026-09-24T13:34:45.768626,5.56,0.556,3504,-4.0,9594,1.79905,1.79905
2026-09-24T13:34:45.776626,5.56,0.556,3512,-4.0,9601,1.800382,1.800382
2026-09-24T13:34:45.784626,5.56,0.556,3520,-4.0,9587,1.797767,1.797767
2026-09-24T13:34:45.792626,5.56,0.556,3528,-4.0,9611,1.802146,1.802146
2026-09-24T13:34:45.800626,5.56,0.556,3536,-4.0,9568,1.794217,1.794217
2026-09-24T13:34:45.808626,5.56,0.556,3544,-4.0,9566,1.793837,1.793837
2026-09-24T13:34:45.816626,5.56,0.556,3552,-4.0,9580,1.796375,1.796375
2026-09-24T13:34:45.824626,5.56,0.556,3560,-4.0,9552,1.791229,1.791229
2026-09-24T13:34:45.832626,5.56,0.556,3568,-4.0,9607,1.801374,1.801374
2026-09-24T13:34:45.840626,5.56,0.556,3576,-4.0,9572,1.794947,1.794947
2026-09-24T13:34:45.848626,5.56,0.556,3584,-4.0,9605,1.801075,1.801075
2026-09-24T13:34:45.856626,5.56,0.556,3592,-4.0,9547,1.790198,1.790198
2026-09-24T13:34:45.864626,5.56,0.556,3600,-4.0,9579,1.796193,1.796193
2026-09-24T13:34:45.872626,5.56,0.556,3608,-4.0,9574,1.795214,1.795214
2026-09-24T13:34:45.880626,5.56,0.556,3616,-4.0,9611,1.802133,1.802133
2026-09-24T13:34:45.888626,5.56,0.556,3624,-4.0,9600,1.80009,1.80009
2026-09-24T13:34:45.896626,5.56,0.556,3632,-4.0,9570,1.794438,1.794438
2026-09-24T13:34:45.904626,5.56,0.556,3640,-4.0,9576,1.795733,1.795733
2026-09-24T13:34:45.912626,5.56,0.556,3648,-4.0,9618,1.803519,1.803519
2026-09-24T13:34:45.920626,5.56,0.556,3656,-4.0,9587,1.797779,1.797779
2026-09-24T13:34:45.928626,5.56,0.556,3664,-4.0,9638,1.807319,1.807319
2026-09-24T13:34:45.936626,5.56,0.556,3672,-4.0,9591,1.798534,1.798534
2026-09-24T13:34:45.944626,5.56,0.556,3680,-4.0,9629,1.805578,1.805578
2026-09-24T13:34:45.952626,5.56,0.556,3688,-4.0,9551,1.791038,1.791038
2026-09-24T13:34:45.960626,5.56,0.556,3696,-4.0,9573,1.795081,1.795081
2026-09-24T13:34:45.968626,5.56,0.556,3704,-4.0,9590,1.798271,1.798271
2026-09-24T13:34:45.976626,5.56,0.556,3712,-4.0,9612,1.80231,1.80231
2026-09-24T13:34:45.984626,5.56,0.556,3720,-4.0,9600,1.800184,1.800184
2026-09-24T13:34:45.992626,5.56,0.556,3728,-4.0,9593,1.798746,1.798746
2026-09-24T13:34:46.000626,5.56,0.556,3736,-4.0,9623,1.804495,1.804495
2026-09-24T13:34:46.008626,5.56,0.556,3744,-4.0,9583,1.797031,1.797031
2026-09-24T13:34:46.016626,5.56,0.556,3752,-4.0,9592,1.7986,1.7986
2026-09-24T13:34:46.024626,5.56,0.556,3760,-4.0,9621,1.804095,1.804095
2026-09-24T13:34:46.032626,5.56,0.556,3768,-4.0,9592,1.798676,1.798676
2026-09-24T13:34:46.040626,5.56,0.556,3776,-4.0,9586,1.797486,1.797486
2026-09-24T13:34:46.048626,5.56,0.556,3784,-4.0,9579,1.79623,1.79623
2026-09-24T13:34:46.056626,5.56,0.556,3792,-4.0,9611,1.802228,1.802228
2026-09-24T13:34:46.064626,5.56,0.556,3800,-4.0,9592,1.798735,1.798735
2026-09-24T13:34:46.072626,5.56,0.556,3808,-4.0,9605,1.801021,1.801021
2026-09-24T13:34:46.080626,5.56,0.556,3816,-4.0,9594,1.799077,1.799077
2026-09-24T13:34:46.088626,5.56,0.556,3824,-4.0,9588,1.797827,1.797827
2026-09-24T13:34:46.096626,5.56,0.556,3832,-4.0,9605,1.801021,1.801021
2026-09-24T13:34:46.104626,5.56,0.556,3840,-4.0,9629,1.805543,1.805543
2026-09-24T13:34:46.112626,5.56,0.556,3848,-4.0,9621,1.804018,1.804018
2026-09-24T13:34:46.120626,5.56,0.556,3856,-4.0,9598,1.799705,1.799705
2026-09-24T13:34:46.128626,5.56,0.556,3864,-4.0,9576,1.795688,1.795688
2026-09-24T13:34:46.136626,5.56,0.556,3872,-4.0,9600,1.800123,1.800123
2026-09-24T13:34:46.144626,5.56,0.556,3880,-4.0,9610,1.802011,1.802011
2026-09-24T13:34:46.152626,5.56,0.556,3888,-4.0,9552,1.791128,1.791128
2026-09-24T13:34:46.160626,5.56,0.556,3896,-4.0,9609,1.801841,1.801841
2026-09-24T13:34:46.168626,5.56,0.556,3904,-4.0,9588,1.797972,1.797972
2026-09-24T13:34:46.176626,5.56,0.556,3912,-4.0,9610,1.801931,1.801931
2026-09-24T13:34:46.184626,5.56,0.556,3920,-4.0,9603,1.800713,1.800713
2026-09-24T13:34:46.192626,5.56,0.556,3928,-4.0,9615,1.802943,1.802943
2026-09-24T13:34:46.200626,5.56,0.556,3936,-4.0,9594,1.798938,1.798938
2026-09-24T13:34:46.208626,5.56,0.556,3944,-4.0,9631,1.805903,1.805903
2026-09-24T13:34:46.216626,5.56,0.556,3952,-4.0,9588,1.797975,1.797975
2026-09-24T13:34:46.224626,5.56,0.556,3960,-4.0,9613,1.802576,1.802576
2026-09-24T13:34:46.232626,5.56,0.556,3968,-4.0,9572,1.794945,1.794945
2026-09-24T13:34:46.240626,5.56,0.556,3976,-4.0,9585,1.797426,1.797426
2026-09-24T13:34:46.248626,5.56,0.556,3984,-4.0,9606,1.801328,1.801328
2026-09-24T13:34:46.256626,5.56,0.556,3992,-4.0,9588,1.797886,1.797886
2026-09-24T13:34:46.264626,5.56,0.556,4000,-4.0,9610,1.801937,1.801937
2026-09-24T13:34:46.272626,5.56,0.556,4008,-4.0,9573,1.795004,1.795004
2026-09-24T13:34:46.280626,5.56,0.556,4016,-4.0,9596,1.799435,1.799435
2026-09-24T13:34:46.288626,5.56,0.556,4024,-4.0,9595,1.799203,1.799203
2026-09-24T13:34:46.296626,5.56,0.556,4032,-4.0,9577,1.795896,1.795896
2026-09-24T13:34:46.304626,5.56,0.556,4040,-4.0,9644,1.80845,1.80845
2026-09-24T13:34:46.312626,5.56,0.556,4048,-4.0,9574,1.795271,1.795271
2026-09-24T13:34:46.320626,5.56,0.556,4056,-4.0,9620,1.803872,1.803872
2026-09-24T13:34:46.328626,5.56,0.556,4064,-4.0,9612,1.802474,1.802474
2026-09-24T13:34:46.336626,5.56,0.556,4072,-4.0,9571,1.79469,1.79469
2026-09-24T13:34:46.344626,5.56,0.556,4080,-4.0,9633,1.806308,1.806308
2026-09-24T13:34:46.352626,5.56,0.556,4088,-4.0,9565,1.79354,1.79354
2026-09-24T13:34:46.360626,5.56,0.556,4096,-4.0,9585,1.797325,1.797325
2026-09-24T13:34:46.368626,5.56,0.556,4104,-4.0,9592,1.798653,1.798653
2026-09-24T13:34:46.376626,5.56,0.556,4112,-4.0,9593,1.798834,1.798834
2026-09-24T13:34:46.384626,5.56,0.556,4120,-4.0,9563,1.793297,1.793297
2026-09-24T13:34:46.392626,5.56,0.556,4128,-4.0,9599,1.799868,1.799868
2026-09-24T13:34:46.400626,5.56,0.556,4136,-4.0,9612,1.802474,1.802474
2026-09-24T13:34:46.408626,5.56,0.556,4144,-4.0,9611,1.802302,1.802302
2026-09-24T13:34:46.416626,5.56,0.556,4152,-4.0,9576,1.795712,1.795712
2026-09-24T13:34:46.424626,5.56,0.556,4160,-4.0,9595,1.799257,1.799257
2026-09-24T13:34:46.432626,5.56,0.556,4168,-4.0,9584,1.797107,1.797107
2026-09-24T13:34:46.440626,5.56,0.556,4176,-4.0,9631,1.805914,1.805914
2026-09-24T13:34:46.448626,5.56,0.556,4184,-4.0,9577,1.795887,1.795887
2026-09-24T13:34:46.456626,5.56,0.556,4192,-4.0,9582,1.796789,1.796789
2026-09-24T13:34:46.464626,5.56,0.556,4200,-4.0,9600,1.800144,1.800144
2026-09-24T13:34:46.472626,5.56,0.556,4208,-4.0,9591,1.798534,1.798534
2026-09-24T13:34:46.480626,5.56,0.556,4216,-4.0,9562,1.793021,1.793021
2026-09-24T13:34:46.488626,5.56,0.556,4224,-4.0,9605,1.801072,1.801072
2026-09-24T13:34:46.496626,5.56,0.556,4232,-4.0,9587,1.797653,1.797653
2026-09-24T13:34:46.504626,5.56,0.556,4240,-4.0,9593,1.798863,1.798863
2026-09-24T13:34:46.512626,5.56,0.556,4248,-4.0,9584,1.797101,1.797101
2026-09-24T13:34:46.520626,5.56,0.556,4256,-4.0,9591,1.798463,1.798463
2026-09-24T13:34:46.528626,5.56,0.556,4264,-4.0,9575,1.795388,1.795388
2026-09-24T13:34:46.536626,5.56,0.556,4272,-4.0,9562,1.793092,1.793092
2026-09-24T13:34:46.544626,5.56,0.556,4280,-4.0,9593,1.79888,1.79888
2026-09-24T13:34:46.552626,5.56,0.556,4288,-4.0,9582,1.796823,1.796823
2026-09-24T13:34:46.560626,5.56,0.556,4296,-4.0,9555,1.791649,1.791649
2026-09-24T13:34:46.568626,5.56,0.556,4304,-4.0,9627,1.805156,1.805156
2026-09-24T13:34:46.576626,5.56,0.556,4312,-4.0,9561,1.792771,1.792771
2026-09-24T13:34:46.584626,5.56,0.556,4320,-4.0,9598,1.7998,1.7998
2026-09-24T13:34:46.592626,5.56,0.556,4328,-4.0,9603,1.800645,1.800645
2026-09-24T13:34:46.600626,5.56,0.556,4336,-4.0,9598,1.799783,1.799783
2026-09-24T13:34:46.608626,5.56,0.556,4344,-4.0,9627,1.805167,1.805167
2026-09-24T13:34:46.616626,5.56,0.556,4352,-4.0,9607,1.801459,1.801459
2026-09-24T13:34:46.624626,5.56,0.556,4360,-4.0,9619,1.803629,1.803629
2026-09-24T13:34:46.632626,5.56,0.556,4368,-4.0,9588,1.797901,1.797901
2026-09-24T13:34:46.640626,5.56,0.556,4376,-4.0,9595,1.799177,1.799177
2026-09-24T13:34:46.648626,5.56,0.556,4384,-4.0,9604,1.800861,1.800861
2026-09-24T13:34:46.656626,5.56,0.556,4392,-4.0,9609,1.801845,1.801845
2026-09-24T13:34:46.664626,5.56,0.556,4400,-4.0,9553,1.791308,1.791308
2026-09-24T13:34:46.672626,5.56,0.556,4408,-4.0,9587,1.79774,1.79774
2026-09-24T13:34:46.680626,5.56,0.556,4416,-4.0,9561,1.792846,1.792846
2026-09-24T13:34:46.688626,5.56,0.556,4424,-4.0,9599,1.799925,1.799925
2026-09-24T13:34:46.696626,5.56,0.556,4432,-4.0,9595,1.799223,1.799223
2026-09-24T13:34:46.704626,5.56,0.556,4440,-4.0,9616,1.803121,1.803121
2026-09-24T13:34:46.712626,5.56,0.556,4448,-4.0,9623,1.804425,1.804425
2026-09-24T13:34:46.720626,5.56,0.556,4456,-4.0,9585,1.797305,1.797305
2026-09-24T13:34:46.728626,5.56,0.556,4464,-4.0,9553,1.791345,1.791345
2026-09-24T13:34:46.736626,5.56,0.556,4472,-4.0,9590,1.798207,1.798207
2026-09-24T13:34:46.744626,5.56,0.556,4480,-4.0,9535,1.787912,1.787912
2026-09-24T13:34:46.752626,5.56,0.556,4488,-4.0,9606,1.801214,1.801214
2026-09-24T13:34:46.760626,5.56,0.556,4496,-4.0,9571,1.794786,1.794786
2026-09-24T13:34:46.768626,5.56,0.556,4504,-4.0,9626,1.804997,1.804997
2026-09-24T13:34:46.776626,5.56,0.556,4512,-4.0,9577,1.795918,1.795918
2026-09-24T13:34:46.784626,5.56,0.556,4520,-4.0,9582,1.796756,1.796756
2026-09-24T13:34:46.792626,5.56,0.556,4528,-4.0,9581,1.796573,1.796573
2026-09-24T13:34:46.800626,5.56,0.556,4536,-4.0,9633,1.806322,1.806322
2026-09-24T13:34:46.808626,5.56,0.556,4544,-4.0,9607,1.801483,1.801483
2026-09-24T13:34:46.816626,5.56,0.556,4552,-4.0,9592,1.798651,1.798651
2026-09-24T13:34:46.824626,5.56,0.556,4560,-4.0,9582,1.796826,1.796826
2026-09-24T13:34:46.832626,5.56,0.556,4568,-4.0,9602,1.800528,1.800528
2026-09-24T13:34:46.840626,5.56,0.556,4576,-4.0,9600,1.800238,1.800238
2026-09-24T13:34:46.848626,5.56,0.556,4584,-4.0,9553,1.791314,1.791314
2026-09-24T13:34:46.856626,5.56,0.556,4592,-4.0,9589,1.798142,1.798142
2026-09-24T13:34:46.864626,5.56,0.556,4600,-4.0,9584,1.797158,1.797158
2026-09-24T13:34:46.872626,5.56,0.556,4608,-4.0,9583,1.79696,1.79696
2026-09-24T13:34:46.880626,5.56,0.556,4616,-4.0,9591,1.798494,1.798494
2026-09-24T13:34:46.888626,5.56,0.556,4624,-4.0,9617,1.803377,1.803377
2026-09-24T13:34:46.896626,5.56,0.556,4632,-4.0,9573,1.795096,1.795096
2026-09-24T13:34:46.904626,5.56,0.556,4640,-4.0,9572,1.794862,1.794862
2026-09-24T13:34:46.912626,5.56,0.556,4648,-4.0,9565,1.793601,1.793601
2026-09-24T13:34:46.920626,5.56,0.556,4656,-4.0,9585,1.797387,1.797387
2026-09-24T13:34:46.928626,5.56,0.556,4664,-4.0,9618,1.803617,1.803617
2026-09-24T13:34:46.936626,5.56,0.556,4672,-4.0,9568,1.794207,1.794207
2026-09-24T13:34:46.944626,5.56,0.556,4680,-4.0,9576,1.795707,1.795707
2026-09-24T13:34:46.952626,5.56,0.556,4688,-4.0,9631,1.805939,1.805939
2026-09-24T13:34:46.960626,5.56,0.556,4696,-4.0,9580,1.796368,1.796368
2026-09-24T13:34:46.968626,5.56,0.556,4704,-4.0,9578,1.795942,1.795942
2026-09-24T13:34:46.976626,5.56,0.556,4712,-4.0,9567,1.794054,1.794054
2026-09-24T13:34:46.984626,5.56,0.556,4720,-4.0,9583,1.797018,1.797018
2026-09-24T13:34:46.992626,5.56,0.556,4728,-4.0,9558,1.792308,1.792308
2026-09-24T13:34:47.000626,5.56,0.556,4736,-4.0,9649,1.809308,1.809308
2026-09-24T13:34:47.008626,5.56,0.556,4744,-4.0,9590,1.798291,1.798291
2026-09-24T13:34:47.016626,5.56,0.556,4752,-4.0,9597,1.799495,1.799495
2026-09-24T13:34:47.024626,5.56,0.556,4760,-4.0,9593,1.798916,1.798916
2026-09-24T13:34:47.032626,5.56,0.556,4768,-4.0,9606,1.801231,1.801231
2026-09-24T13:34:47.040626,5.56,0.556,4776,-4.0,9579,1.796172,1.796172
2026-09-24T13:34:47.048626,5.56,0.556,4784,-4.0,9581,1.79657,1.79657
2026-09-24T13:34:47.056626,5.56,0.556,4792,-4.0,9618,1.803456,1.803456
2026-09-24T13:34:47.064626,5.56,0.556,4800,-4.0,9612,1.802434,1.802434
2026-09-24T13:34:47.072626,5.56,0.556,4808,-4.0,9599,1.8,1.8
2026-09-24T13:34:47.080626,5.56,0.556,4816,-4.0,9593,1.798756,1.798756
2026-09-24T13:34:47.088626,5.56,0.556,4824,-4.0,9592,1.798725,1.798725
2026-09-24T13:34:47.096626,5.56,0.556,4832,-4.0,9588,1.797877,1.797877
2026-09-24T13:34:47.104626,5.56,0.556,4840,-4.0,9606,1.801337,1.801337
2026-09-24T13:34:47.112626,5.56,0.556,4848,-4.0,9575,1.795381,1.795381
2026-09-24T13:34:47.120626,5.56,0.556,4856,-4.0,9619,1.803701,1.803701
2026-09-24T13:34:47.128626,5.56,0.556,4864,-4.0,9596,1.799432,1.799432
2026-09-24T13:34:47.136626,5.56,0.556,4872,-4.0,9597,1.799572,1.799572
2026-09-24T13:34:47.144626,5.56,0.556,4880,-4.0,9584,1.797096,1.797096
2026-09-24T13:34:47.152626,5.56,0.556,4888,-4.0,9608,1.801704,1.801704
2026-09-24T13:34:47.160626,5.56,0.556,4896,-4.0,9590,1.798297,1.798297
2026-09-24T13:34:47.168626,5.56,0.556,4904,-4.0,9566,1.793739,1.793739
2026-09-24T13:34:47.176626,5.56,0.556,4912,-4.0,9610,1.801982,1.801982
2026-09-24T13:34:47.184626,5.56,0.556,4920,-4.0,9612,1.802342,1.802342
2026-09-24T13:34:47.192626,5.56,0.556,4928,-4.0,9614,1.802861,1.802861
2026-09-24T13:34:47.200626,5.56,0.556,4936,-4.0,9588,1.79794,1.79794
2026-09-24T13:34:47.208626,5.56,0.556,4944,-4.0,9569,1.794334,1.794334
2026-09-24T13:34:47.216626,5.56,0.556,4952,-4.0,9588,1.79784,1.79784
2026-09-24T13:34:47.224626,5.56,0.556,4960,-4.0,9591,1.798498,1.798498
2026-09-24T13:34:47.232626,5.56,0.556,4968,-4.0,9596,1.799467,1.799467
2026-09-24T13:34:47.240626,5.56,0.556,4976,-4.0,9627,1.805193,1.805193
2026-09-24T13:34:47.248626,5.56,0.556,4984,-4.0,9638,1.807352,1.807352
2026-09-24T13:34:47.256626,5.56,0.556,4992,-4.0,9611,1.80213,1.80213
2026-09-24T13:34:47.264626,5.56,0.556,5000,-4.0,9595,1.79927,1.79927
2026-09-24T13:34:47.272626,5.56,0.556,5008,-4.0,9579,1.796212,1.796212
2026-09-24T13:34:47.280626,5.56,0.556,5016,-4.0,9608,1.80167,1.80167
2026-09-24T13:34:47.288626,5.56,0.556,5024,-4.0,9600,1.800185,1.800185
2026-09-24T13:34:47.296626,5.56,0.556,5032,-4.0,9621,1.804002,1.804002
2026-09-24T13:34:47.304626,5.56,0.556,5040,-4.0,9601,1.800315,1.800315
2026-09-24T13:34:47.312626,5.56,0.556,5048,-4.0,9608,1.801637,1.801637
2026-09-24T13:34:47.320626,5.56,0.556,5056,-4.0,9580,1.796475,1.796475
2026-09-24T13:34:47.328626,5.56,0.556,5064,-4.0,9602,1.800547,1.800547
2026-09-24T13:34:47.336626,5.56,0.556,5072,-4.0,9588,1.797915,1.797915
2026-09-24T13:34:47.344626,5.56,0.556,5080,-4.0,9590,1.79833,1.79833
2026-09-24T13:34:47.352626,5.56,0.556,5088,-4.0,9607,1.801377,1.801377
2026-09-24T13:34:47.360626,5.56,0.556,5096,-4.0,9599,1.800017,1.800017
2026-09-24T13:34:47.368626,5.56,0.556,5104,-4.0,9581,1.796563,1.796563
2026-09-24T13:34:47.376626,5.56,0.556,5112,-4.0,9588,1.797888,1.797888
2026-09-24T13:35:42.264626,3.47,0.347,0,-2.5,10947,2.052677,2.052677
2026-09-24T13:35:42.272626,3.47,0.347,8,-2.5,10929,2.0494,2.0494
2026-09-24T13:35:42.280626,3.47,0.347,16,-2.5,10918,2.047273,2.047273
2026-09-24T13:35:42.288626,3.47,0.347,24,-2.5,10891,2.042288,2.042288
2026-09-24T13:35:42.296626,3.47,0.347,32,-2.5,10892,2.042319,2.042319
2026-09-24T13:35:42.304626,3.47,0.347,40,-2.5,10939,2.051172,2.051172
2026-09-24T13:35:42.312626,3.47,0.347,48,-2.5,10929,2.049426,2.049426
2026-09-24T13:35:42.320626,3.47,0.347,56,-2.5,10910,2.045863,2.045863
2026-09-24T13:35:42.328626,3.47,0.347,64,-2.5,10945,2.052401,2.052401
2026-09-24T13:35:42.336626,3.47,0.347,72,-2.5,10938,2.051104,2.051104
2026-09-24T13:35:42.344626,3.47,0.347,80,-2.5,10935,2.050425,2.050425
2026-09-24T13:35:42.352626,3.47,0.347,88,-2.5,10908,2.045369,2.045369
2026-09-24T13:35:42.360626,3.47,0.347,96,-2.5,10904,2.044643,2.044643
2026-09-24T13:35:42.368626,3.47,0.347,104,-2.5,10917,2.04715,2.04715
2026-09-24T13:35:42.376626,3.47,0.347,112,-2.5,10898,2.043575,2.043575
2026-09-24T13:35:42.384626,3.47,0.347,120,-2.5,10920,2.047598,2.047598
2026-09-24T13:35:42.392626,3.47,0.347,128,-2.5,10891,2.042134,2.042134
2026-09-24T13:35:42.400626,3.47,0.347,136,-2.5,10894,2.04276,2.04276
2026-09-24T13:35:42.408626,3.47,0.347,144,-2.5,10896,2.043205,2.043205
2026-09-24T13:35:42.416626,3.47,0.347,152,-2.5,10903,2.044408,2.044408
2026-09-24T13:35:42.424626,3.47,0.347,160,-2.5,10902,2.044346,2.044346
2026-09-24T13:35:42.432626,3.47,0.347,168,-2.5,10929,2.049399,2.049399
2026-09-24T13:35:42.440626,3.47,0.347,176,-2.5,10929,2.04936,2.04936
2026-09-24T13:35:42.448626,3.47,0.347,184,-2.5,10901,2.044112,2.044112
2026-09-24T13:35:42.456626,3.47,0.347,192,-2.5,10929,2.049355,2.049355
2026-09-24T13:35:42.464626,3.47,0.347,200,-2.5,10908,2.045379,2.045379
2026-09-24T13:35:42.472626,3.47,0.347,208,-2.5,10908,2.045453,2.045453
2026-09-24T13:35:42.480626,3.47,0.347,216,-2.5,10929,2.04943,2.04943
2026-09-24T13:35:42.488626,3.47,0.347,224,-2.5,10931,2.049697,2.049697
2026-09-24T13:35:42.496626,3.47,0.347,232,-2.5,10947,2.052657,2.052657
2026-09-24T13:35:42.504626,3.47,0.347,240,-2.5,10928,2.049142,2.049142
2026-09-24T13:35:42.512626,3.47,0.347,248,-2.5,10893,2.042653,2.042653
2026-09-24T13:35:42.520626,3.47,0.347,256,-2.5,10924,2.048399,2.048399
2026-09-24T13:35:42.528626,3.47,0.347,264,-2.5,10912,2.046242,2.046242
2026-09-24T13:35:42.536626,3.47,0.347,272,-2.5,10948,2.052894,2.052894
2026-09-24T13:35:42.544626,3.47,0.347,280,-2.5,10952,2.05375,2.05375
2026-09-24T13:35:42.552626,3.47,0.347,288,-2.5,10902,2.044268,2.044268
2026-09-24T13:35:42.560626,3.47,0.347,296,-2.5,10876,2.039475,2.039475
2026-09-24T13:35:42.568626,3.47,0.347,304,-2.5,10957,2.054611,2.054611
2026-09-24T13:35:42.576626,3.47,0.347,312,-2.5,10890,2.041976,2.041976
2026-09-24T13:35:42.584626,3.47,0.347,320,-2.5,10926,2.048793,2.048793
2026-09-24T13:35:42.592626,3.47,0.347,328,-2.5,10925,2.048534,2.048534
2026-09-24T13:35:42.600626,3.47,0.347,336,-2.5,10913,2.046355,2.046355
2026-09-24T13:35:42.608626,3.47,0.347,344,-2.5,10895,2.042995,2.042995
2026-09-24T13:35:42.616626,3.47,0.347,352,-2.5,10906,2.045039,2.045039
2026-09-24T13:35:42.624626,3.47,0.347,360,-2.5,10903,2.044492,2.044492
2026-09-24T13:35:42.632626,3.47,0.347,368,-2.5,10930,2.049609,2.049609
2026-09-24T13:35:42.640626,3.47,0.347,376,-2.5,10929,2.049418,2.049418
2026-09-24T13:35:42.648626,3.47,0.347,384,-2.5,10922,2.048124,2.048124
2026-09-24T13:35:42.656626,3.47,0.347,392,-2.5,10922,2.048019,2.048019
2026-09-24T13:35:42.664626,3.47,0.347,400,-2.5,10916,2.046996,2.046996
2026-09-24T13:35:42.672626,3.47,0.347,408,-2.5,10909,2.045673,2.045673
2026-09-24T13:35:42.680626,3.47,0.347,416,-2.5,10967,2.056466,2.056466
2026-09-24T13:35:42.688626,3.47,0.347,424,-2.5,10918,2.047325,2.047325
2026-09-24T13:35:42.696626,3.47,0.347,432,-2.5,10915,2.046787,2.046787
2026-09-24T13:35:42.704626,3.47,0.347,440,-2.5,10893,2.042569,2.042569
2026-09-24T13:35:42.712626,3.47,0.347,448,-2.5,10923,2.048253,2.048253
2026-09-24T13:35:42.720626,3.47,0.347,456,-2.5,10896,2.04318,2.04318
2026-09-24T13:35:42.728626,3.47,0.347,464,-2.5,10927,2.049059,2.049059
2026-09-24T13:35:42.736626,3.47,0.347,472,-2.5,10934,2.050279,2.050279
2026-09-24T13:35:42.744626,3.47,0.347,480,-2.5,10925,2.048526,2.048526
2026-09-24T13:35:42.752626,3.47,0.347,488,-2.5,10941,2.051594,2.051594
2026-09-24T13:35:42.760626,3.47,0.347,496,-2.5,10905,2.044864,2.044864
2026-09-24T13:35:42.768626,3.47,0.347,504,-2.5,10922,2.048054,2.048054
2026-09-24T13:35:42.776626,3.47,0.347,512,-2.5,10903,2.044397,2.044397
2026-09-24T13:35:42.784626,3.47,0.347,520,-2.5,10919,2.047495,2.047495
2026-09-24T13:35:42.792626,3.47,0.347,528,-2.5,10914,2.046541,2.046541
2026-09-24T13:35:42.800626,3.47,0.347,536,-2.5,10924,2.04837,2.04837
2026-09-24T13:35:42.808626,3.47,0.347,544,-2.5,10895,2.042966,2.042966
2026-09-24T13:35:42.816626,3.47,0.347,552,-2.5,10910,2.045726,2.045726
2026-09-24T13:35:42.824626,3.47,0.347,560,-2.5,10923,2.048253,2.048253
2026-09-24T13:35:42.832626,3.47,0.347,568,-2.5,10926,2.048841,2.048841
2026-09-24T13:35:42.840626,3.47,0.347,576,-2.5,10940,2.05143,2.05143
2026-09-24T13:35:42.848626,3.47,0.347,584,-2.5,10914,2.046457,2.046457
2026-09-24T13:35:42.856626,3.47,0.347,592,-2.5,10902,2.0442,2.0442
2026-09-24T13:35:42.864626,3.47,0.347,600,-2.5,10943,2.051996,2.051996
2026-09-24T13:35:42.872626,3.47,0.347,608,-2.5,10917,2.047092,2.047092
2026-09-24T13:35:42.880626,3.47,0.347,616,-2.5,10945,2.052254,2.052254
2026-09-24T13:35:42.888626,3.47,0.347,624,-2.5,10912,2.046182,2.046182
2026-09-24T13:35:42.896626,3.47,0.347,632,-2.5,10919,2.04742,2.04742
2026-09-24T13:35:42.904626,3.47,0.347,640,-2.5,10913,2.046284,2.046284
2026-09-24T13:35:42.912626,3.47,0.347,648,-2.5,10912,2.046099,2.046099
2026-09-24T13:35:42.920626,3.47,0.347,656,-2.5,10929,2.049292,2.049292
2026-09-24T13:35:42.928626,3.47,0.347,664,-2.5,10918,2.047269,2.047269
2026-09-24T13:35:42.936626,3.47,0.347,672,-2.5,10910,2.045743,2.045743
2026-09-24T13:35:42.944626,3.47,0.347,680,-2.5,10926,2.048754,2.048754
2026-09-24T13:35:42.952626,3.47,0.347,688,-2.5,10908,2.045447,2.045447
2026-09-24T13:35:42.960626,3.47,0.347,696,-2.5,10912,2.046179,2.046179
2026-09-24T13:35:42.968626,3.47,0.347,704,-2.5,10927,2.048961,2.048961
2026-09-24T13:35:42.976626,3.47,0.347,712,-2.5,10914,2.046578,2.046578
2026-09-24T13:35:42.984626,3.47,0.347,720,-2.5,10939,2.05121,2.05121
2026-09-24T13:35:42.992626,3.47,0.347,728,-2.5,10905,2.044867,2.044867
2026-09-24T13:35:43.000626,3.47,0.347,736,-2.5,10942,2.051786,2.051786
2026-09-24T13:35:43.008626,3.47,0.347,744,-2.5,10970,2.056991,2.056991
2026-09-24T13:35:43.016626,3.47,0.347,752,-2.5,10951,2.05341,2.05341
2026-09-24T13:35:43.024626,3.47,0.347,760,-2.5,10905,2.044842,2.044842
2026-09-24T13:35:43.032626,3.47,0.347,768,-2.5,10957,2.054637,2.054637
2026-09-24T13:35:43.040626,3.47,0.347,776,-2.5,10955,2.054283,2.054283
2026-09-24T13:35:43.048626,3.47,0.347,784,-2.5,10906,2.044952,2.044952
2026-09-24T13:35:43.056626,3.47,0.347,792,-2.5,10921,2.047776,2.047776
2026-09-24T13:35:43.064626,3.47,0.347,800,-2.5,10903,2.044548,2.044548
2026-09-24T13:35:43.072626,3.47,0.347,808,-2.5,10893,2.042517,2.042517
2026-09-24T13:35:43.080626,3.47,0.347,816,-2.5,10914,2.046497,2.046497
2026-09-24T13:35:43.088626,3.47,0.347,824,-2.5,10873,2.038887,2.038887
2026-09-24T13:35:43.096626,3.47,0.347,832,-2.5,10904,2.044746,2.044746
2026-09-24T13:35:43.104626,3.47,0.347,840,-2.5,10916,2.046951,2.046951
2026-09-24T13:35:43.112626,3.47,0.347,848,-2.5,10943,2.052036,2.052036
2026-09-24T13:35:43.120626,3.47,0.347,856,-2.5,10910,2.045754,2.045754
2026-09-24T13:35:43.128626,3.47,0.347,864,-2.5,10922,2.048051,2.048051
2026-09-24T13:35:43.136626,3.47,0.347,872,-2.5,10911,2.046017,2.046017
2026-09-24T13:35:43.144626,3.47,0.347,880,-2.5,10910,2.045763,2.045763
2026-09-24T13:35:43.152626,3.47,0.347,888,-2.5,10892,2.042469,2.042469
2026-09-24T13:35:43.160626,3.47,0.347,896,-2.5,10950,2.053259,2.053259
2026-09-24T13:35:43.168626,3.47,0.347,904,-2.5,10897,2.043433,2.043433
2026-09-24T13:35:43.176626,3.47,0.347,912,-2.5,10940,2.051435,2.051435
2026-09-24T13:35:43.184626,3.47,0.347,920,-2.5,10925,2.048624,2.048624
2026-09-24T13:35:43.192626,3.47,0.347,928,-2.5,10929,2.049346,2.049346
2026-09-24T13:35:43.200626,3.47,0.347,936,-2.5,10898,2.043586,2.043586
2026-09-24T13:35:43.208626,3.47,0.347,944,-2.5,10914,2.046624,2.046624
2026-09-24T13:35:43.216626,3.47,0.347,952,-2.5,10948,2.05292,2.05292
2026-09-24T13:35:43.224626,3.47,0.347,960,-2.5,10913,2.046415,2.046415
2026-09-24T13:35:43.232626,3.47,0.347,968,-2.5,10933,2.050108,2.050108
2026-09-24T13:35:43.240626,3.47,0.347,976,-2.5,10908,2.045498,2.045498
2026-09-24T13:35:43.248626,3.47,0.347,984,-2.5,10909,2.045614,2.045614
2026-09-24T13:35:43.256626,3.47,0.347,992,-2.5,10919,2.047414,2.047414
2026-09-24T13:35:43.264626,3.47,0.347,1000,-2.5,10912,2.046225,2.046225
2026-09-24T13:35:43.272626,3.47,0.347,1008,-2.5,10920,2.047608,2.047608
2026-09-24T13:35:43.280626,3.47,0.347,1016,-2.5,10900,2.043841,2.043841
2026-09-24T13:35:43.288626,3.47,0.347,1024,-2.5,10898,2.043501,2.043501
2026-09-24T13:35:43.296626,3.47,0.347,1032,-2.5,10904,2.044642,2.044642
2026-09-24T13:35:43.304626,3.47,0.347,1040,-2.5,10923,2.048262,2.048262
2026-09-24T13:35:43.312626,3.47,0.347,1048,-2.5,10951,2.053551,2.053551
2026-09-24T13:35:43.320626,3.47,0.347,1056,-2.5,10923,2.048251,2.048251
2026-09-24T13:35:43.328626,3.47,0.347,1064,-2.5,10885,2.041093,2.041093
2026-09-24T13:35:43.336626,3.47,0.347,1072,-2.5,10918,2.047332,2.047332
2026-09-24T13:35:43.344626,3.47,0.347,1080,-2.5,10930,2.049519,2.049519
2026-09-24T13:35:43.352626,3.47,0.347,1088,-2.5,10902,2.044287,2.044287
2026-09-24T13:35:43.360626,3.47,0.347,1096,-2.5,10909,2.045515,2.045515
2026-09-24T13:35:43.368626,3.47,0.347,1104,-2.5,10909,2.045503,2.045503
2026-09-24T13:35:43.376626,3.47,0.347,1112,-2.5,10944,2.052084,2.052084
2026-09-24T13:35:43.384626,3.47,0.347,1120,-2.5,10906,2.04497,2.04497
2026-09-24T13:35:43.392626,3.47,0.347,1128,-2.5,10926,2.048759,2.048759
2026-09-24T13:35:43.400626,3.47,0.347,1136,-2.5,10906,2.045029,2.045029
2026-09-24T13:35:43.408626,3.47,0.347,1144,-2.5,10917,2.047006,2.047006
2026-09-24T13:35:43.416626,3.47,0.347,1152,-2.5,10925,2.048569,2.048569
2026-09-24T13:35:43.424626,3.47,0.347,1160,-2.5,10931,2.049714,2.049714
2026-09-24T13:35:43.432626,3.47,0.347,1168,-2.5,10937,2.050934,2.050934
2026-09-24T13:35:43.440626,3.47,0.347,1176,-2.5,10917,2.047081,2.047081
2026-09-24T13:35:43.448626,3.47,0.347,1184,-2.5,10908,2.045482,2.045482
2026-09-24T13:35:43.456626,3.47,0.347,1192,-2.5,10933,2.050091,2.050091
2026-09-24T13:35:43.464626,3.47,0.347,1200,-2.5,10906,2.045084,2.045084
2026-09-24T13:35:43.472626,3.47,0.347,1208,-2.5,10911,2.046012,2.046012
2026-09-24T13:35:43.480626,3.47,0.347,1216,-2.5,10929,2.049326,2.049326
2026-09-24T13:35:43.488626,3.47,0.347,1224,-2.5,10942,2.051713,2.051713
2026-09-24T13:35:43.496626,3.47,0.347,1232,-2.5,10933,2.050145,2.050145
2026-09-24T13:35:43.504626,3.47,0.347,1240,-2.5,10933,2.050078,2.050078
2026-09-24T13:35:43.512626,3.47,0.347,1248,-2.5,10900,2.043912,2.043912
2026-09-24T13:35:43.520626,3.47,0.347,1256,-2.5,10947,2.052627,2.052627
2026-09-24T13:35:43.528626,3.47,0.347,1264,-2.5,10938,2.050965,2.050965
2026-09-24T13:35:43.536626,3.47,0.347,1272,-2.5,10921,2.047764,2.047764
2026-09-24T13:35:43.544626,3.47,0.347,1280,-2.5,10919,2.047471,2.047471
2026-09-24T13:35:43.552626,3.47,0.347,1288,-2.5,10917,2.047138,2.047138
2026-09-24T13:35:43.560626,3.47,0.347,1296,-2.5,10865,2.037263,2.037263
2026-09-24T13:35:43.568626,3.47,0.347,1304,-2.5,10937,2.050903,2.050903
2026-09-24T13:35:43.576626,3.47,0.347,1312,-2.5,10917,2.047151,2.047151
2026-09-24T13:35:43.584626,3.47,0.347,1320,-2.5,10908,2.045491,2.045491
2026-09-24T13:35:43.592626,3.47,0.347,1328,-2.5,10909,2.045558,2.045558
2026-09-24T13:35:43.600626,3.47,0.347,1336,-2.5,10921,2.047777,2.047777
2026-09-24T13:35:43.608626,3.47,0.347,1344,-2.5,10939,2.051169,2.051169
2026-09-24T13:35:43.616626,3.47,0.347,1352,-2.5,10933,2.050089,2.050089
2026-09-24T13:35:43.624626,3.47,0.347,1360,-2.5,10929,2.049328,2.049328
2026-09-24T13:35:43.632626,3.47,0.347,1368,-2.5,10938,2.050947,2.050947
2026-09-24T13:35:43.640626,3.47,0.347,1376,-2.5,10928,2.049196,2.049196
2026-09-24T13:35:43.648626,3.47,0.347,1384,-2.5,10904,2.044727,2.044727
2026-09-24T13:35:43.656626,3.47,0.347,1392,-2.5,10937,2.050925,2.050925
2026-09-24T13:35:43.664626,3.47,0.347,1400,-2.5,10888,2.041675,2.041675
2026-09-24T13:35:43.672626,3.47,0.347,1408,-2.5,10877,2.039579,2.039579
2026-09-24T13:35:43.680626,3.47,0.347,1416,-2.5,10933,2.05015,2.05015
2026-09-24T13:35:43.688626,3.47,0.347,1424,-2.5,10917,2.047129,2.047129
2026-09-24T13:35:43.696626,3.47,0.347,1432,-2.5,10919,2.04741,2.04741
2026-09-24T13:35:43.704626,3.47,0.347,1440,-2.5,10920,2.047714,2.047714
2026-09-24T13:35:43.712626,3.47,0.347,1448,-2.5,10941,2.051684,2.051684
2026-09-24T13:35:43.720626,3.47,0.347,1456,-2.5,10883,2.0407,2.0407
2026-09-24T13:35:43.728626,3.47,0.347,1464,-2.5,10903,2.044536,2.044536
2026-09-24T13:35:43.736626,3.47,0.347,1472,-2.5,10898,2.043481,2.043481
2026-09-24T13:35:43.744626,3.47,0.347,1480,-2.5,10931,2.049726,2.049726
2026-09-24T13:35:43.752626,3.47,0.347,1488,-2.5,10953,2.053757,2.053757
2026-09-24T13:35:43.760626,3.47,0.347,1496,-2.5,10913,2.046273,2.046273
2026-09-24T13:35:43.768626,3.47,0.347,1504,-2.5,10914,2.046531,2.046531
2026-09-24T13:35:43.776626,3.47,0.347,1512,-2.5,10932,2.049925,2.049925
2026-09-24T13:35:43.784626,3.47,0.347,1520,-2.5,10929,2.049336,2.049336
2026-09-24T13:35:43.792626,3.47,0.347,1528,-2.5,10929,2.049392,2.049392
2026-09-24T13:35:43.800626,3.47,0.347,1536,-2.5,10933,2.05014,2.05014
2026-09-24T13:35:43.808626,3.47,0.347,1544,-2.5,10918,2.047317,2.047317
2026-09-24T13:35:43.816626,3.47,0.347,1552,-2.5,10899,2.04373,2.04373
2026-09-24T13:35:43.824626,3.47,0.347,1560,-2.5,10932,2.049987,2.049987
2026-09-24T13:35:43.832626,3.47,0.347,1568,-2.5,10904,2.044607,2.044607
2026-09-24T13:35:43.840626,3.47,0.347,1576,-2.5,10906,2.045101,2.045101
2026-09-24T13:35:43.848626,3.47,0.347,1584,-2.5,10884,2.040997,2.040997
2026-09-24T13:35:43.856626,3.47,0.347,1592,-2.5,10896,2.043086,2.043086
2026-09-24T13:35:43.864626,3.47,0.347,1600,-2.5,10920,2.047739,2.047739
2026-09-24T13:35:43.872626,3.47,0.347,1608,-2.5,10931,2.049668,2.049668
2026-09-24T13:35:43.880626,3.47,0.347,1616,-2.5,10940,2.051361,2.051361
2026-09-24T13:35:43.888626,3.47,0.347,1624,-2.5,10912,2.046184,2.046184
2026-09-24T13:35:43.896626,3.47,0.347,1632,-2.5,10932,2.049937,2.049937
2026-09-24T13:35:43.904626,3.47,0.347,1640,-2.5,10911,2.046039,2.046039
2026-09-24T13:35:43.912626,3.47,0.347,1648,-2.5,10923,2.048208,2.048208
2026-09-24T13:35:43.920626,3.47,0.347,1656,-2.5,10946,2.052451,2.052451
2026-09-24T13:35:43.928626,3.47,0.347,1664,-2.5,10929,2.049399,2.049399
2026-09-24T13:35:43.936626,3.47,0.347,1672,-2.5,10927,2.048941,2.048941
2026-09-24T13:35:43.944626,3.47,0.347,1680,-2.5,10917,2.047163,2.047163
2026-09-24T13:35:43.952626,3.47,0.347,1688,-2.5,10967,2.056407,2.056407
2026-09-24T13:35:43.960626,3.47,0.347,1696,-2.5,10905,2.044898,2.044898
2026-09-24T13:35:43.968626,3.47,0.347,1704,-2.5,10885,2.041023,2.041023
2026-09-24T13:35:43.976626,3.47,0.347,1712,-2.5,10933,2.050009,2.050009
2026-09-24T13:35:43.984626,3.47,0.347,1720,-2.5,10890,2.042038,2.042038
2026-09-24T13:35:43.992626,3.47,0.347,1728,-2.5,10941,2.051589,2.051589
2026-09-24T13:35:44.000626,3.47,0.347,1736,-2.5,10914,2.046544,2.046544
2026-09-24T13:35:44.008626,3.47,0.347,1744,-2.5,10930,2.049604,2.049604
2026-09-24T13:35:44.016626,3.47,0.347,1752,-2.5,10921,2.047866,2.047866
2026-09-24T13:35:44.024626,3.47,0.347,1760,-2.5,10904,2.044625,2.044625
2026-09-24T13:35:44.032626,3.47,0.347,1768,-2.5,10914,2.04653,2.04653
2026-09-24T13:35:44.040626,3.47,0.347,1776,-2.5,10915,2.046672,2.046672
2026-09-24T13:35:44.048626,3.47,0.347,1784,-2.5,10939,2.051246,2.051246
2026-09-24T13:35:44.056626,3.47,0.347,1792,-2.5,10907,2.045215,2.045215
2026-09-24T13:35:44.064626,3.47,0.347,1800,-2.5,10931,2.049725,2.049725
2026-09-24T13:35:44.072626,3.47,0.347,1808,-2.5,10944,2.052104,2.052104
2026-09-24T13:35:44.080626,3.47,0.347,1816,-2.5,10950,2.053312,2.053312
2026-09-24T13:35:44.088626,3.47,0.347,1824,-2.5,10913,2.046426,2.046426
2026-09-24T13:35:44.096626,3.47,0.347,1832,-2.5,10922,2.048086,2.048086
2026-09-24T13:35:44.104626,3.47,0.347,1840,-2.5,10930,2.049606,2.049606
2026-09-24T13:35:44.112626,3.47,0.347,1848,-2.5,10933,2.050017,2.050017
2026-09-24T13:35:44.120626,3.47,0.347,1856,-2.5,10912,2.046175,2.046175
2026-09-24T13:35:44.128626,3.47,0.347,1864,-2.5,10916,2.046827,2.046827
2026-09-24T13:35:44.136626,3.47,0.347,1872,-2.5,10915,2.046644,2.046644
2026-09-24T13:35:44.144626,3.47,0.347,1880,-2.5,10898,2.043601,2.043601
2026-09-24T13:35:44.152626,3.47,0.347,1888,-2.5,10937,2.050878,2.050878
2026-09-24T13:35:44.160626,3.47,0.347,1896,-2.5,10944,2.05214,2.05214
2026-09-24T13:35:44.168626,3.47,0.347,1904,-2.5,10942,2.051733,2.051733
2026-09-24T13:35:44.176626,3.47,0.347,1912,-2.5,10926,2.048733,2.048733
2026-09-24T13:35:44.184626,3.47,0.347,1920,-2.5,10891,2.042193,2.042193
2026-09-24T13:35:44.192626,3.47,0.347,1928,-2.5,10906,2.044982,2.044982
2026-09-24T13:35:44.200626,3.47,0.347,1936,-2.5,10926,2.048745,2.048745
2026-09-24T13:35:44.208626,3.47,0.347,1944,-2.5,10938,2.051061,2.051061
2026-09-24T13:35:44.216626,3.47,0.347,1952,-2.5,10912,2.046201,2.046201
2026-09-24T13:35:44.224626,3.47,0.347,1960,-2.5,10896,2.043214,2.043214
2026-09-24T13:35:44.232626,3.47,0.347,1968,-2.5,10940,2.051397,2.051397
2026-09-24T13:35:44.240626,3.47,0.347,1976,-2.5,10911,2.04598,2.04598
2026-09-24T13:35:44.248626,3.47,0.347,1984,-2.5,10924,2.048426,2.048426
2026-09-24T13:35:44.256626,3.47,0.347,1992,-2.5,10923,2.048132,2.048132
2026-09-24T13:35:44.264626,3.47,0.347,2000,-2.5,10929,2.049368,2.049368
2026-09-24T13:35:44.272626,3.47,0.347,2008,-2.5,10926,2.048797,2.048797
2026-09-24T13:35:44.280626,3.47,0.347,2016,-2.5,10932,2.049894,2.049894
2026-09-24T13:35:44.288626,3.47,0.347,2024,-2.5,10913,2.046401,2.046401
2026-09-24T13:35:44.296626,3.47,0.347,2032,-2.5,10938,2.050982,2.050982
2026-09-24T13:35:44.304626,3.47,0.347,2040,-2.5,10917,2.047108,2.047108
2026-09-24T13:35:44.312626,3.47,0.347,2048,-2.5,10925,2.048682,2.048682
2026-09-24T13:35:44.320626,3.47,0.347,2056,-2.5,10940,2.051416,2.051416
2026-09-24T13:35:44.328626,3.47,0.347,2064,-2.5,10897,2.043289,2.043289
2026-09-24T13:35:44.336626,3.47,0.347,2072,-2.5,10937,2.050916,2.050916
2026-09-24T13:35:44.344626,3.47,0.347,2080,-2.5,10918,2.047345,2.047345
2026-09-24T13:35:44.352626,3.47,0.347,2088,-2.5,10899,2.043727,2.043727
2026-09-24T13:35:44.360626,3.47,0.347,2096,-2.5,10907,2.045238,2.045238
2026-09-24T13:35:44.368626,3.47,0.347,2104,-2.5,10927,2.049025,2.049025
2026-09-24T13:35:44.376626,3.47,0.347,2112,-2.5,10896,2.043129,2.043129
2026-09-24T13:35:44.384626,3.47,0.347,2120,-2.5,10935,2.050382,2.050382
2026-09-24T13:35:44.392626,3.47,0.347,2128,-2.5,10910,2.045704,2.045704
2026-09-24T13:35:44.400626,3.47,0.347,2136,-2.5,10900,2.043816,2.043816
2026-09-24T13:35:44.408626,3.47,0.347,2144,-2.5,10919,2.04751,2.04751
2026-09-24T13:35:44.416626,3.47,0.347,2152,-2.5,10898,2.043461,2.043461
2026-09-24T13:35:44.424626,3.47,0.347,2160,-2.5,10906,2.04511,2.04511
2026-09-24T13:35:44.432626,3.47,0.347,2168,-2.5,10904,2.044707,2.044707
2026-09-24T13:35:44.440626,3.47,0.347,2176,-2.5,10912,2.046241,2.046241
2026-09-24T13:35:44.448626,3.47,0.347,2184,-2.5,10927,2.049045,2.049045
2026-09-24T13:35:44.456626,3.47,0.347,2192,-2.5,10907,2.045294,2.045294
2026-09-24T13:35:44.464626,3.47,0.347,2200,-2.5,10923,2.048196,2.048196
2026-09-24T13:35:44.472626,3.47,0.347,2208,-2.5,10926,2.048853,2.048853
2026-09-24T13:35:44.480626,3.47,0.347,2216,-2.5,10960,2.055072,2.055072
2026-09-24T13:35:44.488626,3.47,0.347,2224,-2.5,10918,2.047328,2.047328
2026-09-24T13:35:44.496626,3.47,0.347,2232,-2.5,10894,2.042753,2.042753
2026-09-24T13:35:44.504626,3.47,0.347,2240,-2.5,10903,2.044391,2.044391
2026-09-24T13:35:44.512626,3.47,0.347,2248,-2.5,10893,2.042513,2.042513
2026-09-24T13:35:44.520626,3.47,0.347,2256,-2.5,10914,2.046601,2.046601
2026-09-24T13:35:44.528626,3.47,0.347,2264,-2.5,10927,2.049043,2.049043
2026-09-24T13:35:44.536626,3.47,0.347,2272,-2.5,10942,2.051803,2.051803
2026-09-24T13:35:44.544626,3.47,0.347,2280,-2.5,10929,2.049302,2.049302
2026-09-24T13:35:44.552626,3.47,0.347,2288,-2.5,10874,2.039053,2.039053
2026-09-24T13:35:44.560626,3.47,0.347,2296,-2.5,10907,2.045158,2.045158
2026-09-24T13:35:44.568626,3.47,0.347,2304,-2.5,10923,2.048214,2.048214
2026-09-24T13:35:44.576626,3.47,0.347,2312,-2.5,10912,2.046189,2.046189
2026-09-24T13:35:44.584626,3.47,0.347,2320,-2.5,10953,2.053792,2.053792
2026-09-24T13:35:44.592626,3.47,0.347,2328,-2.5,10923,2.048192,2.048192
2026-09-24T13:35:44.600626,3.47,0.347,2336,-2.5,10906,2.045121,2.045121
2026-09-24T13:35:44.608626,3.47,0.347,2344,-2.5,10938,2.051082,2.051082
2026-09-24T13:35:44.616626,3.47,0.347,2352,-2.5,10960,2.055138,2.055138
2026-09-24T13:35:44.624626,3.47,0.347,2360,-2.5,10918,2.047336,2.047336
2026-09-24T13:35:44.632626,3.47,0.347,2368,-2.5,10941,2.051637,2.051637
2026-09-24T13:35:44.640626,3.47,0.347,2376,-2.5,10921,2.047926,2.047926
2026-09-24T13:35:44.648626,3.47,0.347,2384,-2.5,10889,2.041902,2.041902
2026-09-24T13:35:44.656626,3.47,0.347,2392,-2.5,10921,2.047797,2.047797
2026-09-24T13:35:44.664626,3.47,0.347,2400,-2.5,10922,2.048006,2.048006
2026-09-24T13:35:44.672626,3.47,0.347,2408,-2.5,10897,2.043265,2.043265
2026-09-24T13:35:44.680626,3.47,0.347,2416,-2.5,10922,2.048027,2.048027
2026-09-24T13:35:44.688626,3.47,0.347,2424,-2.5,10896,2.04307,2.04307
2026-09-24T13:35:44.696626,3.47,0.347,2432,-2.5,10946,2.05253,2.05253
2026-09-24T13:35:44.704626,3.47,0.347,2440,-2.5,10922,2.04812,2.04812
2026-09-24T13:35:44.712626,3.47,0.347,2448,-2.5,10895,2.042971,2.042971
2026-09-24T13:35:44.720626,3.47,0.347,2456,-2.5,10971,2.057131,2.057131
2026-09-24T13:35:44.728626,3.47,0.347,2464,-2.5,10919,2.047398,2.047398
2026-09-24T13:35:44.736626,3.47,0.347,2472,-2.5,10888,2.04173,2.04173
2026-09-24T13:35:44.744626,3.47,0.347,2480,-2.5,10957,2.054582,2.054582
2026-09-24T13:35:44.752626,3.47,0.347,2488,-2.5,10910,2.045864,2.045864
2026-09-24T13:35:44.760626,3.47,0.347,2496,-2.5,10963,2.055782,2.055782
2026-09-24T13:35:44.768626,3.47,0.347,2504,-2.5,10935,2.050455,2.050455
2026-09-24T13:35:44.776626,3.47,0.347,2512,-2.5,10926,2.048762,2.048762
2026-09-24T13:35:44.784626,3.47,0.347,2520,-2.5,10898,2.043524,2.043524
2026-09-24T13:35:44.792626,3.47,0.347,2528,-2.5,10936,2.050687,2.050687
2026-09-24T13:35:44.800626,3.47,0.347,2536,-2.5,10915,2.046705,2.046705
2026-09-24T13:35:44.808626,3.47,0.347,2544,-2.5,10896,2.043107,2.043107
2026-09-24T13:35:44.816626,3.47,0.347,2552,-2.5,10920,2.047602,2.047602
2026-09-24T13:35:44.824626,3.47,0.347,2560,-2.5,10896,2.043199,2.043199
2026-09-24T13:35:44.832626,3.47,0.347,2568,-2.5,10903,2.044482,2.044482
2026-09-24T13:35:44.840626,3.47,0.347,2576,-2.5,10922,2.048104,2.048104
2026-09-24T13:35:44.848626,3.47,0.347,2584,-2.5,10918,2.047283,2.047283
2026-09-24T13:35:44.856626,3.47,0.347,2592,-2.5,10933,2.050064,2.050064
2026-09-24T13:35:44.864626,3.47,0.347,2600,-2.5,10926,2.04872,2.04872
2026-09-24T13:35:44.872626,3.47,0.347,2608,-2.5,10893,2.042653,2.042653
2026-09-24T13:35:44.880626,3.47,0.347,2616,-2.5,10936,2.050698,2.050698
2026-09-24T13:35:44.888626,3.47,0.347,2624,-2.5,10909,2.04568,2.04568
2026-09-24T13:35:44.896626,3.47,0.347,2632,-2.5,10928,2.049174,2.049174
2026-09-24T13:35:44.904626,3.47,0.347,2640,-2.5,10904,2.044679,2.044679
2026-09-24T13:35:44.912626,3.47,0.347,2648,-2.5,10921,2.047808,2.047808
2026-09-24T13:35:44.920626,3.47,0.347,2656,-2.5,10970,2.057056,2.057056
2026-09-24T13:35:44.928626,3.47,0.347,2664,-2.5,10892,2.042341,2.042341
2026-09-24T13:35:44.936626,3.47,0.347,2672,-2.5,10911,2.045939,2.045939
2026-09-24T13:35:44.944626,3.47,0.347,2680,-2.5,10909,2.045564,2.045564
2026-09-24T13:35:44.952626,3.47,0.347,2688,-2.5,10905,2.044766,2.044766
2026-09-24T13:35:44.960626,3.47,0.347,2696,-2.5,10924,2.048357,2.048357
2026-09-24T13:35:44.968626,3.47,0.347,2704,-2.5,10935,2.050429,2.050429
2026-09-24T13:35:44.976626,3.47,0.347,2712,-2.5,10923,2.048183,2.048183
2026-09-24T13:35:44.984626,3.47,0.347,2720,-2.5,10918,2.047236,2.047236
2026-09-24T13:35:44.992626,3.47,0.347,2728,-2.5,10921,2.047929,2.047929
2026-09-24T13:35:45.000626,3.47,0.347,2736,-2.5,10924,2.048325,2.048325
2026-09-24T13:35:45.008626,3.47,0.347,2744,-2.5,10907,2.045269,2.045269
2026-09-24T13:35:45.016626,3.47,0.347,2752,-2.5,10961,2.055311,2.055311
2026-09-24T13:35:45.024626,3.47,0.347,2760,-2.5,10959,2.055011,2.055011
2026-09-24T13:35:45.032626,3.47,0.347,2768,-2.5,10907,2.045126,2.045126
2026-09-24T13:35:45.040626,3.47,0.347,2776,-2.5,10871,2.038384,2.038384
2026-09-24T13:35:45.048626,3.47,0.347,2784,-2.5,10952,2.053577,2.053577
2026-09-24T13:35:45.056626,3.47,0.347,2792,-2.5,10929,2.049263,2.049263
2026-09-24T13:35:45.064626,3.47,0.347,2800,-2.5,10884,2.040959,2.040959
2026-09-24T13:35:45.072626,3.47,0.347,2808,-2.5,10911,2.046029,2.046029
2026-09-24T13:35:45.080626,3.47,0.347,2816,-2.5,10927,2.048996,2.048996
2026-09-24T13:35:45.088626,3.47,0.347,2824,-2.5,10922,2.048059,2.048059
2026-09-24T13:35:45.096626,3.47,0.347,2832,-2.5,10936,2.050678,2.050678
2026-09-24T13:35:45.104626,3.47,0.347,2840,-2.5,10905,2.044764,2.044764
2026-09-24T13:35:45.112626,3.47,0.347,2848,-2.5,10930,2.049468,2.049468
2026-09-24T13:35:45.120626,3.47,0.347,2856,-2.5,10932,2.049885,2.049885
2026-09-24T13:35:45.128626,3.47,0.347,2864,-2.5,10913,2.046302,2.046302
2026-09-24T13:35:45.136626,3.47,0.347,2872,-2.5,10918,2.047356,2.047356
2026-09-24T13:35:45.144626,3.47,0.347,2880,-2.5,10892,2.042436,2.042436
2026-09-24T13:35:45.152626,3.47,0.347,2888,-2.5,10920,2.047691,2.047691
2026-09-24T13:35:45.160626,3.47,0.347,2896,-2.5,10897,2.043315,2.043315
2026-09-24T13:35:45.168626,3.47,0.347,2904,-2.5,10893,2.042636,2.042636
2026-09-24T13:35:45.176626,3.47,0.347,2912,-2.5,10879,2.040038,2.040038
2026-09-24T13:35:45.184626,3.47,0.347,2920,-2.5,10931,2.049646,2.049646
2026-09-24T13:35:45.192626,3.47,0.347,2928,-2.5,10936,2.050735,2.050735
2026-09-24T13:35:45.200626,3.47,0.347,2936,-2.5,10926,2.048719,2.048719
2026-09-24T13:35:45.208626,3.47,0.347,2944,-2.5,10926,2.048818,2.048818
2026-09-24T13:35:45.216626,3.47,0.347,2952,-2.5,10929,2.049359,2.049359
2026-09-24T13:35:45.224626,3.47,0.347,2960,-2.5,10911,2.045952,2.045952
2026-09-24T13:35:45.232626,3.47,0.347,2968,-2.5,10930,2.049466,2.049466
2026-09-24T13:35:45.240626,3.47,0.347,2976,-2.5,10932,2.049948,2.049948
2026-09-24T13:35:45.248626,3.47,0.347,2984,-2.5,10930,2.049476,2.049476
2026-09-24T13:35:45.256626,3.47,0.347,2992,-2.5,10946,2.052474,2.052474
2026-09-24T13:35:45.264626,3.47,0.347,3000,-2.5,10942,2.051759,2.051759
2026-09-24T13:35:45.272626,3.47,0.347,3008,-2.5,10946,2.052453,2.052453
2026-09-24T13:35:45.280626,3.47,0.347,3016,-2.5,10918,2.047344,2.047344
2026-09-24T13:35:45.288626,3.47,0.347,3024,-2.5,10898,2.043475,2.043475
2026-09-24T13:35:45.296626,3.47,0.347,3032,-2.5,10927,2.048903,2.048903
2026-09-24T13:35:45.304626,3.47,0.347,3040,-2.5,10931,2.049627,2.049627
2026-09-24T13:35:45.312626,3.47,0.347,3048,-2.5,10916,2.046883,2.046883
2026-09-24T13:35:45.320626,3.47,0.347,3056,-2.5,10920,2.047586,2.047586
2026-09-24T13:35:45.328626,3.47,0.347,3064,-2.5,10881,2.040358,2.040358
2026-09-24T13:35:45.336626,3.47,0.347,3072,-2.5,10918,2.047334,2.047334
2026-09-24T13:35:45.344626,3.47,0.347,3080,-2.5,10935,2.050466,2.050466
2026-09-24T13:35:45.352626,3.47,0.347,3088,-2.5,10926,2.048754,2.048754
2026-09-24T13:35:45.360626,3.47,0.347,3096,-2.5,10931,2.049772,2.049772
2026-09-24T13:35:45.368626,3.47,0.347,3104,-2.5,10923,2.048183,2.048183
2026-09-24T13:35:45.376626,3.47,0.347,3112,-2.5,10886,2.041336,2.041336
2026-09-24T13:35:45.384626,3.47,0.347,3120,-2.5,10913,2.046396,2.046396
2026-09-24T13:35:45.392626,3.47,0.347,3128,-2.5,10934,2.050282,2.050282
2026-09-24T13:35:45.400626,3.47,0.347,3136,-2.5,10908,2.045474,2.045474
2026-09-24T13:35:45.408626,3.47,0.347,3144,-2.5,10919,2.04753,2.04753
2026-09-24T13:35:45.416626,3.47,0.347,3152,-2.5,10945,2.052423,2.052423
2026-09-24T13:35:45.424626,3.47,0.347,3160,-2.5,10871,2.038409,2.038409
2026-09-24T13:35:45.432626,3.47,0.347,3168,-2.5,10907,2.045265,2.045265
2026-09-24T13:35:45.440626,3.47,0.347,3176,-2.5,10937,2.05081,2.05081
2026-09-24T13:35:45.448626,3.47,0.347,3184,-2.5,10892,2.042442,2.042442
2026-09-24T13:35:45.456626,3.47,0.347,3192,-2.5,10959,2.054943,2.054943
2026-09-24T13:35:45.464626,3.47,0.347,3200,-2.5,10935,2.050386,2.050386
2026-09-24T13:35:45.472626,3.47,0.347,3208,-2.5,10909,2.045643,2.045643
2026-09-24T13:35:45.480626,3.47,0.347,3216,-2.5,10928,2.049237,2.049237
2026-09-24T13:35:45.488626,3.47,0.347,3224,-2.5,10912,2.046236,2.046236
2026-09-24T13:35:45.496626,3.47,0.347,3232,-2.5,10923,2.048178,2.048178
2026-09-24T13:35:45.504626,3.47,0.347,3240,-2.5,10943,2.051918,2.051918
2026-09-24T13:35:45.512626,3.47,0.347,3248,-2.5,10913,2.046313,2.046313
2026-09-24T13:35:45.520626,3.47,0.347,3256,-2.5,10925,2.048527,2.048527
2026-09-24T13:35:45.528626,3.47,0.347,3264,-2.5,10929,2.049338,2.049338
2026-09-24T13:35:45.536626,3.47,0.347,3272,-2.5,10912,2.04622,2.04622
2026-09-24T13:35:45.544626,3.47,0.347,3280,-2.5,10932,2.04985,2.04985
2026-09-24T13:35:45.552626,3.47,0.347,3288,-2.5,10921,2.047783,2.047783
2026-09-24T13:35:45.560626,3.47,0.347,3296,-2.5,10918,2.047331,2.047331
2026-09-24T13:35:45.568626,3.47,0.347,3304,-2.5,10907,2.045157,2.045157
2026-09-24T13:35:45.576626,3.47,0.347,3312,-2.5,10918,2.047347,2.047347
2026-09-24T13:35:45.584626,3.47,0.347,3320,-2.5,10885,2.041061,2.041061
2026-09-24T13:35:45.592626,3.47,0.347,3328,-2.5,10913,2.046427,2.046427
2026-09-24T13:35:45.600626,3.47,0.347,3336,-2.5,10898,2.043558,2.043558
2026-09-24T13:35:45.608626,3.47,0.347,3344,-2.5,10904,2.044716,2.044716
2026-09-24T13:35:45.616626,3.47,0.347,3352,-2.5,10914,2.046569,2.046569
2026-09-24T13:35:45.624626,3.47,0.347,3360,-2.5,10890,2.042047,2.042047
2026-09-24T13:35:45.632626,3.47,0.347,3368,-2.5,10919,2.047438,2.047438
2026-09-24T13:35:45.640626,3.47,0.347,3376,-2.5,10950,2.053355,2.053355
2026-09-24T13:35:45.648626,3.47,0.347,3384,-2.5,10916,2.046865,2.046865
2026-09-24T13:35:45.656626,3.47,0.347,3392,-2.5,10926,2.048775,2.048775
2026-09-24T13:35:45.664626,3.47,0.347,3400,-2.5,10915,2.046627,2.046627
2026-09-24T13:35:45.672626,3.47,0.347,3408,-2.5,10931,2.049657,2.049657
2026-09-24T13:35:45.680626,3.47,0.347,3416,-2.5,10944,2.052073,2.052073
2026-09-24T13:35:45.688626,3.47,0.347,3424,-2.5,10912,2.046158,2.046158
2026-09-24T13:35:45.696626,3.47,0.347,3432,-2.5,10917,2.047097,2.047097
2026-09-24T13:35:45.704626,3.47,0.347,3440,-2.5,10900,2.043883,2.043883
2026-09-24T13:35:45.712626,3.47,0.347,3448,-2.5,10921,2.047774,2.047774
2026-09-24T13:35:45.720626,3.47,0.347,3456,-2.5,10919,2.047497,2.047497
2026-09-24T13:35:45.728626,3.47,0.347,3464,-2.5,10905,2.04484,2.04484
2026-09-24T13:35:45.736626,3.47,0.347,3472,-2.5,10922,2.048091,2.048091
2026-09-24T13:35:45.744626,3.47,0.347,3480,-2.5,10917,2.047169,2.047169
2026-09-24T13:35:45.752626,3.47,0.347,3488,-2.5,10926,2.048753,2.048753
2026-09-24T13:35:45.760626,3.47,0.347,3496,-2.5,10925,2.04857,2.04857
2026-09-24T13:35:45.768626,3.47,0.347,3504,-2.5,10924,2.048444,2.048444
2026-09-24T13:35:45.776626,3.47,0.347,3512,-2.5,10937,2.050889,2.050889
2026-09-24T13:35:45.784626,3.47,0.347,3520,-2.5,10938,2.051071,2.051071
2026-09-24T13:35:45.792626,3.47,0.347,3528,-2.5,10931,2.049808,2.049808
2026-09-24T13:35:45.800626,3.47,0.347,3536,-2.5,10899,2.043686,2.043686
2026-09-24T13:35:45.808626,3.47,0.347,3544,-2.5,10892,2.042466,2.042466
2026-09-24T13:35:45.816626,3.47,0.347,3552,-2.5,10916,2.04695,2.04695
2026-09-24T13:35:45.824626,3.47,0.347,3560,-2.5,10903,2.044499,2.044499
2026-09-24T13:35:45.832626,3.47,0.347,3568,-2.5,10930,2.049509,2.049509
2026-09-24T13:35:45.840626,3.47,0.347,3576,-2.5,10906,2.04496,2.04496
2026-09-24T13:35:45.848626,3.47,0.347,3584,-2.5,10930,2.049591,2.049591
2026-09-24T13:35:45.856626,3.47,0.347,3592,-2.5,10948,2.052943,2.052943
2026-09-24T13:35:45.864626,3.47,0.347,3600,-2.5,10948,2.052963,2.052963
2026-09-24T13:35:45.872626,3.47,0.347,3608,-2.5,10928,2.049117,2.049117
2026-09-24T13:35:45.880626,3.47,0.347,3616,-2.5,10932,2.049865,2.049865
2026-09-24T13:35:45.888626,3.47,0.347,3624,-2.5,10930,2.049496,2.049496
2026-09-24T13:35:45.896626,3.47,0.347,3632,-2.5,10953,2.053936,2.053936
2026-09-24T13:35:45.904626,3.47,0.347,3640,-2.5,10930,2.049513,2.049513
2026-09-24T13:35:45.912626,3.47,0.347,3648,-2.5,10873,2.038767,2.038767
2026-09-24T13:35:45.920626,3.47,0.347,3656,-2.5,10936,2.050575,2.050575
2026-09-24T13:35:45.928626,3.47,0.347,3664,-2.5,10975,2.058031,2.058031
2026-09-24T13:35:45.936626,3.47,0.347,3672,-2.5,10902,2.044301,2.044301
2026-09-24T13:35:45.944626,3.47,0.347,3680,-2.5,10937,2.050909,2.050909
2026-09-24T13:35:45.952626,3.47,0.347,3688,-2.5,10948,2.052932,2.052932
2026-09-24T13:35:45.960626,3.47,0.347,3696,-2.5,10911,2.045973,2.045973
2026-09-24T13:35:45.968626,3.47,0.347,3704,-2.5,10928,2.049095,2.049095
2026-09-24T13:35:45.976626,3.47,0.347,3712,-2.5,10932,2.049957,2.049957
2026-09-24T13:35:45.984626,3.47,0.347,3720,-2.5,10929,2.049424,2.049424
2026-09-24T13:35:45.992626,3.47,0.347,3728,-2.5,10888,2.041736,2.041736
2026-09-24T13:35:46.000626,3.47,0.347,3736,-2.5,10913,2.046436,2.046436
2026-09-24T13:35:46.008626,3.47,0.347,3744,-2.5,10928,2.049222,2.049222
2026-09-24T13:35:46.016626,3.47,0.347,3752,-2.5,10956,2.054336,2.054336
2026-09-24T13:35:46.024626,3.47,0.347,3760,-2.5,10905,2.044791,2.044791
2026-09-24T13:35:46.032626,3.47,0.347,3768,-2.5,10881,2.040329,2.040329
2026-09-24T13:35:46.040626,3.47,0.347,3776,-2.5,10918,2.047276,2.047276
2026-09-24T13:35:46.048626,3.47,0.347,3784,-2.5,10934,2.050225,2.050225
2026-09-24T13:35:46.056626,3.47,0.347,3792,-2.5,10939,2.051158,2.051158
2026-09-24T13:35:46.064626,3.47,0.347,3800,-2.5,10932,2.049921,2.049921
2026-09-24T13:35:46.072626,3.47,0.347,3808,-2.5,10941,2.051507,2.051507
2026-09-24T13:35:46.080626,3.47,0.347,3816,-2.5,10908,2.045493,2.045493
2026-09-24T13:35:46.088626,3.47,0.347,3824,-2.5,10908,2.045388,2.045388
2026-09-24T13:35:46.096626,3.47,0.347,3832,-2.5,10943,2.051937,2.051937
2026-09-24T13:35:46.104626,3.47,0.347,3840,-2.5,10928,2.049155,2.049155
2026-09-24T13:35:46.112626,3.47,0.347,3848,-2.5,10888,2.041676,2.041676
2026-09-24T13:35:46.120626,3.47,0.347,3856,-2.5,10904,2.044611,2.044611
2026-09-24T13:35:46.128626,3.47,0.347,3864,-2.5,10912,2.046146,2.046146
2026-09-24T13:35:46.136626,3.47,0.347,3872,-2.5,10922,2.048052,2.048052
2026-09-24T13:35:46.144626,3.47,0.347,3880,-2.5,10889,2.041795,2.041795
2026-09-24T13:35:46.152626,3.47,0.347,3888,-2.5,10915,2.046638,2.046638
2026-09-24T13:35:46.160626,3.47,0.347,3896,-2.5,10937,2.050804,2.050804
2026-09-24T13:35:46.168626,3.47,0.347,3904,-2.5,10906,2.045115,2.045115
2026-09-24T13:35:46.176626,3.47,0.347,3912,-2.5,10940,2.051476,2.051476
2026-09-24T13:35:46.184626,3.47,0.347,3920,-2.5,10911,2.046027,2.046027
2026-09-24T13:35:46.192626,3.47,0.347,3928,-2.5,10911,2.045893,2.045893
2026-09-24T13:35:46.200626,3.47,0.347,3936,-2.5,10930,2.049524,2.049524
2026-09-24T13:35:46.208626,3.47,0.347,3944,-2.5,10912,2.046072,2.046072
2026-09-24T13:35:46.216626,3.47,0.347,3952,-2.5,10931,2.049693,2.049693
2026-09-24T13:35:46.224626,3.47,0.347,3960,-2.5,10886,2.041196,2.041196
2026-09-24T13:35:46.232626,3.47,0.347,3968,-2.5,10917,2.047016,2.047016
2026-09-24T13:35:46.240626,3.47,0.347,3976,-2.5,10922,2.048117,2.048117
2026-09-24T13:35:46.248626,3.47,0.347,3984,-2.5,10913,2.046389,2.046389
2026-09-24T13:35:46.256626,3.47,0.347,3992,-2.5,10916,2.046889,2.046889
2026-09-24T13:35:46.264626,3.47,0.347,4000,-2.5,10932,2.049965,2.049965
2026-09-24T13:35:46.272626,3.47,0.347,4008,-2.5,10926,2.048788,2.048788
2026-09-24T13:35:46.280626,3.47,0.347,4016,-2.5,10923,2.048246,2.048246
2026-09-24T13:35:46.288626,3.47,0.347,4024,-2.5,10888,2.041627,2.041627
2026-09-24T13:35:46.296626,3.47,0.347,4032,-2.5,10924,2.0484,2.0484
2026-09-24T13:35:46.304626,3.47,0.347,4040,-2.5,10933,2.050131,2.050131
2026-09-24T13:35:46.312626,3.47,0.347,4048,-2.5,10909,2.045503,2.045503
2026-09-24T13:35:46.320626,3.47,0.347,4056,-2.5,10889,2.041908,2.041908
2026-09-24T13:35:46.328626,3.47,0.347,4064,-2.5,10933,2.050138,2.050138
2026-09-24T13:35:46.336626,3.47,0.347,4072,-2.5,10939,2.051175,2.051175
2026-09-24T13:35:46.344626,3.47,0.347,4080,-2.5,10919,2.047502,2.047502
2026-09-24T13:35:46.352626,3.47,0.347,4088,-2.5,10897,2.043326,2.043326
2026-09-24T13:35:46.360626,3.47,0.347,4096,-2.5,10914,2.04648,2.04648
2026-09-24T13:35:46.368626,3.47,0.347,4104,-2.5,10909,2.045615,2.045615
2026-09-24T13:35:46.376626,3.47,0.347,4112,-2.5,10934,2.050269,2.050269
2026-09-24T13:35:46.384626,3.47,0.347,4120,-2.5,10904,2.044617,2.044617
2026-09-24T13:35:46.392626,3.47,0.347,4128,-2.5,10919,2.047507,2.047507
2026-09-24T13:35:46.400626,3.47,0.347,4136,-2.5,10905,2.044883,2.044883
2026-09-24T13:35:46.408626,3.47,0.347,4144,-2.5,10900,2.043845,2.043845
2026-09-24T13:35:46.416626,3.47,0.347,4152,-2.5,10966,2.056189,2.056189
2026-09-24T13:35:46.424626,3.47,0.347,4160,-2.5,10950,2.053234,2.053234
2026-09-24T13:35:46.432626,3.47,0.347,4168,-2.5,10912,2.046106,2.046106
2026-09-24T13:35:46.440626,3.47,0.347,4176,-2.5,10893,2.042651,2.042651
2026-09-24T13:35:46.448626,3.47,0.347,4184,-2.5,10894,2.042872,2.042872
2026-09-24T13:35:46.456626,3.47,0.347,4192,-2.5,10932,2.049881,2.049881
2026-09-24T13:35:46.464626,3.47,0.347,4200,-2.5,10895,2.042922,2.042922
2026-09-24T13:35:46.472626,3.47,0.347,4208,-2.5,10917,2.047075,2.047075
2026-09-24T13:35:46.480626,3.47,0.347,4216,-2.5,10921,2.047888,2.047888
2026-09-24T13:35:46.488626,3.47,0.347,4224,-2.5,10891,2.042178,2.042178
2026-09-24T13:35:46.496626,3.47,0.347,4232,-2.5,10924,2.04842,2.04842
2026-09-24T13:35:46.504626,3.47,0.347,4240,-2.5,10931,2.049743,2.049743
2026-09-24T13:35:46.512626,3.47,0.347,4248,-2.5,10927,2.049048,2.049048
2026-09-24T13:35:46.520626,3.47,0.347,4256,-2.5,10914,2.046596,2.046596
2026-09-24T13:35:46.528626,3.47,0.347,4264,-2.5,10918,2.047364,2.047364
2026-09-24T13:35:46.536626,3.47,0.347,4272,-2.5,10893,2.042619,2.042619
2026-09-24T13:35:46.544626,3.47,0.347,4280,-2.5,10906,2.045057,2.045057
2026-09-24T13:35:46.552626,3.47,0.347,4288,-2.5,10931,2.049738,2.049738
2026-09-24T13:35:46.560626,3.47,0.347,4296,-2.5,10919,2.047454,2.047454
2026-09-24T13:35:46.568626,3.47,0.347,4304,-2.5,10944,2.052079,2.052079
2026-09-24T13:35:46.576626,3.47,0.347,4312,-2.5,10928,2.049139,2.049139
2026-09-24T13:35:46.584626,3.47,0.347,4320,-2.5,10968,2.056674,2.056674
2026-09-24T13:35:46.592626,3.47,0.347,4328,-2.5,10922,2.048083,2.048083
2026-09-24T13:35:46.600626,3.47,0.347,4336,-2.5,10932,2.04991,2.04991
2026-09-24T13:35:46.608626,3.47,0.347,4344,-2.5,10923,2.048303,2.048303
2026-09-24T13:35:46.616626,3.47,0.347,4352,-2.5,10951,2.053496,2.053496
2026-09-24T13:35:46.624626,3.47,0.347,4360,-2.5,10904,2.044648,2.044648
2026-09-24T13:35:46.632626,3.47,0.347,4368,-2.5,10919,2.047375,2.047375
2026-09-24T13:35:46.640626,3.47,0.347,4376,-2.5,10909,2.045686,2.045686
2026-09-24T13:35:46.648626,3.47,0.347,4384,-2.5,10936,2.050682,2.050682
2026-09-24T13:35:46.656626,3.47,0.347,4392,-2.5,10941,2.051541,2.051541
2026-09-24T13:35:46.664626,3.47,0.347,4400,-2.5,10927,2.048997,2.048997
2026-09-24T13:35:46.672626,3.47,0.347,4408,-2.5,10921,2.047807,2.047807
2026-09-24T13:35:46.680626,3.47,0.347,4416,-2.5,10880,2.040219,2.040219
2026-09-24T13:35:46.688626,3.47,0.347,4424,-2.5,10898,2.043507,2.043507
2026-09-24T13:35:46.696626,3.47,0.347,4432,-2.5,10891,2.04217,2.04217
2026-09-24T13:35:46.704626,3.47,0.347,4440,-2.5,10940,2.05148,2.05148
2026-09-24T13:35:46.712626,3.47,0.347,4448,-2.5,10913,2.046425,2.046425
2026-09-24T13:35:46.720626,3.47,0.347,4456,-2.5,10903,2.044411,2.044411
2026-09-24T13:35:46.728626,3.47,0.347,4464,-2.5,10930,2.049614,2.049614
2026-09-24T13:35:46.736626,3.47,0.347,4472,-2.5,10906,2.045095,2.045095
2026-09-24T13:35:46.744626,3.47,0.347,4480,-2.5,10922,2.048085,2.048085
2026-09-24T13:35:46.752626,3.47,0.347,4488,-2.5,10910,2.045719,2.045719
2026-09-24T13:35:46.760626,3.47,0.347,4496,-2.5,10958,2.054833,2.054833
2026-09-24T13:35:46.768626,3.47,0.347,4504,-2.5,10912,2.046247,2.046247
2026-09-24T13:35:46.776626,3.47,0.347,4512,-2.5,10917,2.047116,2.047116
2026-09-24T13:35:46.784626,3.47,0.347,4520,-2.5,10923,2.048132,2.048132
2026-09-24T13:35:46.792626,3.47,0.347,4528,-2.5,10942,2.051736,2.051736
2026-09-24T13:35:46.800626,3.47,0.347,4536,-2.5,10961,2.055371,2.055371
2026-09-24T13:35:46.808626,3.47,0.347,4544,-2.5,10938,2.051052,2.051052
2026-09-24T13:35:46.816626,3.47,0.347,4552,-2.5,10916,2.04689,2.04689
2026-09-24T13:35:46.824626,3.47,0.347,4560,-2.5,10916,2.046921,2.046921
2026-09-24T13:35:46.832626,3.47,0.347,4568,-2.5,10931,2.049782,2.049782
2026-09-24T13:35:46.840626,3.47,0.347,4576,-2.5,10878,2.039726,2.039726
2026-09-24T13:35:46.848626,3.47,0.347,4584,-2.5,10928,2.04908,2.04908
2026-09-24T13:35:46.856626,3.47,0.347,4592,-2.5,10907,2.045141,2.045141
2026-09-24T13:35:46.864626,3.47,0.347,4600,-2.5,10916,2.046917,2.046917
2026-09-24T13:35:46.872626,3.47,0.347,4608,-2.5,10949,2.053096,2.053096
2026-09-24T13:35:46.880626,3.47,0.347,4616,-2.5,10907,2.045237,2.045237
2026-09-24T13:35:46.888626,3.47,0.347,4624,-2.5,10928,2.049211,2.049211
2026-09-24T13:35:46.896626,3.47,0.347,4632,-2.5,10924,2.048363,2.048363
2026-09-24T13:35:46.904626,3.47,0.347,4640,-2.5,10904,2.044638,2.044638
2026-09-24T13:35:46.912626,3.47,0.347,4648,-2.5,10944,2.052171,2.052171
2026-09-24T13:35:46.920626,3.47,0.347,4656,-2.5,10913,2.046373,2.046373
2026-09-24T13:35:46.928626,3.47,0.347,4664,-2.5,10934,2.050277,2.050277
2026-09-24T13:35:46.936626,3.47,0.347,4672,-2.5,10896,2.043087,2.043087
2026-09-24T13:35:46.944626,3.47,0.347,4680,-2.5,10914,2.046439,2.046439
2026-09-24T13:35:46.952626,3.47,0.347,4688,-2.5,10909,2.045673,2.045673
2026-09-24T13:35:46.960626,3.47,0.347,4696,-2.5,10922,2.047958,2.047958
2026-09-24T13:35:46.968626,3.47,0.347,4704,-2.5,10908,2.045366,2.045366
2026-09-24T13:35:46.976626,3.47,0.347,4712,-2.5,10914,2.046583,2.046583
2026-09-24T13:35:46.984626,3.47,0.347,4720,-2.5,10939,2.051127,2.051127
2026-09-24T13:35:46.992626,3.47,0.347,4728,-2.5,10924,2.048486,2.048486
2026-09-24T13:35:47.000626,3.47,0.347,4736,-2.5,10907,2.04523,2.04523
2026-09-24T13:35:47.008626,3.47,0.347,4744,-2.5,10926,2.048735,2.048735
2026-09-24T13:35:47.016626,3.47,0.347,4752,-2.5,10946,2.052525,2.052525
2026-09-24T13:35:47.024626,3.47,0.347,4760,-2.5,10931,2.04966,2.04966
2026-09-24T13:35:47.032626,3.47,0.347,4768,-2.5,10916,2.046843,2.046843
2026-09-24T13:35:47.040626,3.47,0.347,4776,-2.5,10911,2.045918,2.045918
2026-09-24T13:35:47.048626,3.47,0.347,4784,-2.5,10923,2.048226,2.048226
2026-09-24T13:35:47.056626,3.47,0.347,4792,-2.5,10939,2.051188,2.051188
2026-09-24T13:35:47.064626,3.47,0.347,4800,-2.5,10905,2.044766,2.044766
2026-09-24T13:35:47.072626,3.47,0.347,4808,-2.5,10909,2.045574,2.045574
2026-09-24T13:35:47.080626,3.47,0.347,4816,-2.5,10908,2.045338,2.045338
2026-09-24T13:35:47.088626,3.47,0.347,4824,-2.5,10947,2.052666,2.052666
2026-09-24T13:35:47.096626,3.47,0.347,4832,-2.5,10897,2.043371,2.043371
2026-09-24T13:35:47.104626,3.47,0.347,4840,-2.5,10943,2.051992,2.051992
2026-09-24T13:35:47.112626,3.47,0.347,4848,-2.5,10910,2.045699,2.045699
2026-09-24T13:35:47.120626,3.47,0.347,4856,-2.5,10956,2.054374,2.054374
2026-09-24T13:35:47.128626,3.47,0.347,4864,-2.5,10948,2.052861,2.052861
2026-09-24T13:35:47.136626,3.47,0.347,4872,-2.5,10897,2.043364,2.043364
2026-09-24T13:35:47.144626,3.47,0.347,4880,-2.5,10912,2.046122,2.046122
2026-09-24T13:35:47.152626,3.47,0.347,4888,-2.5,10933,2.050183,2.050183
2026-09-24T13:35:47.160626,3.47,0.347,4896,-2.5,10912,2.046195,2.046195
2026-09-24T13:35:47.168626,3.47,0.347,4904,-2.5,10915,2.046707,2.046707
2026-09-24T13:35:47.176626,3.47,0.347,4912,-2.5,10902,2.044202,2.044202
2026-09-24T13:35:47.184626,3.47,0.347,4920,-2.5,10892,2.042353,2.042353
2026-09-24T13:35:47.192626,3.47,0.347,4928,-2.5,10914,2.046535,2.046535
2026-09-24T13:35:47.200626,3.47,0.347,4936,-2.5,10899,2.043625,2.043625
2026-09-24T13:35:47.208626,3.47,0.347,4944,-2.5,10922,2.047961,2.047961
2026-09-24T13:35:47.216626,3.47,0.347,4952,-2.5,10929,2.049339,2.049339
2026-09-24T13:35:47.224626,3.47,0.347,4960,-2.5,10946,2.052516,2.052516
2026-09-24T13:35:47.232626,3.47,0.347,4968,-2.5,10906,2.044943,2.044943
2026-09-24T13:35:47.240626,3.47,0.347,4976,-2.5,10891,2.042178,2.042178
2026-09-24T13:35:47.248626,3.47,0.347,4984,-2.5,10937,2.050817,2.050817
2026-09-24T13:35:47.256626,3.47,0.347,4992,-2.5,10894,2.042709,2.042709
2026-09-24T13:35:47.264626,3.47,0.347,5000,-2.5,10946,2.052555,2.052555
2026-09-24T13:35:47.272626,3.47,0.347,5008,-2.5,10914,2.046624,2.046624
2026-09-24T13:35:47.280626,3.47,0.347,5016,-2.5,10924,2.048468,2.048468
2026-09-24T13:35:47.288626,3.47,0.347,5024,-2.5,10903,2.044382,2.044382
2026-09-24T13:35:47.296626,3.47,0.347,5032,-2.5,10920,2.047667,2.047667
2026-09-24T13:35:47.304626,3.47,0.347,5040,-2.5,10903,2.044536,2.044536
2026-09-24T13:35:47.312626,3.47,0.347,5048,-2.5,10927,2.04888,2.04888
2026-09-24T13:35:47.320626,3.47,0.347,5056,-2.5,10903,2.044555,2.044555
2026-09-24T13:35:47.328626,3.47,0.347,5064,-2.5,10933,2.050174,2.050174
2026-09-24T13:35:47.336626,3.47,0.347,5072,-2.5,10933,2.050147,2.050147
2026-09-24T13:35:47.344626,3.47,0.347,5080,-2.5,10927,2.048935,2.048935
2026-09-24T13:35:47.352626,3.47,0.347,5088,-2.5,10924,2.048388,2.048388
2026-09-24T13:35:47.360626,3.47,0.347,5096,-2.5,10941,2.051572,2.051572
2026-09-24T13:35:47.368626,3.47,0.347,5104,-2.5,10945,2.05242,2.05242
2026-09-24T13:35:47.376626,3.47,0.347,5112,-2.5,10919,2.047489,2.047489
2026-09-24T13:36:42.264626,1.39,0.139,0,-1.0,12347,2.315229,2.315229
2026-09-24T13:36:42.272626,1.39,0.139,8,-1.0,12322,2.310608,2.310608
2026-09-24T13:36:42.280626,1.39,0.139,16,-1.0,12393,2.323866,2.323866
2026-09-24T13:36:42.288626,1.39,0.139,24,-1.0,12373,2.320021,2.320021
2026-09-24T13:36:42.296626,1.39,0.139,32,-1.0,12366,2.318765,2.318765
2026-09-24T13:36:42.304626,1.39,0.139,40,-1.0,12342,2.314255,2.314255
2026-09-24T13:36:42.312626,1.39,0.139,48,-1.0,12332,2.312377,2.312377
2026-09-24T13:36:42.320626,1.39,0.139,56,-1.0,12334,2.312823,2.312823
2026-09-24T13:36:42.328626,1.39,0.139,64,-1.0,12369,2.319295,2.319295
2026-09-24T13:36:42.336626,1.39,0.139,72,-1.0,12365,2.318645,2.318645
2026-09-24T13:36:42.344626,1.39,0.139,80,-1.0,12344,2.31464,2.31464
2026-09-24T13:36:42.352626,1.39,0.139,88,-1.0,12365,2.318526,2.318526
2026-09-24T13:36:42.360626,1.39,0.139,96,-1.0,12351,2.31589,2.31589
2026-09-24T13:36:42.368626,1.39,0.139,104,-1.0,12382,2.321803,2.321803
2026-09-24T13:36:42.376626,1.39,0.139,112,-1.0,12342,2.314345,2.314345
2026-09-24T13:36:42.384626,1.39,0.139,120,-1.0,12376,2.320653,2.320653
2026-09-24T13:36:42.392626,1.39,0.139,128,-1.0,12369,2.319276,2.319276
2026-09-24T13:36:42.400626,1.39,0.139,136,-1.0,12339,2.313795,2.313795
2026-09-24T13:36:42.408626,1.39,0.139,144,-1.0,12323,2.310719,2.310719
2026-09-24T13:36:42.416626,1.39,0.139,152,-1.0,12344,2.314758,2.314758
2026-09-24T13:36:42.424626,1.39,0.139,160,-1.0,12347,2.315198,2.315198
2026-09-24T13:36:42.432626,1.39,0.139,168,-1.0,12357,2.317079,2.317079
2026-09-24T13:36:42.440626,1.39,0.139,176,-1.0,12349,2.315632,2.315632
2026-09-24T13:36:42.448626,1.39,0.139,184,-1.0,12335,2.313049,2.313049
2026-09-24T13:36:42.456626,1.39,0.139,192,-1.0,12331,2.312234,2.312234
2026-09-24T13:36:42.464626,1.39,0.139,200,-1.0,12365,2.31854,2.31854
2026-09-24T13:36:42.472626,1.39,0.139,208,-1.0,12330,2.312103,2.312103
2026-09-24T13:36:42.480626,1.39,0.139,216,-1.0,12345,2.314811,2.314811
2026-09-24T13:36:42.488626,1.39,0.139,224,-1.0,12315,2.309137,2.309137
2026-09-24T13:36:42.496626,1.39,0.139,232,-1.0,12370,2.319551,2.319551
2026-09-24T13:36:42.504626,1.39,0.139,240,-1.0,12337,2.313372,2.313372
2026-09-24T13:36:42.512626,1.39,0.139,248,-1.0,12332,2.312435,2.312435
2026-09-24T13:36:42.520626,1.39,0.139,256,-1.0,12356,2.31686,2.31686
2026-09-24T13:36:42.528626,1.39,0.139,264,-1.0,12370,2.319459,2.319459
2026-09-24T13:36:42.536626,1.39,0.139,272,-1.0,12320,2.31018,2.31018
2026-09-24T13:36:42.544626,1.39,0.139,280,-1.0,12338,2.31357,2.31357
2026-09-24T13:36:42.552626,1.39,0.139,288,-1.0,12355,2.316705,2.316705
2026-09-24T13:36:42.560626,1.39,0.139,296,-1.0,12355,2.316735,2.316735
2026-09-24T13:36:42.568626,1.39,0.139,304,-1.0,12343,2.314551,2.314551
2026-09-24T13:36:42.576626,1.39,0.139,312,-1.0,12324,2.310934,2.310934
2026-09-24T13:36:42.584626,1.39,0.139,320,-1.0,12327,2.311477,2.311477
2026-09-24T13:36:42.592626,1.39,0.139,328,-1.0,12335,2.313068,2.313068
2026-09-24T13:36:42.600626,1.39,0.139,336,-1.0,12373,2.320132,2.320132
2026-09-24T13:36:42.608626,1.39,0.139,344,-1.0,12355,2.316689,2.316689
2026-09-24T13:36:42.616626,1.39,0.139,352,-1.0,12343,2.314508,2.314508
2026-09-24T13:36:42.624626,1.39,0.139,360,-1.0,12318,2.309802,2.309802
2026-09-24T13:36:42.632626,1.39,0.139,368,-1.0,12316,2.30937,2.30937
2026-09-24T13:36:42.640626,1.39,0.139,376,-1.0,12331,2.312184,2.312184
2026-09-24T13:36:42.648626,1.39,0.139,384,-1.0,12359,2.317386,2.317386
2026-09-24T13:36:42.656626,1.39,0.139,392,-1.0,12373,2.320196,2.320196
2026-09-24T13:36:42.664626,1.39,0.139,400,-1.0,12334,2.312704,2.312704
2026-09-24T13:36:42.672626,1.39,0.139,408,-1.0,12351,2.316061,2.316061
2026-09-24T13:36:42.680626,1.39,0.139,416,-1.0,12338,2.313454,2.313454
2026-09-24T13:36:42.688626,1.39,0.139,424,-1.0,12341,2.314054,2.314054
2026-09-24T13:36:42.696626,1.39,0.139,432,-1.0,12358,2.317236,2.317236
2026-09-24T13:36:42.704626,1.39,0.139,440,-1.0,12335,2.31297,2.31297
2026-09-24T13:36:42.712626,1.39,0.139,448,-1.0,12343,2.314492,2.314492
2026-09-24T13:36:42.720626,1.39,0.139,456,-1.0,12333,2.312516,2.312516
2026-09-24T13:36:42.728626,1.39,0.139,464,-1.0,12340,2.313964,2.313964
2026-09-24T13:36:42.736626,1.39,0.139,472,-1.0,12318,2.30971,2.30971
2026-09-24T13:36:42.744626,1.39,0.139,480,-1.0,12317,2.309527,2.309527
2026-09-24T13:36:42.752626,1.39,0.139,488,-1.0,12360,2.317607,2.317607
2026-09-24T13:36:42.760626,1.39,0.139,496,-1.0,12369,2.3194,2.3194
2026-09-24T13:36:42.768626,1.39,0.139,504,-1.0,12348,2.315435,2.315435
2026-09-24T13:36:42.776626,1.39,0.139,512,-1.0,12345,2.314789,2.314789
2026-09-24T13:36:42.784626,1.39,0.139,520,-1.0,12306,2.307516,2.307516
2026-09-24T13:36:42.792626,1.39,0.139,528,-1.0,12356,2.316826,2.316826
2026-09-24T13:36:42.800626,1.39,0.139,536,-1.0,12341,2.314078,2.314078
2026-09-24T13:36:42.808626,1.39,0.139,544,-1.0,12393,2.323772,2.323772
2026-09-24T13:36:42.816626,1.39,0.139,552,-1.0,12333,2.312519,2.312519
2026-09-24T13:36:42.824626,1.39,0.139,560,-1.0,12367,2.318995,2.318995
2026-09-24T13:36:42.832626,1.39,0.139,568,-1.0,12361,2.317939,2.317939
2026-09-24T13:36:42.840626,1.39,0.139,576,-1.0,12324,2.310863,2.310863
2026-09-24T13:36:42.848626,1.39,0.139,584,-1.0,12345,2.314847,2.314847
2026-09-24T13:36:42.856626,1.39,0.139,592,-1.0,12358,2.317312,2.317312
2026-09-24T13:36:42.864626,1.39,0.139,600,-1.0,12354,2.316525,2.316525
2026-09-24T13:36:42.872626,1.39,0.139,608,-1.0,12333,2.312535,2.312535
2026-09-24T13:36:42.880626,1.39,0.139,616,-1.0,12345,2.314864,2.314864
2026-09-24T13:36:42.888626,1.39,0.139,624,-1.0,12357,2.317058,2.317058
2026-09-24T13:36:42.896626,1.39,0.139,632,-1.0,12377,2.320845,2.320845
2026-09-24T13:36:42.904626,1.39,0.139,640,-1.0,12369,2.319354,2.319354
2026-09-24T13:36:42.912626,1.39,0.139,648,-1.0,12343,2.314531,2.314531
2026-09-24T13:36:42.920626,1.39,0.139,656,-1.0,12366,2.318868,2.318868
2026-09-24T13:36:42.928626,1.39,0.139,664,-1.0,12351,2.315936,2.315936
2026-09-24T13:36:42.936626,1.39,0.139,672,-1.0,12355,2.316755,2.316755
2026-09-24T13:36:42.944626,1.39,0.139,680,-1.0,12339,2.313689,2.313689
2026-09-24T13:36:42.952626,1.39,0.139,688,-1.0,12354,2.316456,2.316456
2026-09-24T13:36:42.960626,1.39,0.139,696,-1.0,12348,2.315415,2.315415
2026-09-24T13:36:42.968626,1.39,0.139,704,-1.0,12340,2.313973,2.313973
2026-09-24T13:36:42.976626,1.39,0.139,712,-1.0,12345,2.314933,2.314933
2026-09-24T13:36:42.984626,1.39,0.139,720,-1.0,12360,2.317673,2.317673
2026-09-24T13:36:42.992626,1.39,0.139,728,-1.0,12371,2.319649,2.319649
2026-09-24T13:36:43.000626,1.39,0.139,736,-1.0,12354,2.316523,2.316523
2026-09-24T13:36:43.008626,1.39,0.139,744,-1.0,12357,2.317174,2.317174
2026-09-24T13:36:43.016626,1.39,0.139,752,-1.0,12356,2.316895,2.316895
2026-09-24T13:36:43.024626,1.39,0.139,760,-1.0,12326,2.311317,2.311317
2026-09-24T13:36:43.032626,1.39,0.139,768,-1.0,12371,2.319641,2.319641
2026-09-24T13:36:43.040626,1.39,0.139,776,-1.0,12370,2.31957,2.31957
2026-09-24T13:36:43.048626,1.39,0.139,784,-1.0,12347,2.315233,2.315233
2026-09-24T13:36:43.056626,1.39,0.139,792,-1.0,12370,2.319531,2.319531
2026-09-24T13:36:43.064626,1.39,0.139,800,-1.0,12344,2.31462,2.31462
2026-09-24T13:36:43.072626,1.39,0.139,808,-1.0,12359,2.317404,2.317404
2026-09-24T13:36:43.080626,1.39,0.139,816,-1.0,12352,2.316079,2.316079
2026-09-24T13:36:43.088626,1.39,0.139,824,-1.0,12356,2.317005,2.317005
2026-09-24T13:36:43.096626,1.39,0.139,832,-1.0,12346,2.315081,2.315081
2026-09-24T13:36:43.104626,1.39,0.139,840,-1.0,12336,2.313245,2.313245
2026-09-24T13:36:43.112626,1.39,0.139,848,-1.0,12369,2.319284,2.319284
2026-09-24T13:36:43.120626,1.39,0.139,856,-1.0,12350,2.315776,2.315776
2026-09-24T13:36:43.128626,1.39,0.139,864,-1.0,12368,2.319076,2.319076
2026-09-24T13:36:43.136626,1.39,0.139,872,-1.0,12325,2.311017,2.311017
2026-09-24T13:36:43.144626,1.39,0.139,880,-1.0,12320,2.310071,2.310071
2026-09-24T13:36:43.152626,1.39,0.139,888,-1.0,12339,2.313794,2.313794
2026-09-24T13:36:43.160626,1.39,0.139,896,-1.0,12337,2.313281,2.313281
2026-09-24T13:36:43.168626,1.39,0.139,904,-1.0,12369,2.319392,2.319392
2026-09-24T13:36:43.176626,1.39,0.139,912,-1.0,12398,2.324724,2.324724
2026-09-24T13:36:43.184626,1.39,0.139,920,-1.0,12339,2.313665,2.313665
2026-09-24T13:36:43.192626,1.39,0.139,928,-1.0,12342,2.314358,2.314358
2026-09-24T13:36:43.200626,1.39,0.139,936,-1.0,12340,2.313961,2.313961
2026-09-24T13:36:43.208626,1.39,0.139,944,-1.0,12336,2.313162,2.313162
2026-09-24T13:36:43.216626,1.39,0.139,952,-1.0,12350,2.315819,2.315819
2026-09-24T13:36:43.224626,1.39,0.139,960,-1.0,12365,2.318647,2.318647
2026-09-24T13:36:43.232626,1.39,0.139,968,-1.0,12363,2.318249,2.318249
2026-09-24T13:36:43.240626,1.39,0.139,976,-1.0,12372,2.319973,2.319973
2026-09-24T13:36:43.248626,1.39,0.139,984,-1.0,12348,2.315325,2.315325
2026-09-24T13:36:43.256626,1.39,0.139,992,-1.0,12327,2.311475,2.311475
2026-09-24T13:36:43.264626,1.39,0.139,1000,-1.0,12352,2.316252,2.316252
2026-09-24T13:36:43.272626,1.39,0.139,1008,-1.0,12368,2.319077,2.319077
2026-09-24T13:36:43.280626,1.39,0.139,1016,-1.0,12335,2.312994,2.312994
2026-09-24T13:36:43.288626,1.39,0.139,1024,-1.0,12355,2.316635,2.316635
2026-09-24T13:36:43.296626,1.39,0.139,1032,-1.0,12365,2.318615,2.318615
2026-09-24T13:36:43.304626,1.39,0.139,1040,-1.0,12373,2.320068,2.320068
2026-09-24T13:36:43.312626,1.39,0.139,1048,-1.0,12347,2.315272,2.315272
2026-09-24T13:36:43.320626,1.39,0.139,1056,-1.0,12343,2.31455,2.31455
2026-09-24T13:36:43.328626,1.39,0.139,1064,-1.0,12370,2.319474,2.319474
2026-09-24T13:36:43.336626,1.39,0.139,1072,-1.0,12306,2.307505,2.307505
2026-09-24T13:36:43.344626,1.39,0.139,1080,-1.0,12354,2.316454,2.316454
2026-09-24T13:36:43.352626,1.39,0.139,1088,-1.0,12335,2.313058,2.313058
2026-09-24T13:36:43.360626,1.39,0.139,1096,-1.0,12372,2.319875,2.319875
2026-09-24T13:36:43.368626,1.39,0.139,1104,-1.0,12336,2.313105,2.313105
2026-09-24T13:36:43.376626,1.39,0.139,1112,-1.0,12345,2.314875,2.314875
2026-09-24T13:36:43.384626,1.39,0.139,1120,-1.0,12377,2.320761,2.320761
2026-09-24T13:36:43.392626,1.39,0.139,1128,-1.0,12349,2.315575,2.315575
2026-09-24T13:36:43.400626,1.39,0.139,1136,-1.0,12358,2.317383,2.317383
2026-09-24T13:36:43.408626,1.39,0.139,1144,-1.0,12358,2.31722,2.31722
2026-09-24T13:36:43.416626,1.39,0.139,1152,-1.0,12321,2.310388,2.310388
2026-09-24T13:36:43.424626,1.39,0.139,1160,-1.0,12347,2.315245,2.315245
2026-09-24T13:36:43.432626,1.39,0.139,1168,-1.0,12358,2.317212,2.317212
2026-09-24T13:36:43.440626,1.39,0.139,1176,-1.0,12354,2.316574,2.316574
2026-09-24T13:36:43.448626,1.39,0.139,1184,-1.0,12326,2.311273,2.311273
2026-09-24T13:36:43.456626,1.39,0.139,1192,-1.0,12347,2.315207,2.315207
2026-09-24T13:36:43.464626,1.39,0.139,1200,-1.0,12341,2.314036,2.314036
2026-09-24T13:36:43.472626,1.39,0.139,1208,-1.0,12349,2.315615,2.315615
2026-09-24T13:36:43.480626,1.39,0.139,1216,-1.0,12278,2.30237,2.30237
2026-09-24T13:36:43.488626,1.39,0.139,1224,-1.0,12374,2.320323,2.320323
2026-09-24T13:36:43.496626,1.39,0.139,1232,-1.0,12359,2.317525,2.317525
2026-09-24T13:36:43.504626,1.39,0.139,1240,-1.0,12359,2.317409,2.317409
2026-09-24T13:36:43.512626,1.39,0.139,1248,-1.0,12334,2.312714,2.312714
2026-09-24T13:36:43.520626,1.39,0.139,1256,-1.0,12333,2.312633,2.312633
2026-09-24T13:36:43.528626,1.39,0.139,1264,-1.0,12349,2.315548,2.315548
2026-09-24T13:36:43.536626,1.39,0.139,1272,-1.0,12356,2.316931,2.316931
2026-09-24T13:36:43.544626,1.39,0.139,1280,-1.0,12337,2.313352,2.313352
2026-09-24T13:36:43.552626,1.39,0.139,1288,-1.0,12362,2.318043,2.318043
2026-09-24T13:36:43.560626,1.39,0.139,1296,-1.0,12352,2.316075,2.316075
2026-09-24T13:36:43.568626,1.39,0.139,1304,-1.0,12382,2.321864,2.321864
2026-09-24T13:36:43.576626,1.39,0.139,1312,-1.0,12336,2.313128,2.313128
2026-09-24T13:36:43.584626,1.39,0.139,1320,-1.0,12354,2.316517,2.316517
2026-09-24T13:36:43.592626,1.39,0.139,1328,-1.0,12353,2.316317,2.316317
2026-09-24T13:36:43.600626,1.39,0.139,1336,-1.0,12338,2.313458,2.313458
2026-09-24T13:36:43.608626,1.39,0.139,1344,-1.0,12336,2.313191,2.313191
2026-09-24T13:36:43.616626,1.39,0.139,1352,-1.0,12363,2.318172,2.318172
2026-09-24T13:36:43.624626,1.39,0.139,1360,-1.0,12325,2.311123,2.311123
2026-09-24T13:36:43.632626,1.39,0.139,1368,-1.0,12335,2.313007,2.313007
2026-09-24T13:36:43.640626,1.39,0.139,1376,-1.0,12338,2.313516,2.313516
2026-09-24T13:36:43.648626,1.39,0.139,1384,-1.0,12342,2.314202,2.314202
2026-09-24T13:36:43.656626,1.39,0.139,1392,-1.0,12364,2.318432,2.318432
2026-09-24T13:36:43.664626,1.39,0.139,1400,-1.0,12346,2.31498,2.31498
2026-09-24T13:36:43.672626,1.39,0.139,1408,-1.0,12362,2.318044,2.318044
2026-09-24T13:36:43.680626,1.39,0.139,1416,-1.0,12352,2.316237,2.316237
2026-09-24T13:36:43.688626,1.39,0.139,1424,-1.0,12352,2.316071,2.316071
2026-09-24T13:36:43.696626,1.39,0.139,1432,-1.0,12345,2.314858,2.314858
2026-09-24T13:36:43.704626,1.39,0.139,1440,-1.0,12355,2.316715,2.316715
2026-09-24T13:36:43.712626,1.39,0.139,1448,-1.0,12346,2.314976,2.314976
2026-09-24T13:36:43.720626,1.39,0.139,1456,-1.0,12377,2.320852,2.320852
2026-09-24T13:36:43.728626,1.39,0.139,1464,-1.0,12344,2.314695,2.314695
2026-09-24T13:36:43.736626,1.39,0.139,1472,-1.0,12372,2.319856,2.319856
2026-09-24T13:36:43.744626,1.39,0.139,1480,-1.0,12343,2.314531,2.314531
2026-09-24T13:36:43.752626,1.39,0.139,1488,-1.0,12362,2.318079,2.318079
2026-09-24T13:36:43.760626,1.39,0.139,1496,-1.0,12311,2.308417,2.308417
2026-09-24T13:36:43.768626,1.39,0.139,1504,-1.0,12335,2.312895,2.312895
2026-09-24T13:36:43.776626,1.39,0.139,1512,-1.0,12308,2.307982,2.307982
2026-09-24T13:36:43.784626,1.39,0.139,1520,-1.0,12365,2.318537,2.318537
2026-09-24T13:36:43.792626,1.39,0.139,1528,-1.0,12345,2.31481,2.31481
2026-09-24T13:36:43.800626,1.39,0.139,1536,-1.0,12328,2.311609,2.311609
2026-09-24T13:36:43.808626,1.39,0.139,1544,-1.0,12343,2.314562,2.314562
2026-09-24T13:36:43.816626,1.39,0.139,1552,-1.0,12375,2.320403,2.320403
2026-09-24T13:36:43.824626,1.39,0.139,1560,-1.0,12333,2.312664,2.312664
2026-09-24T13:36:43.832626,1.39,0.139,1568,-1.0,12373,2.320183,2.320183
2026-09-24T13:36:43.840626,1.39,0.139,1576,-1.0,12360,2.317688,2.317688
2026-09-24T13:36:43.848626,1.39,0.139,1584,-1.0,12318,2.309744,2.309744
2026-09-24T13:36:43.856626,1.39,0.139,1592,-1.0,12365,2.318606,2.318606
2026-09-24T13:36:43.864626,1.39,0.139,1600,-1.0,12343,2.314387,2.314387
2026-09-24T13:36:43.872626,1.39,0.139,1608,-1.0,12381,2.321659,2.321659
2026-09-24T13:36:43.880626,1.39,0.139,1616,-1.0,12322,2.310518,2.310518
2026-09-24T13:36:43.888626,1.39,0.139,1624,-1.0,12341,2.314182,2.314182
2026-09-24T13:36:43.896626,1.39,0.139,1632,-1.0,12373,2.320189,2.320189
2026-09-24T13:36:43.904626,1.39,0.139,1640,-1.0,12360,2.317642,2.317642
2026-09-24T13:36:43.912626,1.39,0.139,1648,-1.0,12348,2.315496,2.315496
2026-09-24T13:36:43.920626,1.39,0.139,1656,-1.0,12333,2.312583,2.312583
2026-09-24T13:36:43.928626,1.39,0.139,1664,-1.0,12309,2.308087,2.308087
2026-09-24T13:36:43.936626,1.39,0.139,1672,-1.0,12342,2.314361,2.314361
2026-09-24T13:36:43.944626,1.39,0.139,1680,-1.0,12352,2.316241,2.316241
2026-09-24T13:36:43.952626,1.39,0.139,1688,-1.0,12352,2.316246,2.316246
2026-09-24T13:36:43.960626,1.39,0.139,1696,-1.0,12346,2.315048,2.315048
2026-09-24T13:36:43.968626,1.39,0.139,1704,-1.0,12340,2.313832,2.313832
2026-09-24T13:36:43.976626,1.39,0.139,1712,-1.0,12329,2.311834,2.311834
2026-09-24T13:36:43.984626,1.39,0.139,1720,-1.0,12380,2.321504,2.321504
2026-09-24T13:36:43.992626,1.39,0.139,1728,-1.0,12359,2.317558,2.317558
2026-09-24T13:36:44.000626,1.39,0.139,1736,-1.0,12358,2.317329,2.317329
2026-09-24T13:36:44.008626,1.39,0.139,1744,-1.0,12332,2.312493,2.312493
2026-09-24T13:36:44.016626,1.39,0.139,1752,-1.0,12369,2.31931,2.31931
2026-09-24T13:36:44.024626,1.39,0.139,1760,-1.0,12334,2.312705,2.312705
2026-09-24T13:36:44.032626,1.39,0.139,1768,-1.0,12345,2.31479,2.31479
2026-09-24T13:36:44.040626,1.39,0.139,1776,-1.0,12368,2.319142,2.319142
2026-09-24T13:36:44.048626,1.39,0.139,1784,-1.0,12361,2.31783,2.31783
2026-09-24T13:36:44.056626,1.39,0.139,1792,-1.0,12317,2.309601,2.309601
2026-09-24T13:36:44.064626,1.39,0.139,1800,-1.0,12381,2.321572,2.321572
2026-09-24T13:36:44.072626,1.39,0.139,1808,-1.0,12353,2.316326,2.316326
2026-09-24T13:36:44.080626,1.39,0.139,1816,-1.0,12330,2.312007,2.312007
2026-09-24T13:36:44.088626,1.39,0.139,1824,-1.0,12334,2.312865,2.312865
2026-09-24T13:36:44.096626,1.39,0.139,1832,-1.0,12347,2.315203,2.315203
2026-09-24T13:36:44.104626,1.39,0.139,1840,-1.0,12352,2.316188,2.316188
2026-09-24T13:36:44.112626,1.39,0.139,1848,-1.0,12327,2.311482,2.311482
2026-09-24T13:36:44.120626,1.39,0.139,1856,-1.0,12352,2.316095,2.316095
2026-09-24T13:36:44.128626,1.39,0.139,1864,-1.0,12365,2.318513,2.318513
2026-09-24T13:36:44.136626,1.39,0.139,1872,-1.0,12339,2.313695,2.313695
2026-09-24T13:36:44.144626,1.39,0.139,1880,-1.0,12315,2.309308,2.309308
2026-09-24T13:36:44.152626,1.39,0.139,1888,-1.0,12303,2.30693,2.30693
2026-09-24T13:36:44.160626,1.39,0.139,1896,-1.0,12348,2.315326,2.315326
2026-09-24T13:36:44.168626,1.39,0.139,1904,-1.0,12333,2.312691,2.312691
2026-09-24T13:36:44.176626,1.39,0.139,1912,-1.0,12370,2.319472,2.319472
2026-09-24T13:36:44.184626,1.39,0.139,1920,-1.0,12341,2.314014,2.314014
2026-09-24T13:36:44.192626,1.39,0.139,1928,-1.0,12349,2.315586,2.315586
2026-09-24T13:36:44.200626,1.39,0.139,1936,-1.0,12310,2.308315,2.308315
2026-09-24T13:36:44.208626,1.39,0.139,1944,-1.0,12357,2.31715,2.31715
2026-09-24T13:36:44.216626,1.39,0.139,1952,-1.0,12354,2.316596,2.316596
2026-09-24T13:36:44.224626,1.39,0.139,1960,-1.0,12320,2.310171,2.310171
2026-09-24T13:36:44.232626,1.39,0.139,1968,-1.0,12364,2.318417,2.318417
2026-09-24T13:36:44.240626,1.39,0.139,1976,-1.0,12363,2.318256,2.318256
2026-09-24T13:36:44.248626,1.39,0.139,1984,-1.0,12339,2.313764,2.313764
2026-09-24T13:36:44.256626,1.39,0.139,1992,-1.0,12345,2.314769,2.314769
2026-09-24T13:36:44.264626,1.39,0.139,2000,-1.0,12358,2.317291,2.317291
2026-09-24T13:36:44.272626,1.39,0.139,2008,-1.0,12354,2.316578,2.316578
2026-09-24T13:36:44.280626,1.39,0.139,2016,-1.0,12316,2.309362,2.309362
2026-09-24T13:36:44.288626,1.39,0.139,2024,-1.0,12346,2.315058,2.315058
2026-09-24T13:36:44.296626,1.39,0.139,2032,-1.0,12367,2.319046,2.319046
2026-09-24T13:36:44.304626,1.39,0.139,2040,-1.0,12319,2.309979,2.309979
2026-09-24T13:36:44.312626,1.39,0.139,2048,-1.0,12354,2.316589,2.316589
2026-09-24T13:36:44.320626,1.39,0.139,2056,-1.0,12346,2.315077,2.315077
2026-09-24T13:36:44.328626,1.39,0.139,2064,-1.0,12346,2.315046,2.315046
2026-09-24T13:36:44.336626,1.39,0.139,2072,-1.0,12354,2.316538,2.316538
2026-09-24T13:36:44.344626,1.39,0.139,2080,-1.0,12365,2.318561,2.318561
2026-09-24T13:36:44.352626,1.39,0.139,2088,-1.0,12345,2.314876,2.314876
2026-09-24T13:36:44.360626,1.39,0.139,2096,-1.0,12378,2.321057,2.321057
2026-09-24T13:36:44.368626,1.39,0.139,2104,-1.0,12315,2.309154,2.309154
2026-09-24T13:36:44.376626,1.39,0.139,2112,-1.0,12380,2.321335,2.321335
2026-09-24T13:36:44.384626,1.39,0.139,2120,-1.0,12324,2.310982,2.310982
2026-09-24T13:36:44.392626,1.39,0.139,2128,-1.0,12345,2.314881,2.314881
2026-09-24T13:36:44.400626,1.39,0.139,2136,-1.0,12347,2.315285,2.315285
2026-09-24T13:36:44.408626,1.39,0.139,2144,-1.0,12353,2.31644,2.31644
2026-09-24T13:36:44.416626,1.39,0.139,2152,-1.0,12352,2.31614,2.31614
2026-09-24T13:36:44.424626,1.39,0.139,2160,-1.0,12368,2.319123,2.319123
2026-09-24T13:36:44.432626,1.39,0.139,2168,-1.0,12355,2.316693,2.316693
2026-09-24T13:36:44.440626,1.39,0.139,2176,-1.0,12338,2.313582,2.313582
2026-09-24T13:36:44.448626,1.39,0.139,2184,-1.0,12348,2.315435,2.315435
2026-09-24T13:36:44.456626,1.39,0.139,2192,-1.0,12339,2.313738,2.313738
2026-09-24T13:36:44.464626,1.39,0.139,2200,-1.0,12334,2.312774,2.312774
2026-09-24T13:36:44.472626,1.39,0.139,2208,-1.0,12349,2.315674,2.315674
2026-09-24T13:36:44.480626,1.39,0.139,2216,-1.0,12352,2.316147,2.316147
2026-09-24T13:36:44.488626,1.39,0.139,2224,-1.0,12329,2.311922,2.311922
2026-09-24T13:36:44.496626,1.39,0.139,2232,-1.0,12339,2.313811,2.313811
2026-09-24T13:36:44.504626,1.39,0.139,2240,-1.0,12359,2.317404,2.317404
2026-09-24T13:36:44.512626,1.39,0.139,2248,-1.0,12346,2.315014,2.315014
2026-09-24T13:36:44.520626,1.39,0.139,2256,-1.0,12386,2.322545,2.322545
2026-09-24T13:36:44.528626,1.39,0.139,2264,-1.0,12331,2.312293,2.312293
2026-09-24T13:36:44.536626,1.39,0.139,2272,-1.0,12311,2.308438,2.308438
2026-09-24T13:36:44.544626,1.39,0.139,2280,-1.0,12346,2.315056,2.315056
2026-09-24T13:36:44.552626,1.39,0.139,2288,-1.0,12338,2.313503,2.313503
2026-09-24T13:36:44.560626,1.39,0.139,2296,-1.0,12369,2.319435,2.319435
2026-09-24T13:36:44.568626,1.39,0.139,2304,-1.0,12359,2.31742,2.31742
2026-09-24T13:36:44.576626,1.39,0.139,2312,-1.0,12339,2.313809,2.313809
2026-09-24T13:36:44.584626,1.39,0.139,2320,-1.0,12328,2.311692,2.311692
2026-09-24T13:36:44.592626,1.39,0.139,2328,-1.0,12354,2.316487,2.316487
2026-09-24T13:36:44.600626,1.39,0.139,2336,-1.0,12341,2.314101,2.314101
2026-09-24T13:36:44.608626,1.39,0.139,2344,-1.0,12337,2.313441,2.313441
2026-09-24T13:36:44.616626,1.39,0.139,2352,-1.0,12344,2.3147,2.3147
2026-09-24T13:36:44.624626,1.39,0.139,2360,-1.0,12342,2.314229,2.314229
2026-09-24T13:36:44.632626,1.39,0.139,2368,-1.0,12314,2.309036,2.309036
2026-09-24T13:36:44.640626,1.39,0.139,2376,-1.0,12354,2.316465,2.316465
2026-09-24T13:36:44.648626,1.39,0.139,2384,-1.0,12352,2.316204,2.316204
2026-09-24T13:36:44.656626,1.39,0.139,2392,-1.0,12349,2.315614,2.315614
2026-09-24T13:36:44.664626,1.39,0.139,2400,-1.0,12345,2.314772,2.314772
2026-09-24T13:36:44.672626,1.39,0.139,2408,-1.0,12362,2.318087,2.318087
2026-09-24T13:36:44.680626,1.39,0.139,2416,-1.0,12342,2.314351,2.314351
2026-09-24T13:36:44.688626,1.39,0.139,2424,-1.0,12346,2.315104,2.315104
2026-09-24T13:36:44.696626,1.39,0.139,2432,-1.0,12342,2.314271,2.314271
2026-09-24T13:36:44.704626,1.39,0.139,2440,-1.0,12362,2.31813,2.31813
2026-09-24T13:36:44.712626,1.39,0.139,2448,-1.0,12331,2.312138,2.312138
2026-09-24T13:36:44.720626,1.39,0.139,2456,-1.0,12357,2.317032,2.317032
2026-09-24T13:36:44.728626,1.39,0.139,2464,-1.0,12380,2.321443,2.321443
2026-09-24T13:36:44.736626,1.39,0.139,2472,-1.0,12323,2.310668,2.310668
2026-09-24T13:36:44.744626,1.39,0.139,2480,-1.0,12348,2.315431,2.315431
2026-09-24T13:36:44.752626,1.39,0.139,2488,-1.0,12376,2.320733,2.320733
2026-09-24T13:36:44.760626,1.39,0.139,2496,-1.0,12337,2.313385,2.313385
2026-09-24T13:36:44.768626,1.39,0.139,2504,-1.0,12366,2.318873,2.318873
2026-09-24T13:36:44.776626,1.39,0.139,2512,-1.0,12334,2.31288,2.31288
2026-09-24T13:36:44.784626,1.39,0.139,2520,-1.0,12349,2.315642,2.315642
2026-09-24T13:36:44.792626,1.39,0.139,2528,-1.0,12362,2.318018,2.318018
2026-09-24T13:36:44.800626,1.39,0.139,2536,-1.0,12333,2.31257,2.31257
2026-09-24T13:36:44.808626,1.39,0.139,2544,-1.0,12345,2.314777,2.314777
2026-09-24T13:36:44.816626,1.39,0.139,2552,-1.0,12336,2.313119,2.313119
2026-09-24T13:36:44.824626,1.39,0.139,2560,-1.0,12324,2.310999,2.310999
2026-09-24T13:36:44.832626,1.39,0.139,2568,-1.0,12358,2.317199,2.317199
2026-09-24T13:36:44.840626,1.39,0.139,2576,-1.0,12373,2.320089,2.320089
2026-09-24T13:36:44.848626,1.39,0.139,2584,-1.0,12342,2.314261,2.314261
2026-09-24T13:36:44.856626,1.39,0.139,2592,-1.0,12321,2.310434,2.310434
2026-09-24T13:36:44.864626,1.39,0.139,2600,-1.0,12345,2.31491,2.31491
2026-09-24T13:36:44.872626,1.39,0.139,2608,-1.0,12361,2.317921,2.317921
2026-09-24T13:36:44.880626,1.39,0.139,2616,-1.0,12321,2.310332,2.310332
2026-09-24T13:36:44.888626,1.39,0.139,2624,-1.0,12361,2.317763,2.317763
2026-09-24T13:36:44.896626,1.39,0.139,2632,-1.0,12329,2.3118,2.3118
2026-09-24T13:36:44.904626,1.39,0.139,2640,-1.0,12382,2.321864,2.321864
2026-09-24T13:36:44.912626,1.39,0.139,2648,-1.0,12350,2.315796,2.315796
2026-09-24T13:36:44.920626,1.39,0.139,2656,-1.0,12344,2.314735,2.314735
2026-09-24T13:36:44.928626,1.39,0.139,2664,-1.0,12357,2.317124,2.317124
2026-09-24T13:36:44.936626,1.39,0.139,2672,-1.0,12349,2.315578,2.315578
2026-09-24T13:36:44.944626,1.39,0.139,2680,-1.0,12353,2.3164,2.3164
2026-09-24T13:36:44.952626,1.39,0.139,2688,-1.0,12357,2.317072,2.317072
2026-09-24T13:36:44.960626,1.39,0.139,2696,-1.0,12328,2.311666,2.311666
2026-09-24T13:36:44.968626,1.39,0.139,2704,-1.0,12343,2.31446,2.31446
2026-09-24T13:36:44.976626,1.39,0.139,2712,-1.0,12356,2.316984,2.316984
2026-09-24T13:36:44.984626,1.39,0.139,2720,-1.0,12341,2.314162,2.314162
2026-09-24T13:36:44.992626,1.39,0.139,2728,-1.0,12346,2.315037,2.315037
2026-09-24T13:36:45.000626,1.39,0.139,2736,-1.0,12334,2.312845,2.312845
2026-09-24T13:36:45.008626,1.39,0.139,2744,-1.0,12337,2.313395,2.313395
2026-09-24T13:36:45.016626,1.39,0.139,2752,-1.0,12327,2.311482,2.311482
2026-09-24T13:36:45.024626,1.39,0.139,2760,-1.0,12349,2.315593,2.315593
2026-09-24T13:36:45.032626,1.39,0.139,2768,-1.0,12374,2.320228,2.320228
2026-09-24T13:36:45.040626,1.39,0.139,2776,-1.0,12353,2.316375,2.316375
2026-09-24T13:36:45.048626,1.39,0.139,2784,-1.0,12364,2.318411,2.318411
2026-09-24T13:36:45.056626,1.39,0.139,2792,-1.0,12339,2.313798,2.313798
2026-09-24T13:36:45.064626,1.39,0.139,2800,-1.0,12367,2.318884,2.318884
2026-09-24T13:36:45.072626,1.39,0.139,2808,-1.0,12336,2.313096,2.313096
2026-09-24T13:36:45.080626,1.39,0.139,2816,-1.0,12356,2.316966,2.316966
2026-09-24T13:36:45.088626,1.39,0.139,2824,-1.0,12360,2.317642,2.317642
2026-09-24T13:36:45.096626,1.39,0.139,2832,-1.0,12363,2.318186,2.318186
2026-09-24T13:36:45.104626,1.39,0.139,2840,-1.0,12363,2.318211,2.318211
2026-09-24T13:36:45.112626,1.39,0.139,2848,-1.0,12340,2.313835,2.313835
2026-09-24T13:36:45.120626,1.39,0.139,2856,-1.0,12361,2.317889,2.317889
2026-09-24T13:36:45.128626,1.39,0.139,2864,-1.0,12327,2.311566,2.311566
2026-09-24T13:36:45.136626,1.39,0.139,2872,-1.0,12356,2.317003,2.317003
2026-09-24T13:36:45.144626,1.39,0.139,2880,-1.0,12349,2.315632,2.315632
2026-09-24T13:36:45.152626,1.39,0.139,2888,-1.0,12337,2.313284,2.313284
2026-09-24T13:36:45.160626,1.39,0.139,2896,-1.0,12350,2.315736,2.315736
2026-09-24T13:36:45.168626,1.39,0.139,2904,-1.0,12336,2.313128,2.313128
2026-09-24T13:36:45.176626,1.39,0.139,2912,-1.0,12371,2.319781,2.319781
2026-09-24T13:36:45.184626,1.39,0.139,2920,-1.0,12361,2.317876,2.317876
2026-09-24T13:36:45.192626,1.39,0.139,2928,-1.0,12370,2.31953,2.31953
2026-09-24T13:36:45.200626,1.39,0.139,2936,-1.0,12354,2.316573,2.316573
2026-09-24T13:36:45.208626,1.39,0.139,2944,-1.0,12362,2.318053,2.318053
2026-09-24T13:36:45.216626,1.39,0.139,2952,-1.0,12351,2.316028,2.316028
2026-09-24T13:36:45.224626,1.39,0.139,2960,-1.0,12334,2.312723,2.312723
2026-09-24T13:36:45.232626,1.39,0.139,2968,-1.0,12353,2.316371,2.316371
2026-09-24T13:36:45.240626,1.39,0.139,2976,-1.0,12366,2.318833,2.318833
2026-09-24T13:36:45.248626,1.39,0.139,2984,-1.0,12334,2.312794,2.312794
2026-09-24T13:36:45.256626,1.39,0.139,2992,-1.0,12335,2.313041,2.313041
2026-09-24T13:36:45.264626,1.39,0.139,3000,-1.0,12345,2.314805,2.314805
2026-09-24T13:36:45.272626,1.39,0.139,3008,-1.0,12371,2.319693,2.319693
2026-09-24T13:36:45.280626,1.39,0.139,3016,-1.0,12341,2.314012,2.314012
2026-09-24T13:36:45.288626,1.39,0.139,3024,-1.0,12353,2.316304,2.316304
2026-09-24T13:36:45.296626,1.39,0.139,3032,-1.0,12327,2.311456,2.311456
2026-09-24T13:36:45.304626,1.39,0.139,3040,-1.0,12329,2.311776,2.311776
2026-09-24T13:36:45.312626,1.39,0.139,3048,-1.0,12356,2.316917,2.316917
2026-09-24T13:36:45.320626,1.39,0.139,3056,-1.0,12347,2.315155,2.315155
2026-09-24T13:36:45.328626,1.39,0.139,3064,-1.0,12351,2.315884,2.315884
2026-09-24T13:36:45.336626,1.39,0.139,3072,-1.0,12370,2.319554,2.319554
2026-09-24T13:36:45.344626,1.39,0.139,3080,-1.0,12301,2.306672,2.306672
2026-09-24T13:36:45.352626,1.39,0.139,3088,-1.0,12361,2.317832,2.317832
2026-09-24T13:36:45.360626,1.39,0.139,3096,-1.0,12365,2.318607,2.318607
2026-09-24T13:36:45.368626,1.39,0.139,3104,-1.0,12373,2.320034,2.320034
2026-09-24T13:36:45.376626,1.39,0.139,3112,-1.0,12373,2.320143,2.320143
2026-09-24T13:36:45.384626,1.39,0.139,3120,-1.0,12340,2.314006,2.314006
2026-09-24T13:36:45.392626,1.39,0.139,3128,-1.0,12343,2.314388,2.314388
2026-09-24T13:36:45.400626,1.39,0.139,3136,-1.0,12338,2.313492,2.313492
2026-09-24T13:36:45.408626,1.39,0.139,3144,-1.0,12387,2.322725,2.322725
2026-09-24T13:36:45.416626,1.39,0.139,3152,-1.0,12345,2.314806,2.314806
2026-09-24T13:36:45.424626,1.39,0.139,3160,-1.0,12375,2.320439,2.320439
2026-09-24T13:36:45.432626,1.39,0.139,3168,-1.0,12357,2.317094,2.317094
2026-09-24T13:36:45.440626,1.39,0.139,3176,-1.0,12358,2.317198,2.317198
2026-09-24T13:36:45.448626,1.39,0.139,3184,-1.0,12337,2.31333,2.31333
2026-09-24T13:36:45.456626,1.39,0.139,3192,-1.0,12334,2.312821,2.312821
2026-09-24T13:36:45.464626,1.39,0.139,3200,-1.0,12335,2.313051,2.313051
2026-09-24T13:36:45.472626,1.39,0.139,3208,-1.0,12372,2.319883,2.319883
2026-09-24T13:36:45.480626,1.39,0.139,3216,-1.0,12341,2.314107,2.314107
2026-09-24T13:36:45.488626,1.39,0.139,3224,-1.0,12322,2.310475,2.310475
2026-09-24T13:36:45.496626,1.39,0.139,3232,-1.0,12371,2.319804,2.319804
2026-09-24T13:36:45.504626,1.39,0.139,3240,-1.0,12376,2.320694,2.320694
2026-09-24T13:36:45.512626,1.39,0.139,3248,-1.0,12384,2.322151,2.322151
2026-09-24T13:36:45.520626,1.39,0.139,3256,-1.0,12334,2.312718,2.312718
2026-09-24T13:36:45.528626,1.39,0.139,3264,-1.0,12348,2.315406,2.315406
2026-09-24T13:36:45.536626,1.39,0.139,3272,-1.0,12362,2.318107,2.318107
2026-09-24T13:36:45.544626,1.39,0.139,3280,-1.0,12365,2.31857,2.31857
2026-09-24T13:36:45.552626,1.39,0.139,3288,-1.0,12311,2.308446,2.308446
2026-09-24T13:36:45.560626,1.39,0.139,3296,-1.0,12315,2.309202,2.309202
2026-09-24T13:36:45.568626,1.39,0.139,3304,-1.0,12349,2.315516,2.315516
2026-09-24T13:36:45.576626,1.39,0.139,3312,-1.0,12369,2.319278,2.319278
2026-09-24T13:36:45.584626,1.39,0.139,3320,-1.0,12357,2.317039,2.317039
2026-09-24T13:36:45.592626,1.39,0.139,3328,-1.0,12384,2.322184,2.322184
2026-09-24T13:36:45.600626,1.39,0.139,3336,-1.0,12333,2.312648,2.312648
2026-09-24T13:36:45.608626,1.39,0.139,3344,-1.0,12346,2.314971,2.314971
2026-09-24T13:36:45.616626,1.39,0.139,3352,-1.0,12354,2.316449,2.316449
2026-09-24T13:36:45.624626,1.39,0.139,3360,-1.0,12352,2.316074,2.316074
2026-09-24T13:36:45.632626,1.39,0.139,3368,-1.0,12347,2.315318,2.315318
2026-09-24T13:36:45.640626,1.39,0.139,3376,-1.0,12390,2.323368,2.323368
2026-09-24T13:36:45.648626,1.39,0.139,3384,-1.0,12317,2.309553,2.309553
2026-09-24T13:36:45.656626,1.39,0.139,3392,-1.0,12366,2.318875,2.318875
2026-09-24T13:36:45.664626,1.39,0.139,3400,-1.0,12346,2.315072,2.315072
2026-09-24T13:36:45.672626,1.39,0.139,3408,-1.0,12312,2.308572,2.308572
2026-09-24T13:36:45.680626,1.39,0.139,3416,-1.0,12335,2.312889,2.312889
2026-09-24T13:36:45.688626,1.39,0.139,3424,-1.0,12357,2.317101,2.317101
2026-09-24T13:36:45.696626,1.39,0.139,3432,-1.0,12400,2.325119,2.325119
2026-09-24T13:36:45.704626,1.39,0.139,3440,-1.0,12333,2.312567,2.312567
2026-09-24T13:36:45.712626,1.39,0.139,3448,-1.0,12349,2.315626,2.315626
2026-09-24T13:36:45.720626,1.39,0.139,3456,-1.0,12328,2.311641,2.311641
2026-09-24T13:36:45.728626,1.39,0.139,3464,-1.0,12326,2.311242,2.311242
2026-09-24T13:36:45.736626,1.39,0.139,3472,-1.0,12333,2.312606,2.312606
2026-09-24T13:36:45.744626,1.39,0.139,3480,-1.0,12354,2.316626,2.316626
2026-09-24T13:36:45.752626,1.39,0.139,3488,-1.0,12378,2.321033,2.321033
2026-09-24T13:36:45.760626,1.39,0.139,3496,-1.0,12350,2.315737,2.315737
2026-09-24T13:36:45.768626,1.39,0.139,3504,-1.0,12326,2.31128,2.31128
2026-09-24T13:36:45.776626,1.39,0.139,3512,-1.0,12317,2.309661,2.309661
2026-09-24T13:36:45.784626,1.39,0.139,3520,-1.0,12390,2.323311,2.323311
2026-09-24T13:36:45.792626,1.39,0.139,3528,-1.0,12333,2.312649,2.312649
2026-09-24T13:36:45.800626,1.39,0.139,3536,-1.0,12360,2.317709,2.317709
2026-09-24T13:36:45.808626,1.39,0.139,3544,-1.0,12349,2.315672,2.315672
2026-09-24T13:36:45.816626,1.39,0.139,3552,-1.0,12368,2.319076,2.319076
2026-09-24T13:36:45.824626,1.39,0.139,3560,-1.0,12338,2.31357,2.31357
2026-09-24T13:36:45.832626,1.39,0.139,3568,-1.0,12342,2.314308,2.314308
2026-09-24T13:36:45.840626,1.39,0.139,3576,-1.0,12368,2.319135,2.319135
2026-09-24T13:36:45.848626,1.39,0.139,3584,-1.0,12354,2.316584,2.316584
2026-09-24T13:36:45.856626,1.39,0.139,3592,-1.0,12369,2.319352,2.319352
2026-09-24T13:36:45.864626,1.39,0.139,3600,-1.0,12344,2.314704,2.314704
2026-09-24T13:36:45.872626,1.39,0.139,3608,-1.0,12312,2.308633,2.308633
2026-09-24T13:36:45.880626,1.39,0.139,3616,-1.0,12354,2.316563,2.316563
2026-09-24T13:36:45.888626,1.39,0.139,3624,-1.0,12372,2.319983,2.319983
2026-09-24T13:36:45.896626,1.39,0.139,3632,-1.0,12385,2.322376,2.322376
2026-09-24T13:36:45.904626,1.39,0.139,3640,-1.0,12368,2.319112,2.319112
2026-09-24T13:36:45.912626,1.39,0.139,3648,-1.0,12337,2.313359,2.313359
2026-09-24T13:36:45.920626,1.39,0.139,3656,-1.0,12371,2.319656,2.319656
2026-09-24T13:36:45.928626,1.39,0.139,3664,-1.0,12327,2.311462,2.311462
2026-09-24T13:36:45.936626,1.39,0.139,3672,-1.0,12340,2.313884,2.313884
2026-09-24T13:36:45.944626,1.39,0.139,3680,-1.0,12319,2.310058,2.310058
2026-09-24T13:36:45.952626,1.39,0.139,3688,-1.0,12339,2.31382,2.31382
2026-09-24T13:36:45.960626,1.39,0.139,3696,-1.0,12353,2.316409,2.316409
2026-09-24T13:36:45.968626,1.39,0.139,3704,-1.0,12313,2.308851,2.308851
2026-09-24T13:36:45.976626,1.39,0.139,3712,-1.0,12353,2.316394,2.316394
2026-09-24T13:36:45.984626,1.39,0.139,3720,-1.0,12356,2.316886,2.316886
2026-09-24T13:36:45.992626,1.39,0.139,3728,-1.0,12344,2.31474,2.31474
2026-09-24T13:36:46.000626,1.39,0.139,3736,-1.0,12366,2.318854,2.318854
2026-09-24T13:36:46.008626,1.39,0.139,3744,-1.0,12339,2.313671,2.313671
2026-09-24T13:36:46.016626,1.39,0.139,3752,-1.0,12356,2.31688,2.31688
2026-09-24T13:36:46.024626,1.39,0.139,3760,-1.0,12334,2.31273,2.31273
2026-09-24T13:36:46.032626,1.39,0.139,3768,-1.0,12348,2.315499,2.315499
2026-09-24T13:36:46.040626,1.39,0.139,3776,-1.0,12368,2.319095,2.319095
2026-09-24T13:36:46.048626,1.39,0.139,3784,-1.0,12368,2.319097,2.319097
2026-09-24T13:36:46.056626,1.39,0.139,3792,-1.0,12350,2.315857,2.315857
2026-09-24T13:36:46.064626,1.39,0.139,3800,-1.0,12355,2.316662,2.316662
2026-09-24T13:36:46.072626,1.39,0.139,3808,-1.0,12371,2.319799,2.319799
2026-09-24T13:36:46.080626,1.39,0.139,3816,-1.0,12378,2.321088,2.321088
2026-09-24T13:36:46.088626,1.39,0.139,3824,-1.0,12363,2.318249,2.318249
2026-09-24T13:36:46.096626,1.39,0.139,3832,-1.0,12377,2.320776,2.320776
2026-09-24T13:36:46.104626,1.39,0.139,3840,-1.0,12356,2.316941,2.316941
2026-09-24T13:36:46.112626,1.39,0.139,3848,-1.0,12347,2.315226,2.315226
2026-09-24T13:36:46.120626,1.39,0.139,3856,-1.0,12349,2.31562,2.31562
2026-09-24T13:36:46.128626,1.39,0.139,3864,-1.0,12382,2.321759,2.321759
2026-09-24T13:36:46.136626,1.39,0.139,3872,-1.0,12310,2.308352,2.308352
2026-09-24T13:36:46.144626,1.39,0.139,3880,-1.0,12372,2.319832,2.319832
2026-09-24T13:36:46.152626,1.39,0.139,3888,-1.0,12374,2.320271,2.320271
2026-09-24T13:36:46.160626,1.39,0.139,3896,-1.0,12341,2.314143,2.314143
2026-09-24T13:36:46.168626,1.39,0.139,3904,-1.0,12338,2.31355,2.31355
2026-09-24T13:36:46.176626,1.39,0.139,3912,-1.0,12346,2.314965,2.314965
2026-09-24T13:36:46.184626,1.39,0.139,3920,-1.0,12343,2.314496,2.314496
2026-09-24T13:36:46.192626,1.39,0.139,3928,-1.0,12354,2.316569,2.316569
2026-09-24T13:36:46.200626,1.39,0.139,3936,-1.0,12361,2.317813,2.317813
2026-09-24T13:36:46.208626,1.39,0.139,3944,-1.0,12321,2.310277,2.310277
2026-09-24T13:36:46.216626,1.39,0.139,3952,-1.0,12343,2.314434,2.314434
2026-09-24T13:36:46.224626,1.39,0.139,3960,-1.0,12336,2.313251,2.313251
2026-09-24T13:36:46.232626,1.39,0.139,3968,-1.0,12356,2.316863,2.316863
2026-09-24T13:36:46.240626,1.39,0.139,3976,-1.0,12327,2.311471,2.311471
2026-09-24T13:36:46.248626,1.39,0.139,3984,-1.0,12344,2.314612,2.314612
2026-09-24T13:36:46.256626,1.39,0.139,3992,-1.0,12319,2.3099,2.3099
2026-09-24T13:36:46.264626,1.39,0.139,4000,-1.0,12326,2.311324,2.311324
2026-09-24T13:36:46.272626,1.39,0.139,4008,-1.0,12328,2.311613,2.311613
2026-09-24T13:36:46.280626,1.39,0.139,4016,-1.0,12319,2.309932,2.309932
2026-09-24T13:36:46.288626,1.39,0.139,4024,-1.0,12325,2.311065,2.311065
2026-09-24T13:36:46.296626,1.39,0.139,4032,-1.0,12345,2.314854,2.314854
2026-09-24T13:36:46.304626,1.39,0.139,4040,-1.0,12349,2.315522,2.315522
2026-09-24T13:36:46.312626,1.39,0.139,4048,-1.0,12399,2.324988,2.324988
2026-09-24T13:36:46.320626,1.39,0.139,4056,-1.0,12393,2.323782,2.323782
2026-09-24T13:36:46.328626,1.39,0.139,4064,-1.0,12365,2.318511,2.318511
2026-09-24T13:36:46.336626,1.39,0.139,4072,-1.0,12337,2.313366,2.313366
2026-09-24T13:36:46.344626,1.39,0.139,4080,-1.0,12355,2.316718,2.316718
2026-09-24T13:36:46.352626,1.39,0.139,4088,-1.0,12368,2.319207,2.319207
2026-09-24T13:36:46.360626,1.39,0.139,4096,-1.0,12353,2.316271,2.316271
2026-09-24T13:36:46.368626,1.39,0.139,4104,-1.0,12334,2.312882,2.312882
2026-09-24T13:36:46.376626,1.39,0.139,4112,-1.0,12367,2.318968,2.318968
2026-09-24T13:36:46.384626,1.39,0.139,4120,-1.0,12372,2.319904,2.319904
2026-09-24T13:36:46.392626,1.39,0.139,4128,-1.0,12362,2.318078,2.318078
2026-09-24T13:36:46.400626,1.39,0.139,4136,-1.0,12370,2.319614,2.319614
2026-09-24T13:36:46.408626,1.39,0.139,4144,-1.0,12372,2.319966,2.319966
2026-09-24T13:36:46.416626,1.39,0.139,4152,-1.0,12347,2.315172,2.315172
2026-09-24T13:36:46.424626,1.39,0.139,4160,-1.0,12367,2.319027,2.319027
2026-09-24T13:36:46.432626,1.39,0.139,4168,-1.0,12363,2.318171,2.318171
2026-09-24T13:36:46.440626,1.39,0.139,4176,-1.0,12365,2.31862,2.31862
2026-09-24T13:36:46.448626,1.39,0.139,4184,-1.0,12390,2.323376,2.323376
2026-09-24T13:36:46.456626,1.39,0.139,4192,-1.0,12334,2.31284,2.31284
2026-09-24T13:36:46.464626,1.39,0.139,4200,-1.0,12344,2.314749,2.314749
2026-09-24T13:36:46.472626,1.39,0.139,4208,-1.0,12328,2.311683,2.311683
2026-09-24T13:36:46.480626,1.39,0.139,4216,-1.0,12313,2.308836,2.308836
2026-09-24T13:36:46.488626,1.39,0.139,4224,-1.0,12369,2.319388,2.319388
2026-09-24T13:36:46.496626,1.39,0.139,4232,-1.0,12378,2.321021,2.321021
2026-09-24T13:36:46.504626,1.39,0.139,4240,-1.0,12366,2.318703,2.318703
2026-09-24T13:36:46.512626,1.39,0.139,4248,-1.0,12365,2.318625,2.318625
2026-09-24T13:36:46.520626,1.39,0.139,4256,-1.0,12331,2.312311,2.312311
2026-09-24T13:36:46.528626,1.39,0.139,4264,-1.0,12379,2.321236,2.321236
2026-09-24T13:36:46.536626,1.39,0.139,4272,-1.0,12363,2.318162,2.318162
2026-09-24T13:36:46.544626,1.39,0.139,4280,-1.0,12311,2.30846,2.30846
2026-09-24T13:36:46.552626,1.39,0.139,4288,-1.0,12340,2.313833,2.313833
2026-09-24T13:36:46.560626,1.39,0.139,4296,-1.0,12355,2.316665,2.316665
2026-09-24T13:36:46.568626,1.39,0.139,4304,-1.0,12337,2.313355,2.313355
2026-09-24T13:36:46.576626,1.39,0.139,4312,-1.0,12357,2.317074,2.317074
2026-09-24T13:36:46.584626,1.39,0.139,4320,-1.0,12349,2.315642,2.315642
2026-09-24T13:36:46.592626,1.39,0.139,4328,-1.0,12327,2.311387,2.311387
2026-09-24T13:36:46.600626,1.39,0.139,4336,-1.0,12354,2.316587,2.316587
2026-09-24T13:36:46.608626,1.39,0.139,4344,-1.0,12355,2.31678,2.31678
2026-09-24T13:36:46.616626,1.39,0.139,4352,-1.0,12371,2.319743,2.319743
2026-09-24T13:36:46.624626,1.39,0.139,4360,-1.0,12323,2.310819,2.310819
2026-09-24T13:36:46.632626,1.39,0.139,4368,-1.0,12354,2.316457,2.316457
2026-09-24T13:36:46.640626,1.39,0.139,4376,-1.0,12362,2.317958,2.317958
2026-09-24T13:36:46.648626,1.39,0.139,4384,-1.0,12311,2.308482,2.308482
2026-09-24T13:36:46.656626,1.39,0.139,4392,-1.0,12374,2.320351,2.320351
2026-09-24T13:36:46.664626,1.39,0.139,4400,-1.0,12346,2.31512,2.31512
2026-09-24T13:36:46.672626,1.39,0.139,4408,-1.0,12350,2.315826,2.315826
2026-09-24T13:36:46.680626,1.39,0.139,4416,-1.0,12337,2.313331,2.313331
2026-09-24T13:36:46.688626,1.39,0.139,4424,-1.0,12353,2.316327,2.316327
2026-09-24T13:36:46.696626,1.39,0.139,4432,-1.0,12325,2.311162,2.311162
2026-09-24T13:36:46.704626,1.39,0.139,4440,-1.0,12354,2.316613,2.316613
2026-09-24T13:36:46.712626,1.39,0.139,4448,-1.0,12354,2.316597,2.316597
2026-09-24T13:36:46.720626,1.39,0.139,4456,-1.0,12383,2.32197,2.32197
2026-09-24T13:36:46.728626,1.39,0.139,4464,-1.0,12387,2.322635,2.322635
2026-09-24T13:36:46.736626,1.39,0.139,4472,-1.0,12354,2.316583,2.316583
2026-09-24T13:36:46.744626,1.39,0.139,4480,-1.0,12322,2.310591,2.310591
2026-09-24T13:36:46.752626,1.39,0.139,4488,-1.0,12342,2.314228,2.314228
2026-09-24T13:36:46.760626,1.39,0.139,4496,-1.0,12335,2.313066,2.313066
2026-09-24T13:36:46.768626,1.39,0.139,4504,-1.0,12342,2.314253,2.314253
2026-09-24T13:36:46.776626,1.39,0.139,4512,-1.0,12385,2.322302,2.322302
2026-09-24T13:36:46.784626,1.39,0.139,4520,-1.0,12345,2.314788,2.314788
2026-09-24T13:36:46.792626,1.39,0.139,4528,-1.0,12339,2.313816,2.313816
2026-09-24T13:36:46.800626,1.39,0.139,4536,-1.0,12321,2.310428,2.310428
2026-09-24T13:36:46.808626,1.39,0.139,4544,-1.0,12357,2.317099,2.317099
2026-09-24T13:36:46.816626,1.39,0.139,4552,-1.0,12357,2.317047,2.317047
2026-09-24T13:36:46.824626,1.39,0.139,4560,-1.0,12331,2.312277,2.312277
2026-09-24T13:36:46.832626,1.39,0.139,4568,-1.0,12333,2.312549,2.312549
2026-09-24T13:36:46.840626,1.39,0.139,4576,-1.0,12332,2.312475,2.312475
2026-09-24T13:36:46.848626,1.39,0.139,4584,-1.0,12370,2.319611,2.319611
2026-09-24T13:36:46.856626,1.39,0.139,4592,-1.0,12336,2.313115,2.313115
2026-09-24T13:36:46.864626,1.39,0.139,4600,-1.0,12363,2.318289,2.318289
2026-09-24T13:36:46.872626,1.39,0.139,4608,-1.0,12375,2.320536,2.320536
2026-09-24T13:36:46.880626,1.39,0.139,4616,-1.0,12330,2.3121,2.3121
2026-09-24T13:36:46.888626,1.39,0.139,4624,-1.0,12348,2.315428,2.315428
2026-09-24T13:36:46.896626,1.39,0.139,4632,-1.0,12363,2.318307,2.318307
2026-09-24T13:36:46.904626,1.39,0.139,4640,-1.0,12378,2.320993,2.320993
2026-09-24T13:36:46.912626,1.39,0.139,4648,-1.0,12355,2.316701,2.316701
2026-09-24T13:36:46.920626,1.39,0.139,4656,-1.0,12349,2.315581,2.315581
2026-09-24T13:36:46.928626,1.39,0.139,4664,-1.0,12358,2.317353,2.317353
2026-09-24T13:36:46.936626,1.39,0.139,4672,-1.0,12354,2.31658,2.31658
2026-09-24T13:36:46.944626,1.39,0.139,4680,-1.0,12335,2.312912,2.312912
2026-09-24T13:36:46.952626,1.39,0.139,4688,-1.0,12347,2.315308,2.315308
2026-09-24T13:36:46.960626,1.39,0.139,4696,-1.0,12303,2.306943,2.306943
2026-09-24T13:36:46.968626,1.39,0.139,4704,-1.0,12370,2.319466,2.319466
2026-09-24T13:36:46.976626,1.39,0.139,4712,-1.0,12323,2.310799,2.310799
2026-09-24T13:36:46.984626,1.39,0.139,4720,-1.0,12335,2.31293,2.31293
2026-09-24T13:36:46.992626,1.39,0.139,4728,-1.0,12388,2.322829,2.322829
2026-09-24T13:36:47.000626,1.39,0.139,4736,-1.0,12348,2.315368,2.315368
2026-09-24T13:36:47.008626,1.39,0.139,4744,-1.0,12376,2.320652,2.320652
2026-09-24T13:36:47.016626,1.39,0.139,4752,-1.0,12353,2.316354,2.316354
2026-09-24T13:36:47.024626,1.39,0.139,4760,-1.0,12371,2.319637,2.319637
2026-09-24T13:36:47.032626,1.39,0.139,4768,-1.0,12373,2.320182,2.320182
2026-09-24T13:36:47.040626,1.39,0.139,4776,-1.0,12363,2.318246,2.318246
2026-09-24T13:36:47.048626,1.39,0.139,4784,-1.0,12354,2.316539,2.316539
2026-09-24T13:36:47.056626,1.39,0.139,4792,-1.0,12341,2.314108,2.314108
2026-09-24T13:36:47.064626,1.39,0.139,4800,-1.0,12353,2.316377,2.316377
2026-09-24T13:36:47.072626,1.39,0.139,4808,-1.0,12360,2.317671,2.317671
2026-09-24T13:36:47.080626,1.39,0.139,4816,-1.0,12352,2.31609,2.31609
2026-09-24T13:36:47.088626,1.39,0.139,4824,-1.0,12379,2.321279,2.321279
2026-09-24T13:36:47.096626,1.39,0.139,4832,-1.0,12356,2.316991,2.316991
2026-09-24T13:36:47.104626,1.39,0.139,4840,-1.0,12352,2.316151,2.316151
2026-09-24T13:36:47.112626,1.39,0.139,4848,-1.0,12325,2.31114,2.31114
2026-09-24T13:36:47.120626,1.39,0.139,4856,-1.0,12395,2.324261,2.324261
2026-09-24T13:36:47.128626,1.39,0.139,4864,-1.0,12344,2.314638,2.314638
2026-09-24T13:36:47.136626,1.39,0.139,4872,-1.0,12370,2.319446,2.319446
2026-09-24T13:36:47.144626,1.39,0.139,4880,-1.0,12359,2.317513,2.317513
2026-09-24T13:36:47.152626,1.39,0.139,4888,-1.0,12339,2.313785,2.313785
2026-09-24T13:36:47.160626,1.39,0.139,4896,-1.0,12347,2.315196,2.315196
2026-09-24T13:36:47.168626,1.39,0.139,4904,-1.0,12339,2.313767,2.313767
2026-09-24T13:36:47.176626,1.39,0.139,4912,-1.0,12370,2.319493,2.319493
2026-09-24T13:36:47.184626,1.39,0.139,4920,-1.0,12334,2.312757,2.312757
2026-09-24T13:36:47.192626,1.39,0.139,4928,-1.0,12347,2.315172,2.315172
2026-09-24T13:36:47.200626,1.39,0.139,4936,-1.0,12353,2.316361,2.316361
2026-09-24T13:36:47.208626,1.39,0.139,4944,-1.0,12330,2.311973,2.311973
2026-09-24T13:36:47.216626,1.39,0.139,4952,-1.0,12370,2.319601,2.319601
2026-09-24T13:36:47.224626,1.39,0.139,4960,-1.0,12337,2.313328,2.313328
2026-09-24T13:36:47.232626,1.39,0.139,4968,-1.0,12344,2.3146,2.3146
2026-09-24T13:36:47.240626,1.39,0.139,4976,-1.0,12328,2.311748,2.311748
2026-09-24T13:36:47.248626,1.39,0.139,4984,-1.0,12318,2.309847,2.309847
2026-09-24T13:36:47.256626,1.39,0.139,4992,-1.0,12343,2.31441,2.31441
2026-09-24T13:36:47.264626,1.39,0.139,5000,-1.0,12375,2.320413,2.320413
2026-09-24T13:36:47.272626,1.39,0.139,5008,-1.0,12330,2.311997,2.311997
2026-09-24T13:36:47.280626,1.39,0.139,5016,-1.0,12355,2.316668,2.316668
2026-09-24T13:36:47.288626,1.39,0.139,5024,-1.0,12343,2.314388,2.314388
2026-09-24T13:36:47.296626,1.39,0.139,5032,-1.0,12356,2.316984,2.316984
2026-09-24T13:36:47.304626,1.39,0.139,5040,-1.0,12322,2.310479,2.310479
2026-09-24T13:36:47.312626,1.39,0.139,5048,-1.0,12347,2.315249,2.315249
2026-09-24T13:36:47.320626,1.39,0.139,5056,-1.0,12339,2.313714,2.313714
2026-09-24T13:36:47.328626,1.39,0.139,5064,-1.0,12353,2.316434,2.316434
2026-09-24T13:36:47.336626,1.39,0.139,5072,-1.0,12349,2.315601,2.315601
2026-09-24T13:36:47.344626,1.39,0.139,5080,-1.0,12362,2.318016,2.318016
2026-09-24T13:36:47.352626,1.39,0.139,5088,-1.0,12354,2.316491,2.316491
2026-09-24T13:36:47.360626,1.39,0.139,5096,-1.0,12363,2.318231,2.318231
2026-09-24T13:36:47.368626,1.39,0.139,5104,-1.0,12333,2.312546,2.312546
2026-09-24T13:36:47.376626,1.39,0.139,5112,-1.0,12350,2.315874,2.315874
2026-09-24T13:37:42.264626,0.0,0.0,0,0.0,13346,2.502541,2.502541
2026-09-24T13:37:42.272626,0.0,0.0,8,0.0,13324,2.498498,2.498498
2026-09-24T13:37:42.280626,0.0,0.0,16,0.0,13339,2.501298,2.501298
2026-09-24T13:37:42.288626,0.0,0.0,24,0.0,13359,2.505003,2.505003
2026-09-24T13:37:42.296626,0.0,0.0,32,0.0,13312,2.496099,2.496099
2026-09-24T13:37:42.304626,0.0,0.0,40,0.0,13326,2.498767,2.498767
2026-09-24T13:37:42.312626,0.0,0.0,48,0.0,13342,2.501783,2.501783
2026-09-24T13:37:42.320626,0.0,0.0,56,0.0,13358,2.504806,2.504806
2026-09-24T13:37:42.328626,0.0,0.0,64,0.0,13342,2.5018,2.5018
2026-09-24T13:37:42.336626,0.0,0.0,72,0.0,13332,2.499942,2.499942
2026-09-24T13:37:42.344626,0.0,0.0,80,0.0,13318,2.497382,2.497382
2026-09-24T13:37:42.352626,0.0,0.0,88,0.0,13323,2.498248,2.498248
2026-09-24T13:37:42.360626,0.0,0.0,96,0.0,13330,2.499548,2.499548
2026-09-24T13:37:42.368626,0.0,0.0,104,0.0,13355,2.504172,2.504172
2026-09-24T13:37:42.376626,0.0,0.0,112,0.0,13345,2.502296,2.502296
2026-09-24T13:37:42.384626,0.0,0.0,120,0.0,13352,2.503658,2.503658
2026-09-24T13:37:42.392626,0.0,0.0,128,0.0,13308,2.495352,2.495352
2026-09-24T13:37:42.400626,0.0,0.0,136,0.0,13327,2.499044,2.499044
2026-09-24T13:37:42.408626,0.0,0.0,144,0.0,13339,2.501192,2.501192
2026-09-24T13:37:42.416626,0.0,0.0,152,0.0,13331,2.499758,2.499758
2026-09-24T13:37:42.424626,0.0,0.0,160,0.0,13331,2.499674,2.499674
2026-09-24T13:37:42.432626,0.0,0.0,168,0.0,13305,2.494941,2.494941
2026-09-24T13:37:42.440626,0.0,0.0,176,0.0,13355,2.50415,2.50415
2026-09-24T13:37:42.448626,0.0,0.0,184,0.0,13330,2.499511,2.499511
2026-09-24T13:37:42.456626,0.0,0.0,192,0.0,13307,2.495209,2.495209
2026-09-24T13:37:42.464626,0.0,0.0,200,0.0,13337,2.500928,2.500928
2026-09-24T13:37:42.472626,0.0,0.0,208,0.0,13325,2.498593,2.498593
2026-09-24T13:37:42.480626,0.0,0.0,216,0.0,13326,2.498851,2.498851
2026-09-24T13:37:42.488626,0.0,0.0,224,0.0,13339,2.501326,2.501326
2026-09-24T13:37:42.496626,0.0,0.0,232,0.0,13337,2.500907,2.500907
2026-09-24T13:37:42.504626,0.0,0.0,240,0.0,13312,2.49625,2.49625
2026-09-24T13:37:42.512626,0.0,0.0,248,0.0,13334,2.500316,2.500316
2026-09-24T13:37:42.520626,0.0,0.0,256,0.0,13326,2.498809,2.498809
2026-09-24T13:37:42.528626,0.0,0.0,264,0.0,13330,2.49953,2.49953
2026-09-24T13:37:42.536626,0.0,0.0,272,0.0,13323,2.498155,2.498155
2026-09-24T13:37:42.544626,0.0,0.0,280,0.0,13333,2.500075,2.500075
2026-09-24T13:37:42.552626,0.0,0.0,288,0.0,13316,2.49698,2.49698
2026-09-24T13:37:42.560626,0.0,0.0,296,0.0,13352,2.503626,2.503626
2026-09-24T13:37:42.568626,0.0,0.0,304,0.0,13312,2.496255,2.496255
2026-09-24T13:37:42.576626,0.0,0.0,312,0.0,13336,2.500612,2.500612
2026-09-24T13:37:42.584626,0.0,0.0,320,0.0,13295,2.492961,2.492961
2026-09-24T13:37:42.592626,0.0,0.0,328,0.0,13359,2.505066,2.505066
2026-09-24T13:37:42.600626,0.0,0.0,336,0.0,13300,2.493875,2.493875
2026-09-24T13:37:42.608626,0.0,0.0,344,0.0,13299,2.493671,2.493671
2026-09-24T13:37:42.616626,0.0,0.0,352,0.0,13314,2.496595,2.496595
2026-09-24T13:37:42.624626,0.0,0.0,360,0.0,13361,2.505297,2.505297
2026-09-24T13:37:42.632626,0.0,0.0,368,0.0,13312,2.496129,2.496129
2026-09-24T13:37:42.640626,0.0,0.0,376,0.0,13334,2.500305,2.500305
2026-09-24T13:37:42.648626,0.0,0.0,384,0.0,13339,2.501142,2.501142
2026-09-24T13:37:42.656626,0.0,0.0,392,0.0,13364,2.505975,2.505975
2026-09-24T13:37:42.664626,0.0,0.0,400,0.0,13310,2.495869,2.495869
2026-09-24T13:37:42.672626,0.0,0.0,408,0.0,13325,2.4987,2.4987
2026-09-24T13:37:42.680626,0.0,0.0,416,0.0,13317,2.497016,2.497016
2026-09-24T13:37:42.688626,0.0,0.0,424,0.0,13343,2.501957,2.501957
2026-09-24T13:37:42.696626,0.0,0.0,432,0.0,13316,2.497004,2.497004
2026-09-24T13:37:42.704626,0.0,0.0,440,0.0,13359,2.505071,2.505071
2026-09-24T13:37:42.712626,0.0,0.0,448,0.0,13385,2.509883,2.509883
2026-09-24T13:37:42.720626,0.0,0.0,456,0.0,13323,2.49814,2.49814
2026-09-24T13:37:42.728626,0.0,0.0,464,0.0,13331,2.49969,2.49969
2026-09-24T13:37:42.736626,0.0,0.0,472,0.0,13373,2.507652,2.507652
2026-09-24T13:37:42.744626,0.0,0.0,480,0.0,13353,2.503875,2.503875
2026-09-24T13:37:42.752626,0.0,0.0,488,0.0,13297,2.49337,2.49337
2026-09-24T13:37:42.760626,0.0,0.0,496,0.0,13324,2.498334,2.498334
2026-09-24T13:37:42.768626,0.0,0.0,504,0.0,13334,2.500331,2.500331
2026-09-24T13:37:42.776626,0.0,0.0,512,0.0,13382,2.509285,2.509285
2026-09-24T13:37:42.784626,0.0,0.0,520,0.0,13327,2.499002,2.499002
2026-09-24T13:37:42.792626,0.0,0.0,528,0.0,13324,2.498422,2.498422
2026-09-24T13:37:42.800626,0.0,0.0,536,0.0,13336,2.500709,2.500709
2026-09-24T13:37:42.808626,0.0,0.0,544,0.0,13336,2.500608,2.500608
2026-09-24T13:37:42.816626,0.0,0.0,552,0.0,13328,2.499222,2.499222
2026-09-24T13:37:42.824626,0.0,0.0,560,0.0,13341,2.501648,2.501648
2026-09-24T13:37:42.832626,0.0,0.0,568,0.0,13317,2.497015,2.497015
2026-09-24T13:37:42.840626,0.0,0.0,576,0.0,13314,2.496569,2.496569
2026-09-24T13:37:42.848626,0.0,0.0,584,0.0,13312,2.496128,2.496128
2026-09-24T13:37:42.856626,0.0,0.0,592,0.0,13353,2.503765,2.503765
2026-09-24T13:37:42.864626,0.0,0.0,600,0.0,13329,2.499336,2.499336
2026-09-24T13:37:42.872626,0.0,0.0,608,0.0,13358,2.504804,2.504804
2026-09-24T13:37:42.880626,0.0,0.0,616,0.0,13302,2.494351,2.494351
2026-09-24T13:37:42.888626,0.0,0.0,624,0.0,13329,2.499311,2.499311
2026-09-24T13:37:42.896626,0.0,0.0,632,0.0,13347,2.50274,2.50274
2026-09-24T13:37:42.904626,0.0,0.0,640,0.0,13341,2.501628,2.501628
2026-09-24T13:37:42.912626,0.0,0.0,648,0.0,13336,2.500623,2.500623
2026-09-24T13:37:42.920626,0.0,0.0,656,0.0,13326,2.498781,2.498781
2026-09-24T13:37:42.928626,0.0,0.0,664,0.0,13345,2.50237,2.50237
2026-09-24T13:37:42.936626,0.0,0.0,672,0.0,13357,2.504687,2.504687
2026-09-24T13:37:42.944626,0.0,0.0,680,0.0,13345,2.502279,2.502279
2026-09-24T13:37:42.952626,0.0,0.0,688,0.0,13346,2.502533,2.502533
2026-09-24T13:37:42.960626,0.0,0.0,696,0.0,13337,2.500839,2.500839
2026-09-24T13:37:42.968626,0.0,0.0,704,0.0,13315,2.496671,2.496671
2026-09-24T13:37:42.976626,0.0,0.0,712,0.0,13348,2.502996,2.502996
2026-09-24T13:37:42.984626,0.0,0.0,720,0.0,13354,2.504117,2.504117
2026-09-24T13:37:42.992626,0.0,0.0,728,0.0,13349,2.503038,2.503038
2026-09-24T13:37:43.000626,0.0,0.0,736,0.0,13336,2.500662,2.500662
2026-09-24T13:37:43.008626,0.0,0.0,744,0.0,13344,2.502189,2.502189
2026-09-24T13:37:43.016626,0.0,0.0,752,0.0,13333,2.500193,2.500193
2026-09-24T13:37:43.024626,0.0,0.0,760,0.0,13377,2.508287,2.508287
2026-09-24T13:37:43.032626,0.0,0.0,768,0.0,13330,2.499593,2.499593
2026-09-24T13:37:43.040626,0.0,0.0,776,0.0,13346,2.502597,2.502597
2026-09-24T13:37:43.048626,0.0,0.0,784,0.0,13367,2.506475,2.506475
2026-09-24T13:37:43.056626,0.0,0.0,792,0.0,13298,2.493582,2.493582
2026-09-24T13:37:43.064626,0.0,0.0,800,0.0,13337,2.500896,2.500896
2026-09-24T13:37:43.072626,0.0,0.0,808,0.0,13352,2.50363,2.50363
2026-09-24T13:37:43.080626,0.0,0.0,816,0.0,13317,2.497136,2.497136
2026-09-24T13:37:43.088626,0.0,0.0,824,0.0,13325,2.498548,2.498548
2026-09-24T13:37:43.096626,0.0,0.0,832,0.0,13323,2.498232,2.498232
2026-09-24T13:37:43.104626,0.0,0.0,840,0.0,13343,2.501931,2.501931
2026-09-24T13:37:43.112626,0.0,0.0,848,0.0,13331,2.49968,2.49968
2026-09-24T13:37:43.120626,0.0,0.0,856,0.0,13343,2.501912,2.501912
2026-09-24T13:37:43.128626,0.0,0.0,864,0.0,13356,2.504493,2.504493
2026-09-24T13:37:43.136626,0.0,0.0,872,0.0,13312,2.496121,2.496121
2026-09-24T13:37:43.144626,0.0,0.0,880,0.0,13293,2.492582,2.492582
2026-09-24T13:37:43.152626,0.0,0.0,888,0.0,13339,2.501313,2.501313
2026-09-24T13:37:43.160626,0.0,0.0,896,0.0,13322,2.49813,2.49813
2026-09-24T13:37:43.168626,0.0,0.0,904,0.0,13332,2.499909,2.499909
2026-09-24T13:37:43.176626,0.0,0.0,912,0.0,13370,2.506956,2.506956
2026-09-24T13:37:43.184626,0.0,0.0,920,0.0,13294,2.492829,2.492829
2026-09-24T13:37:43.192626,0.0,0.0,928,0.0,13339,2.501321,2.501321
2026-09-24T13:37:43.200626,0.0,0.0,936,0.0,13307,2.495145,2.495145
2026-09-24T13:37:43.208626,0.0,0.0,944,0.0,13325,2.498598,2.498598
2026-09-24T13:37:43.216626,0.0,0.0,952,0.0,13320,2.497684,2.497684
2026-09-24T13:37:43.224626,0.0,0.0,960,0.0,13343,2.502049,2.502049
2026-09-24T13:37:43.232626,0.0,0.0,968,0.0,13333,2.500184,2.500184
2026-09-24T13:37:43.240626,0.0,0.0,976,0.0,13345,2.502372,2.502372
2026-09-24T13:37:43.248626,0.0,0.0,984,0.0,13345,2.502371,2.502371
2026-09-24T13:37:43.256626,0.0,0.0,992,0.0,13349,2.503197,2.503197
2026-09-24T13:37:43.264626,0.0,0.0,1000,0.0,13295,2.492992,2.492992
2026-09-24T13:37:43.272626,0.0,0.0,1008,0.0,13345,2.502314,2.502314
2026-09-24T13:37:43.280626,0.0,0.0,1016,0.0,13311,2.495985,2.495985
2026-09-24T13:37:43.288626,0.0,0.0,1024,0.0,13337,2.500771,2.500771
2026-09-24T13:37:43.296626,0.0,0.0,1032,0.0,13360,2.505094,2.505094
2026-09-24T13:37:43.304626,0.0,0.0,1040,0.0,13327,2.498936,2.498936
2026-09-24T13:37:43.312626,0.0,0.0,1048,0.0,13302,2.49422,2.49422
2026-09-24T13:37:43.320626,0.0,0.0,1056,0.0,13367,2.506513,2.506513
2026-09-24T13:37:43.328626,0.0,0.0,1064,0.0,13324,2.498406,2.498406
2026-09-24T13:37:43.336626,0.0,0.0,1072,0.0,13315,2.496728,2.496728
2026-09-24T13:37:43.344626,0.0,0.0,1080,0.0,13311,2.496036,2.496036
2026-09-24T13:37:43.352626,0.0,0.0,1088,0.0,13318,2.497279,2.497279
2026-09-24T13:37:43.360626,0.0,0.0,1096,0.0,13339,2.501301,2.501301
2026-09-24T13:37:43.368626,0.0,0.0,1104,0.0,13332,2.499983,2.499983
2026-09-24T13:37:43.376626,0.0,0.0,1112,0.0,13305,2.494922,2.494922
2026-09-24T13:37:43.384626,0.0,0.0,1120,0.0,13337,2.500798,2.500798
2026-09-24T13:37:43.392626,0.0,0.0,1128,0.0,13334,2.500283,2.500283
2026-09-24T13:37:43.400626,0.0,0.0,1136,0.0,13354,2.504099,2.504099
2026-09-24T13:37:43.408626,0.0,0.0,1144,0.0,13298,2.493485,2.493485
2026-09-24T13:37:43.416626,0.0,0.0,1152,0.0,13316,2.496878,2.496878
2026-09-24T13:37:43.424626,0.0,0.0,1160,0.0,13301,2.494201,2.494201
2026-09-24T13:37:43.432626,0.0,0.0,1168,0.0,13338,2.501114,2.501114
2026-09-24T13:37:43.440626,0.0,0.0,1176,0.0,13351,2.503466,2.503466
2026-09-24T13:37:43.448626,0.0,0.0,1184,0.0,13309,2.495659,2.495659
2026-09-24T13:37:43.456626,0.0,0.0,1192,0.0,13335,2.500402,2.500402
2026-09-24T13:37:43.464626,0.0,0.0,1200,0.0,13319,2.497575,2.497575
2026-09-24T13:37:43.472626,0.0,0.0,1208,0.0,13325,2.498661,2.498661
2026-09-24T13:37:43.480626,0.0,0.0,1216,0.0,13329,2.49927,2.49927
2026-09-24T13:37:43.488626,0.0,0.0,1224,0.0,13339,2.501236,2.501236
2026-09-24T13:37:43.496626,0.0,0.0,1232,0.0,13318,2.497347,2.497347
2026-09-24T13:37:43.504626,0.0,0.0,1240,0.0,13314,2.496573,2.496573
2026-09-24T13:37:43.512626,0.0,0.0,1248,0.0,13355,2.50414,2.50414
2026-09-24T13:37:43.520626,0.0,0.0,1256,0.0,13342,2.501887,2.501887
2026-09-24T13:37:43.528626,0.0,0.0,1264,0.0,13336,2.500622,2.500622
2026-09-24T13:37:43.536626,0.0,0.0,1272,0.0,13330,2.499529,2.499529
2026-09-24T13:37:43.544626,0.0,0.0,1280,0.0,13317,2.497025,2.497025
2026-09-24T13:37:43.552626,0.0,0.0,1288,0.0,13335,2.500563,2.500563
2026-09-24T13:37:43.560626,0.0,0.0,1296,0.0,13327,2.499052,2.499052
2026-09-24T13:37:43.568626,0.0,0.0,1304,0.0,13360,2.505243,2.505243
2026-09-24T13:37:43.576626,0.0,0.0,1312,0.0,13347,2.50272,2.50272
2026-09-24T13:37:43.584626,0.0,0.0,1320,0.0,13323,2.498261,2.498261
2026-09-24T13:37:43.592626,0.0,0.0,1328,0.0,13334,2.500368,2.500368
2026-09-24T13:37:43.600626,0.0,0.0,1336,0.0,13329,2.499425,2.499425
2026-09-24T13:37:43.608626,0.0,0.0,1344,0.0,13337,2.500942,2.500942
2026-09-24T13:37:43.616626,0.0,0.0,1352,0.0,13314,2.4965,2.4965
2026-09-24T13:37:43.624626,0.0,0.0,1360,0.0,13340,2.50151,2.50151
2026-09-24T13:37:43.632626,0.0,0.0,1368,0.0,13303,2.494568,2.494568
2026-09-24T13:37:43.640626,0.0,0.0,1376,0.0,13361,2.505286,2.505286
2026-09-24T13:37:43.648626,0.0,0.0,1384,0.0,13358,2.504832,2.504832
2026-09-24T13:37:43.656626,0.0,0.0,1392,0.0,13324,2.498359,2.498359
2026-09-24T13:37:43.664626,0.0,0.0,1400,0.0,13329,2.499276,2.499276
2026-09-24T13:37:43.672626,0.0,0.0,1408,0.0,13337,2.500935,2.500935
2026-09-24T13:37:43.680626,0.0,0.0,1416,0.0,13355,2.504183,2.504183
2026-09-24T13:37:43.688626,0.0,0.0,1424,0.0,13329,2.49927,2.49927
2026-09-24T13:37:43.696626,0.0,0.0,1432,0.0,13345,2.502367,2.502367
2026-09-24T13:37:43.704626,0.0,0.0,1440,0.0,13337,2.500827,2.500827
2026-09-24T13:37:43.712626,0.0,0.0,1448,0.0,13318,2.497308,2.497308
2026-09-24T13:37:43.720626,0.0,0.0,1456,0.0,13345,2.502373,2.502373
2026-09-24T13:37:43.728626,0.0,0.0,1464,0.0,13362,2.505481,2.505481
2026-09-24T13:37:43.736626,0.0,0.0,1472,0.0,13351,2.503514,2.503514
2026-09-24T13:37:43.744626,0.0,0.0,1480,0.0,13343,2.502015,2.502015
2026-09-24T13:37:43.752626,0.0,0.0,1488,0.0,13339,2.501198,2.501198
2026-09-24T13:37:43.760626,0.0,0.0,1496,0.0,13365,2.506135,2.506135
2026-09-24T13:37:43.768626,0.0,0.0,1504,0.0,13311,2.496032,2.496032
2026-09-24T13:37:43.776626,0.0,0.0,1512,0.0,13331,2.49977,2.49977
2026-09-24T13:37:43.784626,0.0,0.0,1520,0.0,13305,2.494843,2.494843
2026-09-24T13:37:43.792626,0.0,0.0,1528,0.0,13302,2.494314,2.494314
2026-09-24T13:37:43.800626,0.0,0.0,1536,0.0,13312,2.496175,2.496175
2026-09-24T13:37:43.808626,0.0,0.0,1544,0.0,13315,2.496685,2.496685
2026-09-24T13:37:43.816626,0.0,0.0,1552,0.0,13345,2.502371,2.502371
2026-09-24T13:37:43.824626,0.0,0.0,1560,0.0,13350,2.503343,2.503343
2026-09-24T13:37:43.832626,0.0,0.0,1568,0.0,13302,2.494337,2.494337
2026-09-24T13:37:43.840626,0.0,0.0,1576,0.0,13319,2.497447,2.497447
2026-09-24T13:37:43.848626,0.0,0.0,1584,0.0,13314,2.496579,2.496579
2026-09-24T13:37:43.856626,0.0,0.0,1592,0.0,13331,2.499742,2.499742
2026-09-24T13:37:43.864626,0.0,0.0,1600,0.0,13343,2.501923,2.501923
2026-09-24T13:37:43.872626,0.0,0.0,1608,0.0,13340,2.501419,2.501419
2026-09-24T13:37:43.880626,0.0,0.0,1616,0.0,13323,2.498271,2.498271
2026-09-24T13:37:43.888626,0.0,0.0,1624,0.0,13327,2.499004,2.499004
2026-09-24T13:37:43.896626,0.0,0.0,1632,0.0,13334,2.500362,2.500362
2026-09-24T13:37:43.904626,0.0,0.0,1640,0.0,13324,2.498353,2.498353
2026-09-24T13:37:43.912626,0.0,0.0,1648,0.0,13335,2.5004,2.5004
2026-09-24T13:37:43.920626,0.0,0.0,1656,0.0,13330,2.499453,2.499453
2026-09-24T13:37:43.928626,0.0,0.0,1664,0.0,13317,2.497047,2.497047
2026-09-24T13:37:43.936626,0.0,0.0,1672,0.0,13363,2.505804,2.505804
2026-09-24T13:37:43.944626,0.0,0.0,1680,0.0,13345,2.50239,2.50239
2026-09-24T13:37:43.952626,0.0,0.0,1688,0.0,13341,2.501524,2.501524
2026-09-24T13:37:43.960626,0.0,0.0,1696,0.0,13336,2.500665,2.500665
2026-09-24T13:37:43.968626,0.0,0.0,1704,0.0,13328,2.49926,2.49926
2026-09-24T13:37:43.976626,0.0,0.0,1712,0.0,13319,2.497435,2.497435
2026-09-24T13:37:43.984626,0.0,0.0,1720,0.0,13344,2.502157,2.502157
2026-09-24T13:37:43.992626,0.0,0.0,1728,0.0,13344,2.502109,2.502109
2026-09-24T13:37:44.000626,0.0,0.0,1736,0.0,13339,2.501313,2.501313
2026-09-24T13:37:44.008626,0.0,0.0,1744,0.0,13340,2.501401,2.501401
2026-09-24T13:37:44.016626,0.0,0.0,1752,0.0,13335,2.500392,2.500392
2026-09-24T13:37:44.024626,0.0,0.0,1760,0.0,13363,2.505791,2.505791
2026-09-24T13:37:44.032626,0.0,0.0,1768,0.0,13367,2.506406,2.506406
2026-09-24T13:37:44.040626,0.0,0.0,1776,0.0,13329,2.499264,2.499264
2026-09-24T13:37:44.048626,0.0,0.0,1784,0.0,13364,2.505994,2.505994
2026-09-24T13:37:44.056626,0.0,0.0,1792,0.0,13327,2.498925,2.498925
2026-09-24T13:37:44.064626,0.0,0.0,1800,0.0,13323,2.498297,2.498297
2026-09-24T13:37:44.072626,0.0,0.0,1808,0.0,13349,2.50318,2.50318
2026-09-24T13:37:44.080626,0.0,0.0,1816,0.0,13361,2.50535,2.50535
2026-09-24T13:37:44.088626,0.0,0.0,1824,0.0,13342,2.501826,2.501826
2026-09-24T13:37:44.096626,0.0,0.0,1832,0.0,13326,2.498729,2.498729
2026-09-24T13:37:44.104626,0.0,0.0,1840,0.0,13353,2.503844,2.503844
2026-09-24T13:37:44.112626,0.0,0.0,1848,0.0,13321,2.497808,2.497808
2026-09-24T13:37:44.120626,0.0,0.0,1856,0.0,13321,2.497927,2.497927
2026-09-24T13:37:44.128626,0.0,0.0,1864,0.0,13347,2.502716,2.502716
2026-09-24T13:37:44.136626,0.0,0.0,1872,0.0,13340,2.501502,2.501502
2026-09-24T13:37:44.144626,0.0,0.0,1880,0.0,13337,2.50083,2.50083
2026-09-24T13:37:44.152626,0.0,0.0,1888,0.0,13345,2.502334,2.502334
2026-09-24T13:37:44.160626,0.0,0.0,1896,0.0,13328,2.499229,2.499229
2026-09-24T13:37:44.168626,0.0,0.0,1904,0.0,13329,2.499264,2.499264
2026-09-24T13:37:44.176626,0.0,0.0,1912,0.0,13318,2.497224,2.497224
2026-09-24T13:37:44.184626,0.0,0.0,1920,0.0,13334,2.500272,2.500272
2026-09-24T13:37:44.192626,0.0,0.0,1928,0.0,13335,2.500479,2.500479
2026-09-24T13:37:44.200626,0.0,0.0,1936,0.0,13347,2.502804,2.502804
2026-09-24T13:37:44.208626,0.0,0.0,1944,0.0,13300,2.493972,2.493972
2026-09-24T13:37:44.216626,0.0,0.0,1952,0.0,13343,2.502071,2.502071
2026-09-24T13:37:44.224626,0.0,0.0,1960,0.0,13325,2.498585,2.498585
2026-09-24T13:37:44.232626,0.0,0.0,1968,0.0,13379,2.508687,2.508687
2026-09-24T13:37:44.240626,0.0,0.0,1976,0.0,13353,2.503857,2.503857
2026-09-24T13:37:44.248626,0.0,0.0,1984,0.0,13304,2.494601,2.494601
2026-09-24T13:37:44.256626,0.0,0.0,1992,0.0,13286,2.491302,2.491302
2026-09-24T13:37:44.264626,0.0,0.0,2000,0.0,13330,2.49947,2.49947
2026-09-24T13:37:44.272626,0.0,0.0,2008,0.0,13381,2.509049,2.509049
2026-09-24T13:37:44.280626,0.0,0.0,2016,0.0,13311,2.495931,2.495931
2026-09-24T13:37:44.288626,0.0,0.0,2024,0.0,13322,2.498024,2.498024
2026-09-24T13:37:44.296626,0.0,0.0,2032,0.0,13313,2.49641,2.49641
2026-09-24T13:37:44.304626,0.0,0.0,2040,0.0,13322,2.498123,2.498123
2026-09-24T13:37:44.312626,0.0,0.0,2048,0.0,13315,2.496656,2.496656
2026-09-24T13:37:44.320626,0.0,0.0,2056,0.0,13358,2.504707,2.504707
2026-09-24T13:37:44.328626,0.0,0.0,2064,0.0,13314,2.496487,2.496487
2026-09-24T13:37:44.336626,0.0,0.0,2072,0.0,13318,2.497313,2.497313
2026-09-24T13:37:44.344626,0.0,0.0,2080,0.0,13325,2.498692,2.498692
2026-09-24T13:37:44.352626,0.0,0.0,2088,0.0,13300,2.493945,2.493945
2026-09-24T13:37:44.360626,0.0,0.0,2096,0.0,13334,2.500232,2.500232
2026-09-24T13:37:44.368626,0.0,0.0,2104,0.0,13369,2.506896,2.506896
2026-09-24T13:37:44.376626,0.0,0.0,2112,0.0,13327,2.499014,2.499014
2026-09-24T13:37:44.384626,0.0,0.0,2120,0.0,13336,2.500696,2.500696
2026-09-24T13:37:44.392626,0.0,0.0,2128,0.0,13327,2.498939,2.498939
2026-09-24T13:37:44.400626,0.0,0.0,2136,0.0,13345,2.502404,2.502404
2026-09-24T13:37:44.408626,0.0,0.0,2144,0.0,13323,2.498238,2.498238
2026-09-24T13:37:44.416626,0.0,0.0,2152,0.0,13317,2.497165,2.497165
2026-09-24T13:37:44.424626,0.0,0.0,2160,0.0,13350,2.503367,2.503367
2026-09-24T13:37:44.432626,0.0,0.0,2168,0.0,13333,2.500089,2.500089
2026-09-24T13:37:44.440626,0.0,0.0,2176,0.0,13332,2.49998,2.49998
2026-09-24T13:37:44.448626,0.0,0.0,2184,0.0,13353,2.503811,2.503811
2026-09-24T13:37:44.456626,0.0,0.0,2192,0.0,13321,2.497786,2.497786
2026-09-24T13:37:44.464626,0.0,0.0,2200,0.0,13353,2.503894,2.503894
2026-09-24T13:37:44.472626,0.0,0.0,2208,0.0,13323,2.498277,2.498277
2026-09-24T13:37:44.480626,0.0,0.0,2216,0.0,13341,2.50165,2.50165
2026-09-24T13:37:44.488626,0.0,0.0,2224,0.0,13328,2.499194,2.499194
2026-09-24T13:37:44.496626,0.0,0.0,2232,0.0,13320,2.497627,2.497627
2026-09-24T13:37:44.504626,0.0,0.0,2240,0.0,13324,2.498436,2.498436
2026-09-24T13:37:44.512626,0.0,0.0,2248,0.0,13322,2.498009,2.498009
2026-09-24T13:37:44.520626,0.0,0.0,2256,0.0,13356,2.504513,2.504513
2026-09-24T13:37:44.528626,0.0,0.0,2264,0.0,13360,2.50511,2.50511
2026-09-24T13:37:44.536626,0.0,0.0,2272,0.0,13331,2.499674,2.499674
2026-09-24T13:37:44.544626,0.0,0.0,2280,0.0,13357,2.504685,2.504685
2026-09-24T13:37:44.552626,0.0,0.0,2288,0.0,13339,2.501267,2.501267
2026-09-24T13:37:44.560626,0.0,0.0,2296,0.0,13342,2.501889,2.501889
2026-09-24T13:37:44.568626,0.0,0.0,2304,0.0,13328,2.499116,2.499116
2026-09-24T13:37:44.576626,0.0,0.0,2312,0.0,13333,2.50002,2.50002
2026-09-24T13:37:44.584626,0.0,0.0,2320,0.0,13338,2.500969,2.500969
2026-09-24T13:37:44.592626,0.0,0.0,2328,0.0,13316,2.496832,2.496832
2026-09-24T13:37:44.600626,0.0,0.0,2336,0.0,13363,2.505815,2.505815
2026-09-24T13:37:44.608626,0.0,0.0,2344,0.0,13343,2.501997,2.501997
2026-09-24T13:37:44.616626,0.0,0.0,2352,0.0,13342,2.501777,2.501777
2026-09-24T13:37:44.624626,0.0,0.0,2360,0.0,13346,2.502616,2.502616
2026-09-24T13:37:44.632626,0.0,0.0,2368,0.0,13320,2.497587,2.497587
2026-09-24T13:37:44.640626,0.0,0.0,2376,0.0,13356,2.504367,2.504367
2026-09-24T13:37:44.648626,0.0,0.0,2384,0.0,13321,2.497876,2.497876
2026-09-24T13:37:44.656626,0.0,0.0,2392,0.0,13306,2.495,2.495
2026-09-24T13:37:44.664626,0.0,0.0,2400,0.0,13344,2.502088,2.502088
2026-09-24T13:37:44.672626,0.0,0.0,2408,0.0,13312,2.4962,2.4962
2026-09-24T13:37:44.680626,0.0,0.0,2416,0.0,13311,2.495966,2.495966
2026-09-24T13:37:44.688626,0.0,0.0,2424,0.0,13324,2.498396,2.498396
2026-09-24T13:37:44.696626,0.0,0.0,2432,0.0,13301,2.494161,2.494161
2026-09-24T13:37:44.704626,0.0,0.0,2440,0.0,13332,2.499913,2.499913
2026-09-24T13:37:44.712626,0.0,0.0,2448,0.0,13337,2.500824,2.500824
2026-09-24T13:37:44.720626,0.0,0.0,2456,0.0,13374,2.507873,2.507873
2026-09-24T13:37:44.728626,0.0,0.0,2464,0.0,13334,2.500308,2.500308
2026-09-24T13:37:44.736626,0.0,0.0,2472,0.0,13335,2.500412,2.500412
2026-09-24T13:37:44.744626,0.0,0.0,2480,0.0,13336,2.500712,2.500712
2026-09-24T13:37:44.752626,0.0,0.0,2488,0.0,13326,2.498718,2.498718
2026-09-24T13:37:44.760626,0.0,0.0,2496,0.0,13311,2.495913,2.495913
2026-09-24T13:37:44.768626,0.0,0.0,2504,0.0,13344,2.502263,2.502263
2026-09-24T13:37:44.776626,0.0,0.0,2512,0.0,13359,2.504932,2.504932
2026-09-24T13:37:44.784626,0.0,0.0,2520,0.0,13367,2.5065,2.5065
2026-09-24T13:37:44.792626,0.0,0.0,2528,0.0,13372,2.507381,2.507381
2026-09-24T13:37:44.800626,0.0,0.0,2536,0.0,13327,2.498915,2.498915
2026-09-24T13:37:44.808626,0.0,0.0,2544,0.0,13325,2.498514,2.498514
2026-09-24T13:37:44.816626,0.0,0.0,2552,0.0,13317,2.497059,2.497059
2026-09-24T13:37:44.824626,0.0,0.0,2560,0.0,13309,2.495652,2.495652
2026-09-24T13:37:44.832626,0.0,0.0,2568,0.0,13350,2.503354,2.503354
2026-09-24T13:37:44.840626,0.0,0.0,2576,0.0,13368,2.506687,2.506687
2026-09-24T13:37:44.848626,0.0,0.0,2584,0.0,13336,2.500718,2.500718
2026-09-24T13:37:44.856626,0.0,0.0,2592,0.0,13337,2.500832,2.500832
2026-09-24T13:37:44.864626,0.0,0.0,2600,0.0,13336,2.500648,2.500648
2026-09-24T13:37:44.872626,0.0,0.0,2608,0.0,13327,2.498952,2.498952
2026-09-24T13:37:44.880626,0.0,0.0,2616,0.0,13309,2.495701,2.495701
2026-09-24T13:37:44.888626,0.0,0.0,2624,0.0,13314,2.496469,2.496469
2026-09-24T13:37:44.896626,0.0,0.0,2632,0.0,13339,2.501221,2.501221
2026-09-24T13:37:44.904626,0.0,0.0,2640,0.0,13322,2.497973,2.497973
2026-09-24T13:37:44.912626,0.0,0.0,2648,0.0,13360,2.505132,2.505132
2026-09-24T13:37:44.920626,0.0,0.0,2656,0.0,13306,2.495089,2.495089
2026-09-24T13:37:44.928626,0.0,0.0,2664,0.0,13330,2.499617,2.499617
2026-09-24T13:37:44.936626,0.0,0.0,2672,0.0,13315,2.496809,2.496809
2026-09-24T13:37:44.944626,0.0,0.0,2680,0.0,13324,2.498419,2.498419
2026-09-24T13:37:44.952626,0.0,0.0,2688,0.0,13361,2.505447,2.505447
2026-09-24T13:37:44.960626,0.0,0.0,2696,0.0,13308,2.495367,2.495367
2026-09-24T13:37:44.968626,0.0,0.0,2704,0.0,13362,2.505471,2.505471
2026-09-24T13:37:44.976626,0.0,0.0,2712,0.0,13341,2.501591,2.501591
2026-09-24T13:37:44.984626,0.0,0.0,2720,0.0,13342,2.501734,2.501734
2026-09-24T13:37:44.992626,0.0,0.0,2728,0.0,13335,2.50053,2.50053
2026-09-24T13:37:45.000626,0.0,0.0,2736,0.0,13336,2.500755,2.500755
2026-09-24T13:37:45.008626,0.0,0.0,2744,0.0,13337,2.500929,2.500929
2026-09-24T13:37:45.016626,0.0,0.0,2752,0.0,13336,2.500606,2.500606
2026-09-24T13:37:45.024626,0.0,0.0,2760,0.0,13336,2.500733,2.500733
2026-09-24T13:37:45.032626,0.0,0.0,2768,0.0,13335,2.500496,2.500496
2026-09-24T13:37:45.040626,0.0,0.0,2776,0.0,13357,2.504518,2.504518
2026-09-24T13:37:45.048626,0.0,0.0,2784,0.0,13325,2.498577,2.498577
2026-09-24T13:37:45.056626,0.0,0.0,2792,0.0,13316,2.496979,2.496979
2026-09-24T13:37:45.064626,0.0,0.0,2800,0.0,13312,2.496106,2.496106
2026-09-24T13:37:45.072626,0.0,0.0,2808,0.0,13342,2.501824,2.501824
2026-09-24T13:37:45.080626,0.0,0.0,2816,0.0,13344,2.502124,2.502124
2026-09-24T13:37:45.088626,0.0,0.0,2824,0.0,13343,2.502074,2.502074
2026-09-24T13:37:45.096626,0.0,0.0,2832,0.0,13323,2.498263,2.498263
2026-09-24T13:37:45.104626,0.0,0.0,2840,0.0,13313,2.496339,2.496339
2026-09-24T13:37:45.112626,0.0,0.0,2848,0.0,13349,2.503036,2.503036
2026-09-24T13:37:45.120626,0.0,0.0,2856,0.0,13360,2.505096,2.505096
2026-09-24T13:37:45.128626,0.0,0.0,2864,0.0,13365,2.506073,2.506073
2026-09-24T13:37:45.136626,0.0,0.0,2872,0.0,13334,2.50025,2.50025
2026-09-24T13:37:45.144626,0.0,0.0,2880,0.0,13341,2.501668,2.501668
2026-09-24T13:37:45.152626,0.0,0.0,2888,0.0,13324,2.498332,2.498332
2026-09-24T13:37:45.160626,0.0,0.0,2896,0.0,13383,2.509413,2.509413
2026-09-24T13:37:45.168626,0.0,0.0,2904,0.0,13319,2.49757,2.49757
2026-09-24T13:37:45.176626,0.0,0.0,2912,0.0,13318,2.497368,2.497368
2026-09-24T13:37:45.184626,0.0,0.0,2920,0.0,13330,2.499464,2.499464
2026-09-24T13:37:45.192626,0.0,0.0,2928,0.0,13375,2.507897,2.507897
2026-09-24T13:37:45.200626,0.0,0.0,2936,0.0,13349,2.503123,2.503123
2026-09-24T13:37:45.208626,0.0,0.0,2944,0.0,13306,2.495031,2.495031
2026-09-24T13:37:45.216626,0.0,0.0,2952,0.0,13319,2.497554,2.497554
2026-09-24T13:37:45.224626,0.0,0.0,2960,0.0,13313,2.4963,2.4963
2026-09-24T13:37:45.232626,0.0,0.0,2968,0.0,13303,2.494544,2.494544
2026-09-24T13:37:45.240626,0.0,0.0,2976,0.0,13333,2.500015,2.500015
2026-09-24T13:37:45.248626,0.0,0.0,2984,0.0,13337,2.500865,2.500865
2026-09-24T13:37:45.256626,0.0,0.0,2992,0.0,13345,2.502446,2.502446
2026-09-24T13:37:45.264626,0.0,0.0,3000,0.0,13323,2.498317,2.498317
2026-09-24T13:37:45.272626,0.0,0.0,3008,0.0,13321,2.497939,2.497939
2026-09-24T13:37:45.280626,0.0,0.0,3016,0.0,13339,2.501154,2.501154
2026-09-24T13:37:45.288626,0.0,0.0,3024,0.0,13341,2.50153,2.50153
2026-09-24T13:37:45.296626,0.0,0.0,3032,0.0,13341,2.501679,2.501679
2026-09-24T13:37:45.304626,0.0,0.0,3040,0.0,13329,2.499423,2.499423
2026-09-24T13:37:45.312626,0.0,0.0,3048,0.0,13332,2.499912,2.499912
2026-09-24T13:37:45.320626,0.0,0.0,3056,0.0,13327,2.498891,2.498891
2026-09-24T13:37:45.328626,0.0,0.0,3064,0.0,13320,2.49762,2.49762
2026-09-24T13:37:45.336626,0.0,0.0,3072,0.0,13299,2.493673,2.493673
2026-09-24T13:37:45.344626,0.0,0.0,3080,0.0,13361,2.505367,2.505367
2026-09-24T13:37:45.352626,0.0,0.0,3088,0.0,13316,2.497,2.497
2026-09-24T13:37:45.360626,0.0,0.0,3096,0.0,13345,2.502363,2.502363
2026-09-24T13:37:45.368626,0.0,0.0,3104,0.0,13311,2.495894,2.495894
2026-09-24T13:37:45.376626,0.0,0.0,3112,0.0,13331,2.499734,2.499734
2026-09-24T13:37:45.384626,0.0,0.0,3120,0.0,13319,2.497491,2.497491
2026-09-24T13:37:45.392626,0.0,0.0,3128,0.0,13320,2.497647,2.497647
2026-09-24T13:37:45.400626,0.0,0.0,3136,0.0,13332,2.49995,2.49995
2026-09-24T13:37:45.408626,0.0,0.0,3144,0.0,13352,2.503635,2.503635
2026-09-24T13:37:45.416626,0.0,0.0,3152,0.0,13312,2.496119,2.496119
2026-09-24T13:37:45.424626,0.0,0.0,3160,0.0,13326,2.498808,2.498808
2026-09-24T13:37:45.432626,0.0,0.0,3168,0.0,13328,2.499144,2.499144
2026-09-24T13:37:45.440626,0.0,0.0,3176,0.0,13340,2.501463,2.501463
2026-09-24T13:37:45.448626,0.0,0.0,3184,0.0,13325,2.498542,2.498542
2026-09-24T13:37:45.456626,0.0,0.0,3192,0.0,13334,2.500268,2.500268
2026-09-24T13:37:45.464626,0.0,0.0,3200,0.0,13312,2.496221,2.496221
2026-09-24T13:37:45.472626,0.0,0.0,3208,0.0,13341,2.501641,2.501641
2026-09-24T13:37:45.480626,0.0,0.0,3216,0.0,13315,2.496745,2.496745
2026-09-24T13:37:45.488626,0.0,0.0,3224,0.0,13303,2.494525,2.494525
2026-09-24T13:37:45.496626,0.0,0.0,3232,0.0,13332,2.499996,2.499996
2026-09-24T13:37:45.504626,0.0,0.0,3240,0.0,13320,2.497576,2.497576
2026-09-24T13:37:45.512626,0.0,0.0,3248,0.0,13357,2.504553,2.504553
2026-09-24T13:37:45.520626,0.0,0.0,3256,0.0,13353,2.503834,2.503834
2026-09-24T13:37:45.528626,0.0,0.0,3264,0.0,13369,2.506896,2.506896
2026-09-24T13:37:45.536626,0.0,0.0,3272,0.0,13301,2.494076,2.494076
2026-09-24T13:37:45.544626,0.0,0.0,3280,0.0,13325,2.498648,2.498648
2026-09-24T13:37:45.552626,0.0,0.0,3288,0.0,13342,2.501789,2.501789
2026-09-24T13:37:45.560626,0.0,0.0,3296,0.0,13345,2.502377,2.502377
2026-09-24T13:37:45.568626,0.0,0.0,3304,0.0,13362,2.505488,2.505488
2026-09-24T13:37:45.576626,0.0,0.0,3312,0.0,13335,2.500483,2.500483
2026-09-24T13:37:45.584626,0.0,0.0,3320,0.0,13330,2.499555,2.499555
2026-09-24T13:37:45.592626,0.0,0.0,3328,0.0,13327,2.499009,2.499009
2026-09-24T13:37:45.600626,0.0,0.0,3336,0.0,13323,2.498311,2.498311
2026-09-24T13:37:45.608626,0.0,0.0,3344,0.0,13320,2.497745,2.497745
2026-09-24T13:37:45.616626,0.0,0.0,3352,0.0,13301,2.494155,2.494155
2026-09-24T13:37:45.624626,0.0,0.0,3360,0.0,13305,2.494825,2.494825
2026-09-24T13:37:45.632626,0.0,0.0,3368,0.0,13345,2.502314,2.502314
2026-09-24T13:37:45.640626,0.0,0.0,3376,0.0,13349,2.503192,2.503192
2026-09-24T13:37:45.648626,0.0,0.0,3384,0.0,13310,2.495885,2.495885
2026-09-24T13:37:45.656626,0.0,0.0,3392,0.0,13365,2.506133,2.506133
2026-09-24T13:37:45.664626,0.0,0.0,3400,0.0,13316,2.496932,2.496932
2026-09-24T13:37:45.672626,0.0,0.0,3408,0.0,13333,2.500169,2.500169
2026-09-24T13:37:45.680626,0.0,0.0,3416,0.0,13354,2.504131,2.504131
2026-09-24T13:37:45.688626,0.0,0.0,3424,0.0,13341,2.501618,2.501618
2026-09-24T13:37:45.696626,0.0,0.0,3432,0.0,13311,2.496054,2.496054
2026-09-24T13:37:45.704626,0.0,0.0,3440,0.0,13321,2.497936,2.497936
2026-09-24T13:37:45.712626,0.0,0.0,3448,0.0,13330,2.499639,2.499639
2026-09-24T13:37:45.720626,0.0,0.0,3456,0.0,13332,2.49997,2.49997
2026-09-24T13:37:45.728626,0.0,0.0,3464,0.0,13363,2.505812,2.505812
2026-09-24T13:37:45.736626,0.0,0.0,3472,0.0,13345,2.502401,2.502401
2026-09-24T13:37:45.744626,0.0,0.0,3480,0.0,13288,2.491599,2.491599
2026-09-24T13:37:45.752626,0.0,0.0,3488,0.0,13305,2.494765,2.494765
2026-09-24T13:37:45.760626,0.0,0.0,3496,0.0,13352,2.503661,2.503661
2026-09-24T13:37:45.768626,0.0,0.0,3504,0.0,13355,2.504169,2.504169
2026-09-24T13:37:45.776626,0.0,0.0,3512,0.0,13317,2.497022,2.497022
2026-09-24T13:37:45.784626,0.0,0.0,3520,0.0,13338,2.501019,2.501019
2026-09-24T13:37:45.792626,0.0,0.0,3528,0.0,13294,2.492864,2.492864
2026-09-24T13:37:45.800626,0.0,0.0,3536,0.0,13310,2.495764,2.495764
2026-09-24T13:37:45.808626,0.0,0.0,3544,0.0,13322,2.49808,2.49808
2026-09-24T13:37:45.816626,0.0,0.0,3552,0.0,13329,2.499297,2.499297
2026-09-24T13:37:45.824626,0.0,0.0,3560,0.0,13364,2.50587,2.50587
2026-09-24T13:37:45.832626,0.0,0.0,3568,0.0,13354,2.504116,2.504116
2026-09-24T13:37:45.840626,0.0,0.0,3576,0.0,13314,2.496557,2.496557
2026-09-24T13:37:45.848626,0.0,0.0,3584,0.0,13339,2.501283,2.501283
2026-09-24T13:37:45.856626,0.0,0.0,3592,0.0,13345,2.502431,2.502431
2026-09-24T13:37:45.864626,0.0,0.0,3600,0.0,13344,2.502212,2.502212
2026-09-24T13:37:45.872626,0.0,0.0,3608,0.0,13342,2.501809,2.501809
2026-09-24T13:37:45.880626,0.0,0.0,3616,0.0,13325,2.49852,2.49852
2026-09-24T13:37:45.888626,0.0,0.0,3624,0.0,13328,2.499202,2.499202
2026-09-24T13:37:45.896626,0.0,0.0,3632,0.0,13322,2.497954,2.497954
2026-09-24T13:37:45.904626,0.0,0.0,3640,0.0,13390,2.510799,2.510799
2026-09-24T13:37:45.912626,0.0,0.0,3648,0.0,13303,2.494547,2.494547
2026-09-24T13:37:45.920626,0.0,0.0,3656,0.0,13325,2.498677,2.498677
2026-09-24T13:37:45.928626,0.0,0.0,3664,0.0,13336,2.500675,2.500675
2026-09-24T13:37:45.936626,0.0,0.0,3672,0.0,13321,2.497844,2.497844
2026-09-24T13:37:45.944626,0.0,0.0,3680,0.0,13342,2.501872,2.501872
2026-09-24T13:37:45.952626,0.0,0.0,3688,0.0,13302,2.494341,2.494341
2026-09-24T13:37:45.960626,0.0,0.0,3696,0.0,13337,2.50095,2.50095
2026-09-24T13:37:45.968626,0.0,0.0,3704,0.0,13363,2.505732,2.505732
2026-09-24T13:37:45.976626,0.0,0.0,3712,0.0,13328,2.499224,2.499224
2026-09-24T13:37:45.984626,0.0,0.0,3720,0.0,13332,2.499989,2.499989
2026-09-24T13:37:45.992626,0.0,0.0,3728,0.0,13348,2.502991,2.502991
2026-09-24T13:37:46.000626,0.0,0.0,3736,0.0,13349,2.503137,2.503137
2026-09-24T13:37:46.008626,0.0,0.0,3744,0.0,13324,2.498347,2.498347
2026-09-24T13:37:46.016626,0.0,0.0,3752,0.0,13345,2.502378,2.502378
2026-09-24T13:37:46.024626,0.0,0.0,3760,0.0,13343,2.502028,2.502028
2026-09-24T13:37:46.032626,0.0,0.0,3768,0.0,13336,2.500649,2.500649
2026-09-24T13:37:46.040626,0.0,0.0,3776,0.0,13335,2.50056,2.50056
2026-09-24T13:37:46.048626,0.0,0.0,3784,0.0,13317,2.497145,2.497145
2026-09-24T13:37:46.056626,0.0,0.0,3792,0.0,13349,2.503073,2.503073
2026-09-24T13:37:46.064626,0.0,0.0,3800,0.0,13329,2.49938,2.49938
2026-09-24T13:37:46.072626,0.0,0.0,3808,0.0,13366,2.506297,2.506297
2026-09-24T13:37:46.080626,0.0,0.0,3816,0.0,13318,2.497322,2.497322
2026-09-24T13:37:46.088626,0.0,0.0,3824,0.0,13335,2.500418,2.500418
2026-09-24T13:37:46.096626,0.0,0.0,3832,0.0,13348,2.503003,2.503003
2026-09-24T13:37:46.104626,0.0,0.0,3840,0.0,13358,2.504732,2.504732
2026-09-24T13:37:46.112626,0.0,0.0,3848,0.0,13357,2.504537,2.504537
2026-09-24T13:37:46.120626,0.0,0.0,3856,0.0,13337,2.500941,2.500941
2026-09-24T13:37:46.128626,0.0,0.0,3864,0.0,13334,2.50023,2.50023
2026-09-24T13:37:46.136626,0.0,0.0,3872,0.0,13324,2.498337,2.498337
2026-09-24T13:37:46.144626,0.0,0.0,3880,0.0,13343,2.501958,2.501958
2026-09-24T13:37:46.152626,0.0,0.0,3888,0.0,13358,2.504789,2.504789
2026-09-24T13:37:46.160626,0.0,0.0,3896,0.0,13322,2.497961,2.497961
2026-09-24T13:37:46.168626,0.0,0.0,3904,0.0,13347,2.502808,2.502808
2026-09-24T13:37:46.176626,0.0,0.0,3912,0.0,13334,2.500336,2.500336
2026-09-24T13:37:46.184626,0.0,0.0,3920,0.0,13327,2.498948,2.498948
2026-09-24T13:37:46.192626,0.0,0.0,3928,0.0,13337,2.500914,2.500914
2026-09-24T13:37:46.200626,0.0,0.0,3936,0.0,13325,2.498646,2.498646
2026-09-24T13:37:46.208626,0.0,0.0,3944,0.0,13334,2.500246,2.500246
2026-09-24T13:37:46.216626,0.0,0.0,3952,0.0,13361,2.505347,2.505347
2026-09-24T13:37:46.224626,0.0,0.0,3960,0.0,13317,2.497128,2.497128
2026-09-24T13:37:46.232626,0.0,0.0,3968,0.0,13335,2.500427,2.500427
2026-09-24T13:37:46.240626,0.0,0.0,3976,0.0,13326,2.498752,2.498752
2026-09-24T13:37:46.248626,0.0,0.0,3984,0.0,13331,2.499801,2.499801
2026-09-24T13:37:46.256626,0.0,0.0,3992,0.0,13350,2.503371,2.503371
2026-09-24T13:37:46.264626,0.0,0.0,4000,0.0,13341,2.50159,2.50159
2026-09-24T13:37:46.272626,0.0,0.0,4008,0.0,13348,2.502951,2.502951
2026-09-24T13:37:46.280626,0.0,0.0,4016,0.0,13355,2.504298,2.504298
2026-09-24T13:37:46.288626,0.0,0.0,4024,0.0,13341,2.501567,2.501567
2026-09-24T13:37:46.296626,0.0,0.0,4032,0.0,13343,2.502022,2.502022
2026-09-24T13:37:46.304626,0.0,0.0,4040,0.0,13330,2.499536,2.499536
2026-09-24T13:37:46.312626,0.0,0.0,4048,0.0,13333,2.50005,2.50005
2026-09-24T13:37:46.320626,0.0,0.0,4056,0.0,13322,2.49799,2.49799
2026-09-24T13:37:46.328626,0.0,0.0,4064,0.0,13335,2.50054,2.50054
2026-09-24T13:37:46.336626,0.0,0.0,4072,0.0,13321,2.497879,2.497879
2026-09-24T13:37:46.344626,0.0,0.0,4080,0.0,13369,2.506933,2.506933
2026-09-24T13:37:46.352626,0.0,0.0,4088,0.0,13330,2.499627,2.499627
2026-09-24T13:37:46.360626,0.0,0.0,4096,0.0,13349,2.503115,2.503115
2026-09-24T13:37:46.368626,0.0,0.0,4104,0.0,13304,2.494758,2.494758
2026-09-24T13:37:46.376626,0.0,0.0,4112,0.0,13339,2.501231,2.501231
2026-09-24T13:37:46.384626,0.0,0.0,4120,0.0,13314,2.496554,2.496554
2026-09-24T13:37:46.392626,0.0,0.0,4128,0.0,13336,2.500659,2.500659
2026-09-24T13:37:46.400626,0.0,0.0,4136,0.0,13330,2.499616,2.499616
2026-09-24T13:37:46.408626,0.0,0.0,4144,0.0,13345,2.502322,2.502322
2026-09-24T13:37:46.416626,0.0,0.0,4152,0.0,13349,2.503089,2.503089
2026-09-24T13:37:46.424626,0.0,0.0,4160,0.0,13317,2.497028,2.497028
2026-09-24T13:37:46.432626,0.0,0.0,4168,0.0,13330,2.49962,2.49962
2026-09-24T13:37:46.440626,0.0,0.0,4176,0.0,13334,2.500345,2.500345
2026-09-24T13:37:46.448626,0.0,0.0,4184,0.0,13340,2.501429,2.501429
2026-09-24T13:37:46.456626,0.0,0.0,4192,0.0,13322,2.498129,2.498129
2026-09-24T13:37:46.464626,0.0,0.0,4200,0.0,13319,2.497393,2.497393
2026-09-24T13:37:46.472626,0.0,0.0,4208,0.0,13326,2.498847,2.498847
2026-09-24T13:37:46.480626,0.0,0.0,4216,0.0,13319,2.497522,2.497522
2026-09-24T13:37:46.488626,0.0,0.0,4224,0.0,13354,2.503976,2.503976
2026-09-24T13:37:46.496626,0.0,0.0,4232,0.0,13347,2.502671,2.502671
2026-09-24T13:37:46.504626,0.0,0.0,4240,0.0,13334,2.500305,2.500305
2026-09-24T13:37:46.512626,0.0,0.0,4248,0.0,13313,2.496336,2.496336
2026-09-24T13:37:46.520626,0.0,0.0,4256,0.0,13329,2.499298,2.499298
2026-09-24T13:37:46.528626,0.0,0.0,4264,0.0,13323,2.498243,2.498243
2026-09-24T13:37:46.536626,0.0,0.0,4272,0.0,13306,2.494998,2.494998
2026-09-24T13:37:46.544626,0.0,0.0,4280,0.0,13335,2.500479,2.500479
2026-09-24T13:37:46.552626,0.0,0.0,4288,0.0,13301,2.494171,2.494171
2026-09-24T13:37:46.560626,0.0,0.0,4296,0.0,13320,2.497672,2.497672
2026-09-24T13:37:46.568626,0.0,0.0,4304,0.0,13337,2.500774,2.500774
2026-09-24T13:37:46.576626,0.0,0.0,4312,0.0,13337,2.500935,2.500935
2026-09-24T13:37:46.584626,0.0,0.0,4320,0.0,13331,2.499726,2.499726
2026-09-24T13:37:46.592626,0.0,0.0,4328,0.0,13360,2.50523,2.50523
2026-09-24T13:37:46.600626,0.0,0.0,4336,0.0,13362,2.505555,2.505555
2026-09-24T13:37:46.608626,0.0,0.0,4344,0.0,13344,2.502095,2.502095
2026-09-24T13:37:46.616626,0.0,0.0,4352,0.0,13317,2.497033,2.497033
2026-09-24T13:37:46.624626,0.0,0.0,4360,0.0,13334,2.500266,2.500266
2026-09-24T13:37:46.632626,0.0,0.0,4368,0.0,13336,2.500613,2.500613
2026-09-24T13:37:46.640626,0.0,0.0,4376,0.0,13365,2.506074,2.506074
2026-09-24T13:37:46.648626,0.0,0.0,4384,0.0,13321,2.4979,2.4979
2026-09-24T13:37:46.656626,0.0,0.0,4392,0.0,13351,2.503575,2.503575
2026-09-24T13:37:46.664626,0.0,0.0,4400,0.0,13361,2.505402,2.505402
2026-09-24T13:37:46.672626,0.0,0.0,4408,0.0,13320,2.497689,2.497689
2026-09-24T13:37:46.680626,0.0,0.0,4416,0.0,13327,2.498894,2.498894
2026-09-24T13:37:46.688626,0.0,0.0,4424,0.0,13361,2.505306,2.505306
2026-09-24T13:37:46.696626,0.0,0.0,4432,0.0,13326,2.498832,2.498832
2026-09-24T13:37:46.704626,0.0,0.0,4440,0.0,13325,2.498613,2.498613
2026-09-24T13:37:46.712626,0.0,0.0,4448,0.0,13324,2.498484,2.498484
2026-09-24T13:37:46.720626,0.0,0.0,4456,0.0,13336,2.50062,2.50062
2026-09-24T13:37:46.728626,0.0,0.0,4464,0.0,13337,2.500893,2.500893
2026-09-24T13:37:46.736626,0.0,0.0,4472,0.0,13328,2.499151,2.499151
2026-09-24T13:37:46.744626,0.0,0.0,4480,0.0,13339,2.50128,2.50128
2026-09-24T13:37:46.752626,0.0,0.0,4488,0.0,13314,2.496457,2.496457
2026-09-24T13:37:46.760626,0.0,0.0,4496,0.0,13348,2.502882,2.502882
2026-09-24T13:37:46.768626,0.0,0.0,4504,0.0,13328,2.499147,2.499147
2026-09-24T13:37:46.776626,0.0,0.0,4512,0.0,13336,2.500588,2.500588
2026-09-24T13:37:46.784626,0.0,0.0,4520,0.0,13318,2.497265,2.497265
2026-09-24T13:37:46.792626,0.0,0.0,4528,0.0,13358,2.504818,2.504818
2026-09-24T13:37:46.800626,0.0,0.0,4536,0.0,13318,2.497322,2.497322
2026-09-24T13:37:46.808626,0.0,0.0,4544,0.0,13317,2.497178,2.497178
2026-09-24T13:37:46.816626,0.0,0.0,4552,0.0,13350,2.50336,2.50336
2026-09-24T13:37:46.824626,0.0,0.0,4560,0.0,13327,2.499075,2.499075
2026-09-24T13:37:46.832626,0.0,0.0,4568,0.0,13361,2.505421,2.505421
2026-09-24T13:37:46.840626,0.0,0.0,4576,0.0,13311,2.495959,2.495959
2026-09-24T13:37:46.848626,0.0,0.0,4584,0.0,13344,2.50213,2.50213
2026-09-24T13:37:46.856626,0.0,0.0,4592,0.0,13324,2.498356,2.498356
2026-09-24T13:37:46.864626,0.0,0.0,4600,0.0,13339,2.50129,2.50129
2026-09-24T13:37:46.872626,0.0,0.0,4608,0.0,13363,2.505684,2.505684
2026-09-24T13:37:46.880626,0.0,0.0,4616,0.0,13362,2.505614,2.505614
2026-09-24T13:37:46.888626,0.0,0.0,4624,0.0,13324,2.498511,2.498511
2026-09-24T13:37:46.896626,0.0,0.0,4632,0.0,13321,2.497884,2.497884
2026-09-24T13:37:46.904626,0.0,0.0,4640,0.0,13302,2.494271,2.494271
2026-09-24T13:37:46.912626,0.0,0.0,4648,0.0,13302,2.494276,2.494276
2026-09-24T13:37:46.920626,0.0,0.0,4656,0.0,13317,2.497163,2.497163
2026-09-24T13:37:46.928626,0.0,0.0,4664,0.0,13321,2.497916,2.497916
2026-09-24T13:37:46.936626,0.0,0.0,4672,0.0,13312,2.496131,2.496131
2026-09-24T13:37:46.944626,0.0,0.0,4680,0.0,13351,2.503527,2.503527
2026-09-24T13:37:46.952626,0.0,0.0,4688,0.0,13348,2.502904,2.502904
2026-09-24T13:37:46.960626,0.0,0.0,4696,0.0,13313,2.496442,2.496442
2026-09-24T13:37:46.968626,0.0,0.0,4704,0.0,13339,2.501238,2.501238
2026-09-24T13:37:46.976626,0.0,0.0,4712,0.0,13358,2.504875,2.504875
2026-09-24T13:37:46.984626,0.0,0.0,4720,0.0,13350,2.503302,2.503302
2026-09-24T13:37:46.992626,0.0,0.0,4728,0.0,13323,2.498289,2.498289
2026-09-24T13:37:47.000626,0.0,0.0,4736,0.0,13315,2.496771,2.496771
2026-09-24T13:37:47.008626,0.0,0.0,4744,0.0,13305,2.494786,2.494786
2026-09-24T13:37:47.016626,0.0,0.0,4752,0.0,13317,2.497146,2.497146
2026-09-24T13:37:47.024626,0.0,0.0,4760,0.0,13332,2.499907,2.499907
2026-09-24T13:37:47.032626,0.0,0.0,4768,0.0,13321,2.497812,2.497812
2026-09-24T13:37:47.040626,0.0,0.0,4776,0.0,13304,2.494594,2.494594
2026-09-24T13:37:47.048626,0.0,0.0,4784,0.0,13305,2.494832,2.494832
2026-09-24T13:37:47.056626,0.0,0.0,4792,0.0,13326,2.498803,2.498803
2026-09-24T13:37:47.064626,0.0,0.0,4800,0.0,13322,2.49805,2.49805
2026-09-24T13:37:47.072626,0.0,0.0,4808,0.0,13405,2.513651,2.513651
2026-09-24T13:37:47.080626,0.0,0.0,4816,0.0,13322,2.497973,2.497973
2026-09-24T13:37:47.088626,0.0,0.0,4824,0.0,13307,2.495181,2.495181
2026-09-24T13:37:47.096626,0.0,0.0,4832,0.0,13333,2.500195,2.500195
2026-09-24T13:37:47.104626,0.0,0.0,4840,0.0,13344,2.502261,2.502261
2026-09-24T13:37:47.112626,0.0,0.0,4848,0.0,13373,2.507607,2.507607
2026-09-24T13:37:47.120626,0.0,0.0,4856,0.0,13372,2.507454,2.507454
2026-09-24T13:37:47.128626,0.0,0.0,4864,0.0,13333,2.500026,2.500026
2026-09-24T13:37:47.136626,0.0,0.0,4872,0.0,13363,2.50574,2.50574
2026-09-24T13:37:47.144626,0.0,0.0,4880,0.0,13339,2.501211,2.501211
2026-09-24T13:37:47.152626,0.0,0.0,4888,0.0,13316,2.496981,2.496981
2026-09-24T13:37:47.160626,0.0,0.0,4896,0.0,13348,2.502991,2.502991
2026-09-24T13:37:47.168626,0.0,0.0,4904,0.0,13345,2.502435,2.502435
2026-09-24T13:37:47.176626,0.0,0.0,4912,0.0,13348,2.502985,2.502985
2026-09-24T13:37:47.184626,0.0,0.0,4920,0.0,13335,2.500476,2.500476
2026-09-24T13:37:47.192626,0.0,0.0,4928,0.0,13344,2.502149,2.502149
2026-09-24T13:37:47.200626,0.0,0.0,4936,0.0,13327,2.499006,2.499006
2026-09-24T13:37:47.208626,0.0,0.0,4944,0.0,13363,2.50567,2.50567
2026-09-24T13:37:47.216626,0.0,0.0,4952,0.0,13340,2.501446,2.501446
2026-09-24T13:37:47.224626,0.0,0.0,4960,0.0,13334,2.500345,2.500345
2026-09-24T13:37:47.232626,0.0,0.0,4968,0.0,13302,2.494387,2.494387
2026-09-24T13:37:47.240626,0.0,0.0,4976,0.0,13297,2.493272,2.493272
2026-09-24T13:37:47.248626,0.0,0.0,4984,0.0,13336,2.500593,2.500593
2026-09-24T13:37:47.256626,0.0,0.0,4992,0.0,13329,2.499323,2.499323
2026-09-24T13:37:47.264626,0.0,0.0,5000,0.0,13327,2.498957,2.498957
2026-09-24T13:37:47.272626,0.0,0.0,5008,0.0,13323,2.498244,2.498244
2026-09-24T13:37:47.280626,0.0,0.0,5016,0.0,13354,2.503969,2.503969
2026-09-24T13:37:47.288626,0.0,0.0,5024,0.0,13356,2.504352,2.504352
2026-09-24T13:37:47.296626,0.0,0.0,5032,0.0,13311,2.495905,2.495905
2026-09-24T13:37:47.304626,0.0,0.0,5040,0.0,13339,2.501217,2.501217
2026-09-24T13:37:47.312626,0.0,0.0,5048,0.0,13323,2.498237,2.498237
2026-09-24T13:37:47.320626,0.0,0.0,5056,0.0,13342,2.501842,2.501842
2026-09-24T13:37:47.328626,0.0,0.0,5064,0.0,13315,2.496646,2.496646
2026-09-24T13:37:47.336626,0.0,0.0,5072,0.0,13349,2.503165,2.503165
2026-09-24T13:37:47.344626,0.0,0.0,5080,0.0,13323,2.498169,2.498169
2026-09-24T13:37:47.352626,0.0,0.0,5088,0.0,13356,2.504449,2.504449
2026-09-24T13:37:47.360626,0.0,0.0,5096,0.0,13347,2.50281,2.50281
2026-09-24T13:37:47.368626,0.0,0.0,5104,0.0,13333,2.500131,2.500131
2026-09-24T13:37:47.376626,0.0,0.0,5112,0.0,13344,2.502097,2.502097
2026-09-24T13:38:42.264626,2.0,0.2,0,1.5,14780,2.771365,2.771365
2026-09-24T13:38:42.272626,2.0,0.2,8,1.5,14814,2.777746,2.777746
2026-09-24T13:38:42.280626,2.0,0.2,16,1.5,14808,2.776587,2.776587
2026-09-24T13:38:42.288626,2.0,0.2,24,1.5,14794,2.774046,2.774046
2026-09-24T13:38:42.296626,2.0,0.2,32,1.5,14774,2.770212,2.770212
2026-09-24T13:38:42.304626,2.0,0.2,40,1.5,14784,2.772161,2.772161
2026-09-24T13:38:42.312626,2.0,0.2,48,1.5,14813,2.777537,2.777537
2026-09-24T13:38:42.320626,2.0,0.2,56,1.5,14806,2.776217,2.776217
2026-09-24T13:38:42.328626,2.0,0.2,64,1.5,14810,2.777043,2.777043
2026-09-24T13:38:42.336626,2.0,0.2,72,1.5,14786,2.772545,2.772545
2026-09-24T13:38:42.344626,2.0,0.2,80,1.5,14810,2.776999,2.776999
2026-09-24T13:38:42.352626,2.0,0.2,88,1.5,14830,2.78083,2.78083
2026-09-24T13:38:42.360626,2.0,0.2,96,1.5,14784,2.772203,2.772203
2026-09-24T13:38:42.368626,2.0,0.2,104,1.5,14766,2.768727,2.768727
2026-09-24T13:38:42.376626,2.0,0.2,112,1.5,14772,2.769921,2.769921
2026-09-24T13:38:42.384626,2.0,0.2,120,1.5,14796,2.774486,2.774486
2026-09-24T13:38:42.392626,2.0,0.2,128,1.5,14789,2.773153,2.773153
2026-09-24T13:38:42.400626,2.0,0.2,136,1.5,14804,2.775951,2.775951
2026-09-24T13:38:42.408626,2.0,0.2,144,1.5,14797,2.774523,2.774523
2026-09-24T13:38:42.416626,2.0,0.2,152,1.5,14817,2.778341,2.778341
2026-09-24T13:38:42.424626,2.0,0.2,160,1.5,14810,2.777005,2.777005
2026-09-24T13:38:42.432626,2.0,0.2,168,1.5,14789,2.773092,2.773092
2026-09-24T13:38:42.440626,2.0,0.2,176,1.5,14802,2.775614,2.775614
2026-09-24T13:38:42.448626,2.0,0.2,184,1.5,14817,2.778406,2.778406
2026-09-24T13:38:42.456626,2.0,0.2,192,1.5,14785,2.772339,2.772339
2026-09-24T13:38:42.464626,2.0,0.2,200,1.5,14805,2.77607,2.77607
2026-09-24T13:38:42.472626,2.0,0.2,208,1.5,14780,2.771505,2.771505
2026-09-24T13:38:42.480626,2.0,0.2,216,1.5,14783,2.772031,2.772031
2026-09-24T13:38:42.488626,2.0,0.2,224,1.5,14819,2.778814,2.778814
2026-09-24T13:38:42.496626,2.0,0.2,232,1.5,14817,2.778427,2.778427
2026-09-24T13:38:42.504626,2.0,0.2,240,1.5,14788,2.772935,2.772935
2026-09-24T13:38:42.512626,2.0,0.2,248,1.5,14836,2.781975,2.781975
2026-09-24T13:38:42.520626,2.0,0.2,256,1.5,14815,2.778004,2.778004
2026-09-24T13:38:42.528626,2.0,0.2,264,1.5,14822,2.779278,2.779278
2026-09-24T13:38:42.536626,2.0,0.2,272,1.5,14826,2.780022,2.780022
2026-09-24T13:38:42.544626,2.0,0.2,280,1.5,14814,2.777787,2.777787
2026-09-24T13:38:42.552626,2.0,0.2,288,1.5,14755,2.766804,2.766804
2026-09-24T13:38:42.560626,2.0,0.2,296,1.5,14826,2.779969,2.779969
2026-09-24T13:38:42.568626,2.0,0.2,304,1.5,14796,2.774398,2.774398
2026-09-24T13:38:42.576626,2.0,0.2,312,1.5,14808,2.776706,2.776706
2026-09-24T13:38:42.584626,2.0,0.2,320,1.5,14799,2.775082,2.775082
2026-09-24T13:38:42.592626,2.0,0.2,328,1.5,14798,2.774852,2.774852
2026-09-24T13:38:42.600626,2.0,0.2,336,1.5,14814,2.777762,2.777762
2026-09-24T13:38:42.608626,2.0,0.2,344,1.5,14794,2.774142,2.774142
2026-09-24T13:38:42.616626,2.0,0.2,352,1.5,14805,2.776101,2.776101
2026-09-24T13:38:42.624626,2.0,0.2,360,1.5,14809,2.776786,2.776786
2026-09-24T13:38:42.632626,2.0,0.2,368,1.5,14781,2.771656,2.771656
2026-09-24T13:38:42.640626,2.0,0.2,376,1.5,14781,2.771537,2.771537
2026-09-24T13:38:42.648626,2.0,0.2,384,1.5,14768,2.769112,2.769112
2026-09-24T13:38:42.656626,2.0,0.2,392,1.5,14781,2.771542,2.771542
2026-09-24T13:38:42.664626,2.0,0.2,400,1.5,14808,2.776606,2.776606
2026-09-24T13:38:42.672626,2.0,0.2,408,1.5,14799,2.77498,2.77498
2026-09-24T13:38:42.680626,2.0,0.2,416,1.5,14793,2.773925,2.773925
2026-09-24T13:38:42.688626,2.0,0.2,424,1.5,14837,2.782198,2.782198
2026-09-24T13:38:42.696626,2.0,0.2,432,1.5,14818,2.778556,2.778556
2026-09-24T13:38:42.704626,2.0,0.2,440,1.5,14798,2.774878,2.774878
2026-09-24T13:38:42.712626,2.0,0.2,448,1.5,14798,2.774804,2.774804
2026-09-24T13:38:42.720626,2.0,0.2,456,1.5,14763,2.768231,2.768231
2026-09-24T13:38:42.728626,2.0,0.2,464,1.5,14794,2.774001,2.774001
2026-09-24T13:38:42.736626,2.0,0.2,472,1.5,14815,2.778084,2.778084
2026-09-24T13:38:42.744626,2.0,0.2,480,1.5,14795,2.774147,2.774147
2026-09-24T13:38:42.752626,2.0,0.2,488,1.5,14798,2.774855,2.774855
2026-09-24T13:38:42.760626,2.0,0.2,496,1.5,14845,2.783708,2.783708
2026-09-24T13:38:42.768626,2.0,0.2,504,1.5,14788,2.773005,2.773005
2026-09-24T13:38:42.776626,2.0,0.2,512,1.5,14787,2.772736,2.772736
2026-09-24T13:38:42.784626,2.0,0.2,520,1.5,14811,2.777262,2.777262
2026-09-24T13:38:42.792626,2.0,0.2,528,1.5,14786,2.772636,2.772636
2026-09-24T13:38:42.800626,2.0,0.2,536,1.5,14773,2.770101,2.770101
2026-09-24T13:38:42.808626,2.0,0.2,544,1.5,14769,2.769431,2.769431
2026-09-24T13:38:42.816626,2.0,0.2,552,1.5,14788,2.772863,2.772863
2026-09-24T13:38:42.824626,2.0,0.2,560,1.5,14804,2.775911,2.775911
2026-09-24T13:38:42.832626,2.0,0.2,568,1.5,14768,2.769174,2.769174
2026-09-24T13:38:42.840626,2.0,0.2,576,1.5,14792,2.773771,2.773771
2026-09-24T13:38:42.848626,2.0,0.2,584,1.5,14778,2.771111,2.771111
2026-09-24T13:38:42.856626,2.0,0.2,592,1.5,14803,2.775689,2.775689
2026-09-24T13:38:42.864626,2.0,0.2,600,1.5,14789,2.773147,2.773147
2026-09-24T13:38:42.872626,2.0,0.2,608,1.5,14781,2.771688,2.771688
2026-09-24T13:38:42.880626,2.0,0.2,616,1.5,14793,2.773853,2.773853
2026-09-24T13:38:42.888626,2.0,0.2,624,1.5,14824,2.779667,2.779667
2026-09-24T13:38:42.896626,2.0,0.2,632,1.5,14786,2.772615,2.772615
2026-09-24T13:38:42.904626,2.0,0.2,640,1.5,14803,2.775828,2.775828
2026-09-24T13:38:42.912626,2.0,0.2,648,1.5,14809,2.776932,2.776932
2026-09-24T13:38:42.920626,2.0,0.2,656,1.5,14780,2.771398,2.771398
2026-09-24T13:38:42.928626,2.0,0.2,664,1.5,14829,2.780629,2.780629
2026-09-24T13:38:42.936626,2.0,0.2,672,1.5,14804,2.775967,2.775967
2026-09-24T13:38:42.944626,2.0,0.2,680,1.5,14828,2.780508,2.780508
2026-09-24T13:38:42.952626,2.0,0.2,688,1.5,14806,2.776253,2.776253
2026-09-24T13:38:42.960626,2.0,0.2,696,1.5,14778,2.771006,2.771006
2026-09-24T13:38:42.968626,2.0,0.2,704,1.5,14790,2.773225,2.773225
2026-09-24T13:38:42.976626,2.0,0.2,712,1.5,14804,2.775959,2.775959
2026-09-24T13:38:42.984626,2.0,0.2,720,1.5,14785,2.772335,2.772335
2026-09-24T13:38:42.992626,2.0,0.2,728,1.5,14813,2.777598,2.777598
2026-09-24T13:38:43.000626,2.0,0.2,736,1.5,14829,2.780616,2.780616
2026-09-24T13:38:43.008626,2.0,0.2,744,1.5,14770,2.769502,2.769502
2026-09-24T13:38:43.016626,2.0,0.2,752,1.5,14797,2.774604,2.774604
2026-09-24T13:38:43.024626,2.0,0.2,760,1.5,14812,2.777417,2.777417
2026-09-24T13:38:43.032626,2.0,0.2,768,1.5,14786,2.77261,2.77261
2026-09-24T13:38:43.040626,2.0,0.2,776,1.5,14808,2.776756,2.776756
2026-09-24T13:38:43.048626,2.0,0.2,784,1.5,14798,2.774739,2.774739
2026-09-24T13:38:43.056626,2.0,0.2,792,1.5,14775,2.770451,2.770451
2026-09-24T13:38:43.064626,2.0,0.2,800,1.5,14804,2.775915,2.775915
2026-09-24T13:38:43.072626,2.0,0.2,808,1.5,14796,2.774452,2.774452
2026-09-24T13:38:43.080626,2.0,0.2,816,1.5,14807,2.776499,2.776499
2026-09-24T13:38:43.088626,2.0,0.2,824,1.5,14796,2.774452,2.774452
2026-09-24T13:38:43.096626,2.0,0.2,832,1.5,14805,2.776073,2.776073
2026-09-24T13:38:43.104626,2.0,0.2,840,1.5,14831,2.781002,2.781002
2026-09-24T13:38:43.112626,2.0,0.2,848,1.5,14808,2.776729,2.776729
2026-09-24T13:38:43.120626,2.0,0.2,856,1.5,14803,2.775701,2.775701
2026-09-24T13:38:43.128626,2.0,0.2,864,1.5,14813,2.777543,2.777543
2026-09-24T13:38:43.136626,2.0,0.2,872,1.5,14818,2.778572,2.778572
2026-09-24T13:38:43.144626,2.0,0.2,880,1.5,14768,2.769164,2.769164
2026-09-24T13:38:43.152626,2.0,0.2,888,1.5,14795,2.774232,2.774232
2026-09-24T13:38:43.160626,2.0,0.2,896,1.5,14823,2.779413,2.779413
2026-09-24T13:38:43.168626,2.0,0.2,904,1.5,14748,2.765513,2.765513
2026-09-24T13:38:43.176626,2.0,0.2,912,1.5,14775,2.770526,2.770526
2026-09-24T13:38:43.184626,2.0,0.2,920,1.5,14847,2.784053,2.784053
2026-09-24T13:38:43.192626,2.0,0.2,928,1.5,14808,2.776666,2.776666
2026-09-24T13:38:43.200626,2.0,0.2,936,1.5,14808,2.776754,2.776754
2026-09-24T13:38:43.208626,2.0,0.2,944,1.5,14836,2.781941,2.781941
2026-09-24T13:38:43.216626,2.0,0.2,952,1.5,14807,2.776517,2.776517
2026-09-24T13:38:43.224626,2.0,0.2,960,1.5,14782,2.77182,2.77182
2026-09-24T13:38:43.232626,2.0,0.2,968,1.5,14793,2.77391,2.77391
2026-09-24T13:38:43.240626,2.0,0.2,976,1.5,14812,2.777466,2.777466
2026-09-24T13:38:43.248626,2.0,0.2,984,1.5,14806,2.776324,2.776324
2026-09-24T13:38:43.256626,2.0,0.2,992,1.5,14786,2.772594,2.772594
2026-09-24T13:38:43.264626,2.0,0.2,1000,1.5,14807,2.776518,2.776518
2026-09-24T13:38:43.272626,2.0,0.2,1008,1.5,14782,2.77178,2.77178
2026-09-24T13:38:43.280626,2.0,0.2,1016,1.5,14806,2.776393,2.776393
2026-09-24T13:38:43.288626,2.0,0.2,1024,1.5,14799,2.774963,2.774963
2026-09-24T13:38:43.296626,2.0,0.2,1032,1.5,14791,2.773565,2.773565
2026-09-24T13:38:43.304626,2.0,0.2,1040,1.5,14795,2.774283,2.774283
2026-09-24T13:38:43.312626,2.0,0.2,1048,1.5,14789,2.773209,2.773209
2026-09-24T13:38:43.320626,2.0,0.2,1056,1.5,14787,2.7727,2.7727
2026-09-24T13:38:43.328626,2.0,0.2,1064,1.5,14829,2.780641,2.780641
2026-09-24T13:38:43.336626,2.0,0.2,1072,1.5,14824,2.779692,2.779692
2026-09-24T13:38:43.344626,2.0,0.2,1080,1.5,14789,2.77304,2.77304
2026-09-24T13:38:43.352626,2.0,0.2,1088,1.5,14790,2.773259,2.773259
2026-09-24T13:38:43.360626,2.0,0.2,1096,1.5,14808,2.776613,2.776613
2026-09-24T13:38:43.368626,2.0,0.2,1104,1.5,14802,2.77549,2.77549
2026-09-24T13:38:43.376626,2.0,0.2,1112,1.5,14812,2.777439,2.777439
2026-09-24T13:38:43.384626,2.0,0.2,1120,1.5,14798,2.77488,2.77488
2026-09-24T13:38:43.392626,2.0,0.2,1128,1.5,14778,2.771057,2.771057
2026-09-24T13:38:43.400626,2.0,0.2,1136,1.5,14816,2.778253,2.778253
2026-09-24T13:38:43.408626,2.0,0.2,1144,1.5,14811,2.777288,2.777288
2026-09-24T13:38:43.416626,2.0,0.2,1152,1.5,14814,2.777861,2.777861
2026-09-24T13:38:43.424626,2.0,0.2,1160,1.5,14836,2.781964,2.781964
2026-09-24T13:38:43.432626,2.0,0.2,1168,1.5,14779,2.771292,2.771292
2026-09-24T13:38:43.440626,2.0,0.2,1176,1.5,14791,2.773537,2.773537
2026-09-24T13:38:43.448626,2.0,0.2,1184,1.5,14822,2.77932,2.77932
2026-09-24T13:38:43.456626,2.0,0.2,1192,1.5,14794,2.77407,2.77407
2026-09-24T13:38:43.464626,2.0,0.2,1200,1.5,14819,2.778804,2.778804
2026-09-24T13:38:43.472626,2.0,0.2,1208,1.5,14789,2.773068,2.773068
2026-09-24T13:38:43.480626,2.0,0.2,1216,1.5,14812,2.777417,2.777417
2026-09-24T13:38:43.488626,2.0,0.2,1224,1.5,14784,2.772091,2.772091
2026-09-24T13:38:43.496626,2.0,0.2,1232,1.5,14816,2.778238,2.778238
2026-09-24T13:38:43.504626,2.0,0.2,1240,1.5,14814,2.77781,2.77781
2026-09-24T13:38:43.512626,2.0,0.2,1248,1.5,14756,2.766924,2.766924
2026-09-24T13:38:43.520626,2.0,0.2,1256,1.5,14818,2.778548,2.778548
2026-09-24T13:38:43.528626,2.0,0.2,1264,1.5,14792,2.773734,2.773734
2026-09-24T13:38:43.536626,2.0,0.2,1272,1.5,14777,2.770948,2.770948
2026-09-24T13:38:43.544626,2.0,0.2,1280,1.5,14799,2.775072,2.775072
2026-09-24T13:38:43.552626,2.0,0.2,1288,1.5,14779,2.77133,2.77133
2026-09-24T13:38:43.560626,2.0,0.2,1296,1.5,14808,2.776625,2.776625
2026-09-24T13:38:43.568626,2.0,0.2,1304,1.5,14763,2.76833,2.76833
2026-09-24T13:38:43.576626,2.0,0.2,1312,1.5,14816,2.778155,2.778155
2026-09-24T13:38:43.584626,2.0,0.2,1320,1.5,14804,2.775967,2.775967
2026-09-24T13:38:43.592626,2.0,0.2,1328,1.5,14782,2.771779,2.771779
2026-09-24T13:38:43.600626,2.0,0.2,1336,1.5,14824,2.77966,2.77966
2026-09-24T13:38:43.608626,2.0,0.2,1344,1.5,14794,2.774045,2.774045
2026-09-24T13:38:43.616626,2.0,0.2,1352,1.5,14805,2.776102,2.776102
2026-09-24T13:38:43.624626,2.0,0.2,1360,1.5,14786,2.772484,2.772484
2026-09-24T13:38:43.632626,2.0,0.2,1368,1.5,14815,2.778083,2.778083
2026-09-24T13:38:43.640626,2.0,0.2,1376,1.5,14794,2.774136,2.774136
2026-09-24T13:38:43.648626,2.0,0.2,1384,1.5,14830,2.780784,2.780784
2026-09-24T13:38:43.656626,2.0,0.2,1392,1.5,14783,2.772007,2.772007
2026-09-24T13:38:43.664626,2.0,0.2,1400,1.5,14804,2.77592,2.77592
2026-09-24T13:38:43.672626,2.0,0.2,1408,1.5,14780,2.771364,2.771364
2026-09-24T13:38:43.680626,2.0,0.2,1416,1.5,14801,2.775322,2.775322
2026-09-24T13:38:43.688626,2.0,0.2,1424,1.5,14810,2.777011,2.777011
2026-09-24T13:38:43.696626,2.0,0.2,1432,1.5,14805,2.776062,2.776062
2026-09-24T13:38:43.704626,2.0,0.2,1440,1.5,14831,2.780905,2.780905
2026-09-24T13:38:43.712626,2.0,0.2,1448,1.5,14795,2.774264,2.774264
2026-09-24T13:38:43.720626,2.0,0.2,1456,1.5,14818,2.778491,2.778491
2026-09-24T13:38:43.728626,2.0,0.2,1464,1.5,14807,2.776482,2.776482
2026-09-24T13:38:43.736626,2.0,0.2,1472,1.5,14810,2.776976,2.776976
2026-09-24T13:38:43.744626,2.0,0.2,1480,1.5,14811,2.777218,2.777218
2026-09-24T13:38:43.752626,2.0,0.2,1488,1.5,14808,2.776761,2.776761
2026-09-24T13:38:43.760626,2.0,0.2,1496,1.5,14792,2.773621,2.773621
2026-09-24T13:38:43.768626,2.0,0.2,1504,1.5,14787,2.772833,2.772833
2026-09-24T13:38:43.776626,2.0,0.2,1512,1.5,14820,2.778864,2.778864
2026-09-24T13:38:43.784626,2.0,0.2,1520,1.5,14819,2.778721,2.778721
2026-09-24T13:38:43.792626,2.0,0.2,1528,1.5,14838,2.78222,2.78222
2026-09-24T13:38:43.800626,2.0,0.2,1536,1.5,14759,2.767472,2.767472
2026-09-24T13:38:43.808626,2.0,0.2,1544,1.5,14826,2.780015,2.780015
2026-09-24T13:38:43.816626,2.0,0.2,1552,1.5,14825,2.779863,2.779863
2026-09-24T13:38:43.824626,2.0,0.2,1560,1.5,14814,2.777842,2.777842
2026-09-24T13:38:43.832626,2.0,0.2,1568,1.5,14811,2.777205,2.777205
2026-09-24T13:38:43.840626,2.0,0.2,1576,1.5,14814,2.777763,2.777763
2026-09-24T13:38:43.848626,2.0,0.2,1584,1.5,14799,2.774932,2.774932
2026-09-24T13:38:43.856626,2.0,0.2,1592,1.5,14781,2.771655,2.771655
2026-09-24T13:38:43.864626,2.0,0.2,1600,1.5,14750,2.765888,2.765888
2026-09-24T13:38:43.872626,2.0,0.2,1608,1.5,14785,2.772306,2.772306
2026-09-24T13:38:43.880626,2.0,0.2,1616,1.5,14786,2.772498,2.772498
2026-09-24T13:38:43.888626,2.0,0.2,1624,1.5,14804,2.775894,2.775894
2026-09-24T13:38:43.896626,2.0,0.2,1632,1.5,14810,2.777006,2.777006
2026-09-24T13:38:43.904626,2.0,0.2,1640,1.5,14771,2.76977,2.76977
2026-09-24T13:38:43.912626,2.0,0.2,1648,1.5,14811,2.777199,2.777199
2026-09-24T13:38:43.920626,2.0,0.2,1656,1.5,14825,2.779775,2.779775
2026-09-24T13:38:43.928626,2.0,0.2,1664,1.5,14837,2.782075,2.782075
2026-09-24T13:38:43.936626,2.0,0.2,1672,1.5,14782,2.771733,2.771733
2026-09-24T13:38:43.944626,2.0,0.2,1680,1.5,14800,2.775263,2.775263
2026-09-24T13:38:43.952626,2.0,0.2,1688,1.5,14820,2.778895,2.778895
2026-09-24T13:38:43.960626,2.0,0.2,1696,1.5,14771,2.769672,2.769672
2026-09-24T13:38:43.968626,2.0,0.2,1704,1.5,14802,2.775552,2.775552
2026-09-24T13:38:43.976626,2.0,0.2,1712,1.5,14819,2.778708,2.778708
2026-09-24T13:38:43.984626,2.0,0.2,1720,1.5,14783,2.771972,2.771972
2026-09-24T13:38:43.992626,2.0,0.2,1728,1.5,14789,2.773103,2.773103
2026-09-24T13:38:44.000626,2.0,0.2,1736,1.5,14806,2.776282,2.776282
2026-09-24T13:38:44.008626,2.0,0.2,1744,1.5,14796,2.774371,2.774371
2026-09-24T13:38:44.016626,2.0,0.2,1752,1.5,14808,2.776663,2.776663
2026-09-24T13:38:44.024626,2.0,0.2,1760,1.5,14799,2.77497,2.77497
2026-09-24T13:38:44.032626,2.0,0.2,1768,1.5,14840,2.782766,2.782766
2026-09-24T13:38:44.040626,2.0,0.2,1776,1.5,14845,2.783584,2.783584
2026-09-24T13:38:44.048626,2.0,0.2,1784,1.5,14796,2.774512,2.774512
2026-09-24T13:38:44.056626,2.0,0.2,1792,1.5,14792,2.77362,2.77362
2026-09-24T13:38:44.064626,2.0,0.2,1800,1.5,14776,2.770594,2.770594
2026-09-24T13:38:44.072626,2.0,0.2,1808,1.5,14822,2.779248,2.779248
2026-09-24T13:38:44.080626,2.0,0.2,1816,1.5,14789,2.773122,2.773122
2026-09-24T13:38:44.088626,2.0,0.2,1824,1.5,14781,2.771695,2.771695
2026-09-24T13:38:44.096626,2.0,0.2,1832,1.5,14777,2.770795,2.770795
2026-09-24T13:38:44.104626,2.0,0.2,1840,1.5,14809,2.776885,2.776885
2026-09-24T13:38:44.112626,2.0,0.2,1848,1.5,14796,2.774389,2.774389
2026-09-24T13:38:44.120626,2.0,0.2,1856,1.5,14804,2.775857,2.775857
2026-09-24T13:38:44.128626,2.0,0.2,1864,1.5,14793,2.773796,2.773796
2026-09-24T13:38:44.136626,2.0,0.2,1872,1.5,14814,2.777756,2.777756
2026-09-24T13:38:44.144626,2.0,0.2,1880,1.5,14790,2.77323,2.77323
2026-09-24T13:38:44.152626,2.0,0.2,1888,1.5,14824,2.779735,2.779735
2026-09-24T13:38:44.160626,2.0,0.2,1896,1.5,14800,2.775137,2.775137
2026-09-24T13:38:44.168626,2.0,0.2,1904,1.5,14824,2.779639,2.779639
2026-09-24T13:38:44.176626,2.0,0.2,1912,1.5,14798,2.77472,2.77472
2026-09-24T13:38:44.184626,2.0,0.2,1920,1.5,14797,2.77463,2.77463
2026-09-24T13:38:44.192626,2.0,0.2,1928,1.5,14822,2.779271,2.779271
2026-09-24T13:38:44.200626,2.0,0.2,1936,1.5,14792,2.773692,2.773692
2026-09-24T13:38:44.208626,2.0,0.2,1944,1.5,14764,2.76834,2.76834
2026-09-24T13:38:44.216626,2.0,0.2,1952,1.5,14801,2.775369,2.775369
2026-09-24T13:38:44.224626,2.0,0.2,1960,1.5,14741,2.764208,2.764208
2026-09-24T13:38:44.232626,2.0,0.2,1968,1.5,14834,2.781639,2.781639
2026-09-24T13:38:44.240626,2.0,0.2,1976,1.5,14804,2.77598,2.77598
2026-09-24T13:38:44.248626,2.0,0.2,1984,1.5,14799,2.774928,2.774928
2026-09-24T13:38:44.256626,2.0,0.2,1992,1.5,14800,2.775124,2.775124
2026-09-24T13:38:44.264626,2.0,0.2,2000,1.5,14816,2.778124,2.778124
2026-09-24T13:38:44.272626,2.0,0.2,2008,1.5,14837,2.782077,2.782077
2026-09-24T13:38:44.280626,2.0,0.2,2016,1.5,14829,2.78069,2.78069
2026-09-24T13:38:44.288626,2.0,0.2,2024,1.5,14790,2.773211,2.773211
2026-09-24T13:38:44.296626,2.0,0.2,2032,1.5,14816,2.778097,2.778097
2026-09-24T13:38:44.304626,2.0,0.2,2040,1.5,14783,2.771971,2.771971
2026-09-24T13:38:44.312626,2.0,0.2,2048,1.5,14822,2.779371,2.779371
2026-09-24T13:38:44.320626,2.0,0.2,2056,1.5,14803,2.775787,2.775787
2026-09-24T13:38:44.328626,2.0,0.2,2064,1.5,14798,2.774807,2.774807
2026-09-24T13:38:44.336626,2.0,0.2,2072,1.5,14783,2.771916,2.771916
2026-09-24T13:38:44.344626,2.0,0.2,2080,1.5,14797,2.774554,2.774554
2026-09-24T13:38:44.352626,2.0,0.2,2088,1.5,14796,2.774428,2.774428
2026-09-24T13:38:44.360626,2.0,0.2,2096,1.5,14802,2.775535,2.775535
2026-09-24T13:38:44.368626,2.0,0.2,2104,1.5,14805,2.776182,2.776182
2026-09-24T13:38:44.376626,2.0,0.2,2112,1.5,14809,2.776915,2.776915
2026-09-24T13:38:44.384626,2.0,0.2,2120,1.5,14807,2.776525,2.776525
2026-09-24T13:38:44.392626,2.0,0.2,2128,1.5,14801,2.775303,2.775303
2026-09-24T13:38:44.400626,2.0,0.2,2136,1.5,14818,2.778594,2.778594
2026-09-24T13:38:44.408626,2.0,0.2,2144,1.5,14814,2.777831,2.777831
2026-09-24T13:38:44.416626,2.0,0.2,2152,1.5,14785,2.772346,2.772346
2026-09-24T13:38:44.424626,2.0,0.2,2160,1.5,14835,2.781677,2.781677
2026-09-24T13:38:44.432626,2.0,0.2,2168,1.5,14793,2.773819,2.773819
2026-09-24T13:38:44.440626,2.0,0.2,2176,1.5,14794,2.773971,2.773971
2026-09-24T13:38:44.448626,2.0,0.2,2184,1.5,14778,2.771135,2.771135
2026-09-24T13:38:44.456626,2.0,0.2,2192,1.5,14852,2.784936,2.784936
2026-09-24T13:38:44.464626,2.0,0.2,2200,1.5,14815,2.778038,2.778038
2026-09-24T13:38:44.472626,2.0,0.2,2208,1.5,14790,2.773216,2.773216
2026-09-24T13:38:44.480626,2.0,0.2,2216,1.5,14800,2.775175,2.775175
2026-09-24T13:38:44.488626,2.0,0.2,2224,1.5,14796,2.774415,2.774415
2026-09-24T13:38:44.496626,2.0,0.2,2232,1.5,14824,2.779616,2.779616
2026-09-24T13:38:44.504626,2.0,0.2,2240,1.5,14840,2.782651,2.782651
2026-09-24T13:38:44.512626,2.0,0.2,2248,1.5,14811,2.77722,2.77722
2026-09-24T13:38:44.520626,2.0,0.2,2256,1.5,14800,2.775244,2.775244
2026-09-24T13:38:44.528626,2.0,0.2,2264,1.5,14807,2.776494,2.776494
2026-09-24T13:38:44.536626,2.0,0.2,2272,1.5,14840,2.782646,2.782646
2026-09-24T13:38:44.544626,2.0,0.2,2280,1.5,14796,2.774447,2.774447
2026-09-24T13:38:44.552626,2.0,0.2,2288,1.5,14789,2.773194,2.773194
2026-09-24T13:38:44.560626,2.0,0.2,2296,1.5,14814,2.777749,2.777749
2026-09-24T13:38:44.568626,2.0,0.2,2304,1.5,14782,2.771884,2.771884
2026-09-24T13:38:44.576626,2.0,0.2,2312,1.5,14800,2.775158,2.775158
2026-09-24T13:38:44.584626,2.0,0.2,2320,1.5,14823,2.779582,2.779582
2026-09-24T13:38:44.592626,2.0,0.2,2328,1.5,14826,2.780136,2.780136
2026-09-24T13:38:44.600626,2.0,0.2,2336,1.5,14831,2.780901,2.780901
2026-09-24T13:38:44.608626,2.0,0.2,2344,1.5,14820,2.778915,2.778915
2026-09-24T13:38:44.616626,2.0,0.2,2352,1.5,14775,2.770555,2.770555
2026-09-24T13:38:44.624626,2.0,0.2,2360,1.5,14821,2.77913,2.77913
2026-09-24T13:38:44.632626,2.0,0.2,2368,1.5,14820,2.778892,2.778892
2026-09-24T13:38:44.640626,2.0,0.2,2376,1.5,14793,2.773859,2.773859
2026-09-24T13:38:44.648626,2.0,0.2,2384,1.5,14818,2.778556,2.778556
2026-09-24T13:38:44.656626,2.0,0.2,2392,1.5,14782,2.771775,2.771775
2026-09-24T13:38:44.664626,2.0,0.2,2400,1.5,14730,2.762077,2.762077
2026-09-24T13:38:44.672626,2.0,0.2,2408,1.5,14814,2.777841,2.777841
2026-09-24T13:38:44.680626,2.0,0.2,2416,1.5,14830,2.780723,2.780723
2026-09-24T13:38:44.688626,2.0,0.2,2424,1.5,14791,2.773474,2.773474
2026-09-24T13:38:44.696626,2.0,0.2,2432,1.5,14817,2.778278,2.778278
2026-09-24T13:38:44.704626,2.0,0.2,2440,1.5,14784,2.772179,2.772179
2026-09-24T13:38:44.712626,2.0,0.2,2448,1.5,14804,2.775948,2.775948
2026-09-24T13:38:44.720626,2.0,0.2,2456,1.5,14808,2.776628,2.776628
2026-09-24T13:38:44.728626,2.0,0.2,2464,1.5,14796,2.774415,2.774415
2026-09-24T13:38:44.736626,2.0,0.2,2472,1.5,14815,2.778021,2.778021
2026-09-24T13:38:44.744626,2.0,0.2,2480,1.5,14779,2.771232,2.771232
2026-09-24T13:38:44.752626,2.0,0.2,2488,1.5,14787,2.772773,2.772773
2026-09-24T13:38:44.760626,2.0,0.2,2496,1.5,14782,2.771718,2.771718
2026-09-24T13:38:44.768626,2.0,0.2,2504,1.5,14825,2.779812,2.779812
2026-09-24T13:38:44.776626,2.0,0.2,2512,1.5,14808,2.776684,2.776684
2026-09-24T13:38:44.784626,2.0,0.2,2520,1.5,14780,2.771389,2.771389
2026-09-24T13:38:44.792626,2.0,0.2,2528,1.5,14806,2.776326,2.776326
2026-09-24T13:38:44.800626,2.0,0.2,2536,1.5,14750,2.765833,2.765833
2026-09-24T13:38:44.808626,2.0,0.2,2544,1.5,14812,2.777367,2.777367
2026-09-24T13:38:44.816626,2.0,0.2,2552,1.5,14853,2.785145,2.785145
2026-09-24T13:38:44.824626,2.0,0.2,2560,1.5,14819,2.77872,2.77872
2026-09-24T13:38:44.832626,2.0,0.2,2568,1.5,14786,2.772524,2.772524
2026-09-24T13:38:44.840626,2.0,0.2,2576,1.5,14800,2.775147,2.775147
2026-09-24T13:38:44.848626,2.0,0.2,2584,1.5,14781,2.771628,2.771628
2026-09-24T13:38:44.856626,2.0,0.2,2592,1.5,14806,2.776247,2.776247
2026-09-24T13:38:44.864626,2.0,0.2,2600,1.5,14807,2.776518,2.776518
2026-09-24T13:38:44.872626,2.0,0.2,2608,1.5,14796,2.774411,2.774411
2026-09-24T13:38:44.880626,2.0,0.2,2616,1.5,14813,2.777571,2.777571
2026-09-24T13:38:44.888626,2.0,0.2,2624,1.5,14812,2.777498,2.777498
2026-09-24T13:38:44.896626,2.0,0.2,2632,1.5,14804,2.775957,2.775957
2026-09-24T13:38:44.904626,2.0,0.2,2640,1.5,14833,2.781407,2.781407
2026-09-24T13:38:44.912626,2.0,0.2,2648,1.5,14797,2.774702,2.774702
2026-09-24T13:38:44.920626,2.0,0.2,2656,1.5,14796,2.774452,2.774452
2026-09-24T13:38:44.928626,2.0,0.2,2664,1.5,14801,2.77532,2.77532
2026-09-24T13:38:44.936626,2.0,0.2,2672,1.5,14793,2.773868,2.773868
2026-09-24T13:38:44.944626,2.0,0.2,2680,1.5,14816,2.778112,2.778112
2026-09-24T13:38:44.952626,2.0,0.2,2688,1.5,14795,2.774321,2.774321
2026-09-24T13:38:44.960626,2.0,0.2,2696,1.5,14813,2.777579,2.777579
2026-09-24T13:38:44.968626,2.0,0.2,2704,1.5,14806,2.7763,2.7763
2026-09-24T13:38:44.976626,2.0,0.2,2712,1.5,14790,2.773249,2.773249
2026-09-24T13:38:44.984626,2.0,0.2,2720,1.5,14799,2.774978,2.774978
2026-09-24T13:38:44.992626,2.0,0.2,2728,1.5,14790,2.773325,2.773325
2026-09-24T13:38:45.000626,2.0,0.2,2736,1.5,14779,2.771178,2.771178
2026-09-24T13:38:45.008626,2.0,0.2,2744,1.5,14786,2.772554,2.772554
2026-09-24T13:38:45.016626,2.0,0.2,2752,1.5,14803,2.775819,2.775819
2026-09-24T13:38:45.024626,2.0,0.2,2760,1.5,14792,2.773673,2.773673
2026-09-24T13:38:45.032626,2.0,0.2,2768,1.5,14822,2.779351,2.779351
2026-09-24T13:38:45.040626,2.0,0.2,2776,1.5,14793,2.773817,2.773817
2026-09-24T13:38:45.048626,2.0,0.2,2784,1.5,14815,2.777907,2.777907
2026-09-24T13:38:45.056626,2.0,0.2,2792,1.5,14791,2.773462,2.773462
2026-09-24T13:38:45.064626,2.0,0.2,2800,1.5,14805,2.776077,2.776077
2026-09-24T13:38:45.072626,2.0,0.2,2808,1.5,14795,2.774309,2.774309
2026-09-24T13:38:45.080626,2.0,0.2,2816,1.5,14814,2.777753,2.777753
2026-09-24T13:38:45.088626,2.0,0.2,2824,1.5,14803,2.775662,2.775662
2026-09-24T13:38:45.096626,2.0,0.2,2832,1.5,14824,2.779752,2.779752
2026-09-24T13:38:45.104626,2.0,0.2,2840,1.5,14763,2.768252,2.768252
2026-09-24T13:38:45.112626,2.0,0.2,2848,1.5,14818,2.778483,2.778483
2026-09-24T13:38:45.120626,2.0,0.2,2856,1.5,14798,2.774758,2.774758
2026-09-24T13:38:45.128626,2.0,0.2,2864,1.5,14818,2.778511,2.778511
2026-09-24T13:38:45.136626,2.0,0.2,2872,1.5,14797,2.774615,2.774615
2026-09-24T13:38:45.144626,2.0,0.2,2880,1.5,14812,2.777394,2.777394
2026-09-24T13:38:45.152626,2.0,0.2,2888,1.5,14813,2.777675,2.777675
2026-09-24T13:38:45.160626,2.0,0.2,2896,1.5,14807,2.776494,2.776494
2026-09-24T13:38:45.168626,2.0,0.2,2904,1.5,14783,2.772005,2.772005
2026-09-24T13:38:45.176626,2.0,0.2,2912,1.5,14780,2.771477,2.771477
2026-09-24T13:38:45.184626,2.0,0.2,2920,1.5,14791,2.773552,2.773552
2026-09-24T13:38:45.192626,2.0,0.2,2928,1.5,14805,2.776056,2.776056
2026-09-24T13:38:45.200626,2.0,0.2,2936,1.5,14820,2.778979,2.778979
2026-09-24T13:38:45.208626,2.0,0.2,2944,1.5,14815,2.778017,2.778017
2026-09-24T13:38:45.216626,2.0,0.2,2952,1.5,14791,2.773527,2.773527
2026-09-24T13:38:45.224626,2.0,0.2,2960,1.5,14777,2.770834,2.770834
2026-09-24T13:38:45.232626,2.0,0.2,2968,1.5,14790,2.773226,2.773226
2026-09-24T13:38:45.240626,2.0,0.2,2976,1.5,14795,2.774187,2.774187
2026-09-24T13:38:45.248626,2.0,0.2,2984,1.5,14769,2.769449,2.769449
2026-09-24T13:38:45.256626,2.0,0.2,2992,1.5,14778,2.771142,2.771142
2026-09-24T13:38:45.264626,2.0,0.2,3000,1.5,14829,2.780678,2.780678
2026-09-24T13:38:45.272626,2.0,0.2,3008,1.5,14834,2.781568,2.781568
2026-09-24T13:38:45.280626,2.0,0.2,3016,1.5,14780,2.771401,2.771401
2026-09-24T13:38:45.288626,2.0,0.2,3024,1.5,14808,2.776731,2.776731
2026-09-24T13:38:45.296626,2.0,0.2,3032,1.5,14808,2.776733,2.776733
2026-09-24T13:38:45.304626,2.0,0.2,3040,1.5,14770,2.769607,2.769607
2026-09-24T13:38:45.312626,2.0,0.2,3048,1.5,14780,2.771385,2.771385
2026-09-24T13:38:45.320626,2.0,0.2,3056,1.5,14792,2.773592,2.773592
2026-09-24T13:38:45.328626,2.0,0.2,3064,1.5,14829,2.780605,2.780605
2026-09-24T13:38:45.336626,2.0,0.2,3072,1.5,14774,2.770309,2.770309
2026-09-24T13:38:45.344626,2.0,0.2,3080,1.5,14804,2.775963,2.775963
2026-09-24T13:38:45.352626,2.0,0.2,3088,1.5,14801,2.775414,2.775414
2026-09-24T13:38:45.360626,2.0,0.2,3096,1.5,14808,2.776653,2.776653
2026-09-24T13:38:45.368626,2.0,0.2,3104,1.5,14814,2.777742,2.777742
2026-09-24T13:38:45.376626,2.0,0.2,3112,1.5,14780,2.77143,2.77143
2026-09-24T13:38:45.384626,2.0,0.2,3120,1.5,14790,2.773347,2.773347
2026-09-24T13:38:45.392626,2.0,0.2,3128,1.5,14809,2.776902,2.776902
2026-09-24T13:38:45.400626,2.0,0.2,3136,1.5,14786,2.772521,2.772521
2026-09-24T13:38:45.408626,2.0,0.2,3144,1.5,14787,2.772785,2.772785
2026-09-24T13:38:45.416626,2.0,0.2,3152,1.5,14802,2.775536,2.775536
2026-09-24T13:38:45.424626,2.0,0.2,3160,1.5,14783,2.772052,2.772052
2026-09-24T13:38:45.432626,2.0,0.2,3168,1.5,14821,2.77916,2.77916
2026-09-24T13:38:45.440626,2.0,0.2,3176,1.5,14797,2.774581,2.774581
2026-09-24T13:38:45.448626,2.0,0.2,3184,1.5,14800,2.775253,2.775253
2026-09-24T13:38:45.456626,2.0,0.2,3192,1.5,14792,2.773653,2.773653
2026-09-24T13:38:45.464626,2.0,0.2,3200,1.5,14788,2.77293,2.77293
2026-09-24T13:38:45.472626,2.0,0.2,3208,1.5,14797,2.774549,2.774549
2026-09-24T13:38:45.480626,2.0,0.2,3216,1.5,14801,2.775382,2.775382
2026-09-24T13:38:45.488626,2.0,0.2,3224,1.5,14779,2.771328,2.771328
2026-09-24T13:38:45.496626,2.0,0.2,3232,1.5,14767,2.76895,2.76895
2026-09-24T13:38:45.504626,2.0,0.2,3240,1.5,14820,2.778872,2.778872
2026-09-24T13:38:45.512626,2.0,0.2,3248,1.5,14811,2.777239,2.777239
2026-09-24T13:38:45.520626,2.0,0.2,3256,1.5,14785,2.772422,2.772422
2026-09-24T13:38:45.528626,2.0,0.2,3264,1.5,14833,2.781447,2.781447
2026-09-24T13:38:45.536626,2.0,0.2,3272,1.5,14787,2.772743,2.772743
2026-09-24T13:38:45.544626,2.0,0.2,3280,1.5,14788,2.77302,2.77302
2026-09-24T13:38:45.552626,2.0,0.2,3288,1.5,14788,2.772986,2.772986
2026-09-24T13:38:45.560626,2.0,0.2,3296,1.5,14774,2.770329,2.770329
2026-09-24T13:38:45.568626,2.0,0.2,3304,1.5,14788,2.772986,2.772986
2026-09-24T13:38:45.576626,2.0,0.2,3312,1.5,14806,2.776355,2.776355
2026-09-24T13:38:45.584626,2.0,0.2,3320,1.5,14814,2.777767,2.777767
2026-09-24T13:38:45.592626,2.0,0.2,3328,1.5,14826,2.780039,2.780039
2026-09-24T13:38:45.600626,2.0,0.2,3336,1.5,14806,2.776219,2.776219
2026-09-24T13:38:45.608626,2.0,0.2,3344,1.5,14781,2.771695,2.771695
2026-09-24T13:38:45.616626,2.0,0.2,3352,1.5,14786,2.772462,2.772462
2026-09-24T13:38:45.624626,2.0,0.2,3360,1.5,14790,2.773339,2.773339
2026-09-24T13:38:45.632626,2.0,0.2,3368,1.5,14798,2.774756,2.774756
2026-09-24T13:38:45.640626,2.0,0.2,3376,1.5,14781,2.77169,2.77169
2026-09-24T13:38:45.648626,2.0,0.2,3384,1.5,14801,2.775434,2.775434
2026-09-24T13:38:45.656626,2.0,0.2,3392,1.5,14749,2.765653,2.765653
2026-09-24T13:38:45.664626,2.0,0.2,3400,1.5,14798,2.7748,2.7748
2026-09-24T13:38:45.672626,2.0,0.2,3408,1.5,14747,2.765325,2.765325
2026-09-24T13:38:45.680626,2.0,0.2,3416,1.5,14780,2.771405,2.771405
2026-09-24T13:38:45.688626,2.0,0.2,3424,1.5,14801,2.77528,2.77528
2026-09-24T13:38:45.696626,2.0,0.2,3432,1.5,14838,2.782321,2.782321
2026-09-24T13:38:45.704626,2.0,0.2,3440,1.5,14770,2.769464,2.769464
2026-09-24T13:38:45.712626,2.0,0.2,3448,1.5,14818,2.778628,2.778628
2026-09-24T13:38:45.720626,2.0,0.2,3456,1.5,14775,2.770459,2.770459
2026-09-24T13:38:45.728626,2.0,0.2,3464,1.5,14805,2.776049,2.776049
2026-09-24T13:38:45.736626,2.0,0.2,3472,1.5,14815,2.778005,2.778005
2026-09-24T13:38:45.744626,2.0,0.2,3480,1.5,14770,2.769615,2.769615
2026-09-24T13:38:45.752626,2.0,0.2,3488,1.5,14782,2.771735,2.771735
2026-09-24T13:38:45.760626,2.0,0.2,3496,1.5,14773,2.77015,2.77015
2026-09-24T13:38:45.768626,2.0,0.2,3504,1.5,14821,2.77917,2.77917
2026-09-24T13:38:45.776626,2.0,0.2,3512,1.5,14809,2.776779,2.776779
2026-09-24T13:38:45.784626,2.0,0.2,3520,1.5,14827,2.780216,2.780216
2026-09-24T13:38:45.792626,2.0,0.2,3528,1.5,14799,2.775006,2.775006
2026-09-24T13:38:45.800626,2.0,0.2,3536,1.5,14802,2.775539,2.775539
2026-09-24T13:38:45.808626,2.0,0.2,3544,1.5,14798,2.774854,2.774854
2026-09-24T13:38:45.816626,2.0,0.2,3552,1.5,14834,2.781637,2.781637
2026-09-24T13:38:45.824626,2.0,0.2,3560,1.5,14820,2.779009,2.779009
2026-09-24T13:38:45.832626,2.0,0.2,3568,1.5,14802,2.775496,2.775496
2026-09-24T13:38:45.840626,2.0,0.2,3576,1.5,14797,2.774706,2.774706
2026-09-24T13:38:45.848626,2.0,0.2,3584,1.5,14775,2.77045,2.77045
2026-09-24T13:38:45.856626,2.0,0.2,3592,1.5,14747,2.765211,2.765211
2026-09-24T13:38:45.864626,2.0,0.2,3600,1.5,14842,2.783044,2.783044
2026-09-24T13:38:45.872626,2.0,0.2,3608,1.5,14815,2.777928,2.777928
2026-09-24T13:38:45.880626,2.0,0.2,3616,1.5,14827,2.780243,2.780243
2026-09-24T13:38:45.888626,2.0,0.2,3624,1.5,14796,2.774362,2.774362
2026-09-24T13:38:45.896626,2.0,0.2,3632,1.5,14765,2.768669,2.768669
2026-09-24T13:38:45.904626,2.0,0.2,3640,1.5,14817,2.778421,2.778421
2026-09-24T13:38:45.912626,2.0,0.2,3648,1.5,14822,2.779344,2.779344
2026-09-24T13:38:45.920626,2.0,0.2,3656,1.5,14810,2.777092,2.777092
2026-09-24T13:38:45.928626,2.0,0.2,3664,1.5,14828,2.780457,2.780457
2026-09-24T13:38:45.936626,2.0,0.2,3672,1.5,14810,2.776984,2.776984
2026-09-24T13:38:45.944626,2.0,0.2,3680,1.5,14811,2.777251,2.777251
2026-09-24T13:38:45.952626,2.0,0.2,3688,1.5,14807,2.776548,2.776548
2026-09-24T13:38:45.960626,2.0,0.2,3696,1.5,14808,2.776727,2.776727
2026-09-24T13:38:45.968626,2.0,0.2,3704,1.5,14807,2.776548,2.776548
2026-09-24T13:38:45.976626,2.0,0.2,3712,1.5,14766,2.768739,2.768739
2026-09-24T13:38:45.984626,2.0,0.2,3720,1.5,14794,2.773998,2.773998
2026-09-24T13:38:45.992626,2.0,0.2,3728,1.5,14787,2.772652,2.772652
2026-09-24T13:38:46.000626,2.0,0.2,3736,1.5,14806,2.776366,2.776366
2026-09-24T13:38:46.008626,2.0,0.2,3744,1.5,14809,2.776837,2.776837
2026-09-24T13:38:46.016626,2.0,0.2,3752,1.5,14799,2.775035,2.775035
2026-09-24T13:38:46.024626,2.0,0.2,3760,1.5,14813,2.777593,2.777593
2026-09-24T13:38:46.032626,2.0,0.2,3768,1.5,14766,2.768714,2.768714
2026-09-24T13:38:46.040626,2.0,0.2,3776,1.5,14810,2.777087,2.777087
2026-09-24T13:38:46.048626,2.0,0.2,3784,1.5,14797,2.774526,2.774526
2026-09-24T13:38:46.056626,2.0,0.2,3792,1.5,14829,2.780566,2.780566
2026-09-24T13:38:46.064626,2.0,0.2,3800,1.5,14793,2.773953,2.773953
2026-09-24T13:38:46.072626,2.0,0.2,3808,1.5,14816,2.778257,2.778257
2026-09-24T13:38:46.080626,2.0,0.2,3816,1.5,14783,2.772008,2.772008
2026-09-24T13:38:46.088626,2.0,0.2,3824,1.5,14798,2.774855,2.774855
2026-09-24T13:38:46.096626,2.0,0.2,3832,1.5,14835,2.781802,2.781802
2026-09-24T13:38:46.104626,2.0,0.2,3840,1.5,14799,2.774976,2.774976
2026-09-24T13:38:46.112626,2.0,0.2,3848,1.5,14830,2.780847,2.780847
2026-09-24T13:38:46.120626,2.0,0.2,3856,1.5,14828,2.78045,2.78045
2026-09-24T13:38:46.128626,2.0,0.2,3864,1.5,14795,2.774242,2.774242
2026-09-24T13:38:46.136626,2.0,0.2,3872,1.5,14822,2.779347,2.779347
2026-09-24T13:38:46.144626,2.0,0.2,3880,1.5,14811,2.777302,2.777302
2026-09-24T13:38:46.152626,2.0,0.2,3888,1.5,14806,2.776341,2.776341
2026-09-24T13:38:46.160626,2.0,0.2,3896,1.5,14811,2.777188,2.777188
2026-09-24T13:38:46.168626,2.0,0.2,3904,1.5,14761,2.767852,2.767852
2026-09-24T13:38:46.176626,2.0,0.2,3912,1.5,14791,2.773554,2.773554
2026-09-24T13:38:46.184626,2.0,0.2,3920,1.5,14825,2.779792,2.779792
2026-09-24T13:38:46.192626,2.0,0.2,3928,1.5,14792,2.773721,2.773721
2026-09-24T13:38:46.200626,2.0,0.2,3936,1.5,14808,2.776599,2.776599
2026-09-24T13:38:46.208626,2.0,0.2,3944,1.5,14807,2.776527,2.776527
2026-09-24T13:38:46.216626,2.0,0.2,3952,1.5,14840,2.782722,2.782722
2026-09-24T13:38:46.224626,2.0,0.2,3960,1.5,14814,2.777806,2.777806
2026-09-24T13:38:46.232626,2.0,0.2,3968,1.5,14786,2.772629,2.772629
2026-09-24T13:38:46.240626,2.0,0.2,3976,1.5,14812,2.777411,2.777411
2026-09-24T13:38:46.248626,2.0,0.2,3984,1.5,14777,2.770773,2.770773
2026-09-24T13:38:46.256626,2.0,0.2,3992,1.5,14835,2.781678,2.781678
2026-09-24T13:38:46.264626,2.0,0.2,4000,1.5,14801,2.775417,2.775417
2026-09-24T13:38:46.272626,2.0,0.2,4008,1.5,14781,2.771654,2.771654
2026-09-24T13:38:46.280626,2.0,0.2,4016,1.5,14799,2.774972,2.774972
2026-09-24T13:38:46.288626,2.0,0.2,4024,1.5,14786,2.772561,2.772561
2026-09-24T13:38:46.296626,2.0,0.2,4032,1.5,14787,2.772671,2.772671
2026-09-24T13:38:46.304626,2.0,0.2,4040,1.5,14791,2.773565,2.773565
2026-09-24T13:38:46.312626,2.0,0.2,4048,1.5,14780,2.771516,2.771516
2026-09-24T13:38:46.320626,2.0,0.2,4056,1.5,14788,2.772864,2.772864
2026-09-24T13:38:46.328626,2.0,0.2,4064,1.5,14787,2.772826,2.772826
2026-09-24T13:38:46.336626,2.0,0.2,4072,1.5,14800,2.775092,2.775092
2026-09-24T13:38:46.344626,2.0,0.2,4080,1.5,14809,2.776942,2.776942
2026-09-24T13:38:46.352626,2.0,0.2,4088,1.5,14788,2.773019,2.773019
2026-09-24T13:38:46.360626,2.0,0.2,4096,1.5,14797,2.774537,2.774537
2026-09-24T13:38:46.368626,2.0,0.2,4104,1.5,14800,2.775087,2.775087
2026-09-24T13:38:46.376626,2.0,0.2,4112,1.5,14786,2.772547,2.772547
2026-09-24T13:38:46.384626,2.0,0.2,4120,1.5,14794,2.774094,2.774094
2026-09-24T13:38:46.392626,2.0,0.2,4128,1.5,14846,2.783796,2.783796
2026-09-24T13:38:46.400626,2.0,0.2,4136,1.5,14799,2.77502,2.77502
2026-09-24T13:38:46.408626,2.0,0.2,4144,1.5,14781,2.771667,2.771667
2026-09-24T13:38:46.416626,2.0,0.2,4152,1.5,14796,2.774394,2.774394
2026-09-24T13:38:46.424626,2.0,0.2,4160,1.5,14807,2.776471,2.776471
2026-09-24T13:38:46.432626,2.0,0.2,4168,1.5,14804,2.775897,2.775897
2026-09-24T13:38:46.440626,2.0,0.2,4176,1.5,14799,2.775067,2.775067
2026-09-24T13:38:46.448626,2.0,0.2,4184,1.5,14797,2.774633,2.774633
2026-09-24T13:38:46.456626,2.0,0.2,4192,1.5,14810,2.777139,2.777139
2026-09-24T13:38:46.464626,2.0,0.2,4200,1.5,14829,2.780531,2.780531
2026-09-24T13:38:46.472626,2.0,0.2,4208,1.5,14769,2.76945,2.76945
2026-09-24T13:38:46.480626,2.0,0.2,4216,1.5,14799,2.775043,2.775043
2026-09-24T13:38:46.488626,2.0,0.2,4224,1.5,14812,2.77751,2.77751
2026-09-24T13:38:46.496626,2.0,0.2,4232,1.5,14806,2.776308,2.776308
2026-09-24T13:38:46.504626,2.0,0.2,4240,1.5,14779,2.771326,2.771326
2026-09-24T13:38:46.512626,2.0,0.2,4248,1.5,14824,2.779755,2.779755
2026-09-24T13:38:46.520626,2.0,0.2,4256,1.5,14826,2.78012,2.78012
2026-09-24T13:38:46.528626,2.0,0.2,4264,1.5,14833,2.781324,2.781324
2026-09-24T13:38:46.536626,2.0,0.2,4272,1.5,14784,2.772095,2.772095
2026-09-24T13:38:46.544626,2.0,0.2,4280,1.5,14791,2.773483,2.773483
2026-09-24T13:38:46.552626,2.0,0.2,4288,1.5,14786,2.772518,2.772518
2026-09-24T13:38:46.560626,2.0,0.2,4296,1.5,14813,2.777686,2.777686
2026-09-24T13:38:46.568626,2.0,0.2,4304,1.5,14801,2.775325,2.775325
2026-09-24T13:38:46.576626,2.0,0.2,4312,1.5,14809,2.776867,2.776867
2026-09-24T13:38:46.584626,2.0,0.2,4320,1.5,14815,2.777972,2.777972
2026-09-24T13:38:46.592626,2.0,0.2,4328,1.5,14798,2.774818,2.774818
2026-09-24T13:38:46.600626,2.0,0.2,4336,1.5,14787,2.772736,2.772736
2026-09-24T13:38:46.608626,2.0,0.2,4344,1.5,14816,2.778143,2.778143
2026-09-24T13:38:46.616626,2.0,0.2,4352,1.5,14799,2.774945,2.774945
2026-09-24T13:38:46.624626,2.0,0.2,4360,1.5,14786,2.772578,2.772578
2026-09-24T13:38:46.632626,2.0,0.2,4368,1.5,14820,2.77899,2.77899
2026-09-24T13:38:46.640626,2.0,0.2,4376,1.5,14773,2.770054,2.770054
2026-09-24T13:38:46.648626,2.0,0.2,4384,1.5,14795,2.774284,2.774284
2026-09-24T13:38:46.656626,2.0,0.2,4392,1.5,14801,2.775341,2.775341
2026-09-24T13:38:46.664626,2.0,0.2,4400,1.5,14814,2.777828,2.777828
2026-09-24T13:38:46.672626,2.0,0.2,4408,1.5,14787,2.772784,2.772784
2026-09-24T13:38:46.680626,2.0,0.2,4416,1.5,14809,2.776905,2.776905
2026-09-24T13:38:46.688626,2.0,0.2,4424,1.5,14821,2.779143,2.779143
2026-09-24T13:38:46.696626,2.0,0.2,4432,1.5,14753,2.766406,2.766406
2026-09-24T13:38:46.704626,2.0,0.2,4440,1.5,14812,2.77752,2.77752
2026-09-24T13:38:46.712626,2.0,0.2,4448,1.5,14808,2.776684,2.776684
2026-09-24T13:38:46.720626,2.0,0.2,4456,1.5,14816,2.77814,2.77814
2026-09-24T13:38:46.728626,2.0,0.2,4464,1.5,14786,2.772607,2.772607
2026-09-24T13:38:46.736626,2.0,0.2,4472,1.5,14787,2.772703,2.772703
2026-09-24T13:38:46.744626,2.0,0.2,4480,1.5,14788,2.773009,2.773009
2026-09-24T13:38:46.752626,2.0,0.2,4488,1.5,14784,2.772223,2.772223
2026-09-24T13:38:46.760626,2.0,0.2,4496,1.5,14809,2.77685,2.77685
2026-09-24T13:38:46.768626,2.0,0.2,4504,1.5,14829,2.780698,2.780698
2026-09-24T13:38:46.776626,2.0,0.2,4512,1.5,14804,2.77588,2.77588
2026-09-24T13:38:46.784626,2.0,0.2,4520,1.5,14816,2.778262,2.778262
2026-09-24T13:38:46.792626,2.0,0.2,4528,1.5,14818,2.77846,2.77846
2026-09-24T13:38:46.800626,2.0,0.2,4536,1.5,14794,2.774035,2.774035
2026-09-24T13:38:46.808626,2.0,0.2,4544,1.5,14825,2.779847,2.779847
2026-09-24T13:38:46.816626,2.0,0.2,4552,1.5,14804,2.775902,2.775902
2026-09-24T13:38:46.824626,2.0,0.2,4560,1.5,14793,2.773814,2.773814
2026-09-24T13:38:46.832626,2.0,0.2,4568,1.5,14780,2.771491,2.771491
2026-09-24T13:38:46.840626,2.0,0.2,4576,1.5,14794,2.774128,2.774128
2026-09-24T13:38:46.848626,2.0,0.2,4584,1.5,14811,2.777195,2.777195
2026-09-24T13:38:46.856626,2.0,0.2,4592,1.5,14821,2.779198,2.779198
2026-09-24T13:38:46.864626,2.0,0.2,4600,1.5,14771,2.769777,2.769777
2026-09-24T13:38:46.872626,2.0,0.2,4608,1.5,14790,2.773351,2.773351
2026-09-24T13:38:46.880626,2.0,0.2,4616,1.5,14765,2.768534,2.768534
2026-09-24T13:38:46.888626,2.0,0.2,4624,1.5,14805,2.776104,2.776104
2026-09-24T13:38:46.896626,2.0,0.2,4632,1.5,14780,2.771477,2.771477
2026-09-24T13:38:46.904626,2.0,0.2,4640,1.5,14822,2.779361,2.779361
2026-09-24T13:38:46.912626,2.0,0.2,4648,1.5,14819,2.778815,2.778815
2026-09-24T13:38:46.920626,2.0,0.2,4656,1.5,14795,2.774248,2.774248
2026-09-24T13:38:46.928626,2.0,0.2,4664,1.5,14823,2.779426,2.779426
2026-09-24T13:38:46.936626,2.0,0.2,4672,1.5,14784,2.772125,2.772125
2026-09-24T13:38:46.944626,2.0,0.2,4680,1.5,14842,2.782973,2.782973
2026-09-24T13:38:46.952626,2.0,0.2,4688,1.5,14779,2.771226,2.771226
2026-09-24T13:38:46.960626,2.0,0.2,4696,1.5,14785,2.772351,2.772351
2026-09-24T13:38:46.968626,2.0,0.2,4704,1.5,14780,2.771387,2.771387
2026-09-24T13:38:46.976626,2.0,0.2,4712,1.5,14782,2.771841,2.771841
2026-09-24T13:38:46.984626,2.0,0.2,4720,1.5,14802,2.775478,2.775478
2026-09-24T13:38:46.992626,2.0,0.2,4728,1.5,14822,2.779294,2.779294
2026-09-24T13:38:47.000626,2.0,0.2,4736,1.5,14758,2.767245,2.767245
2026-09-24T13:38:47.008626,2.0,0.2,4744,1.5,14780,2.771447,2.771447
2026-09-24T13:38:47.016626,2.0,0.2,4752,1.5,14782,2.771866,2.771866
2026-09-24T13:38:47.024626,2.0,0.2,4760,1.5,14794,2.774014,2.774014
2026-09-24T13:38:47.032626,2.0,0.2,4768,1.5,14793,2.773786,2.773786
2026-09-24T13:38:47.040626,2.0,0.2,4776,1.5,14777,2.770902,2.770902
2026-09-24T13:38:47.048626,2.0,0.2,4784,1.5,14805,2.776053,2.776053
2026-09-24T13:38:47.056626,2.0,0.2,4792,1.5,14768,2.769095,2.769095
2026-09-24T13:38:47.064626,2.0,0.2,4800,1.5,14802,2.775531,2.775531
2026-09-24T13:38:47.072626,2.0,0.2,4808,1.5,14757,2.767109,2.767109
2026-09-24T13:38:47.080626,2.0,0.2,4816,1.5,14822,2.779211,2.779211
2026-09-24T13:38:47.088626,2.0,0.2,4824,1.5,14818,2.778621,2.778621
2026-09-24T13:38:47.096626,2.0,0.2,4832,1.5,14794,2.774069,2.774069
2026-09-24T13:38:47.104626,2.0,0.2,4840,1.5,14794,2.774013,2.774013
2026-09-24T13:38:47.112626,2.0,0.2,4848,1.5,14774,2.770377,2.770377
2026-09-24T13:38:47.120626,2.0,0.2,4856,1.5,14805,2.776209,2.776209
2026-09-24T13:38:47.128626,2.0,0.2,4864,1.5,14762,2.768063,2.768063
2026-09-24T13:38:47.136626,2.0,0.2,4872,1.5,14786,2.772612,2.772612
2026-09-24T13:38:47.144626,2.0,0.2,4880,1.5,14796,2.774397,2.774397
2026-09-24T13:38:47.152626,2.0,0.2,4888,1.5,14808,2.776646,2.776646
2026-09-24T13:38:47.160626,2.0,0.2,4896,1.5,14779,2.771319,2.771319
2026-09-24T13:38:47.168626,2.0,0.2,4904,1.5,14791,2.773506,2.773506
2026-09-24T13:38:47.176626,2.0,0.2,4912,1.5,14805,2.776135,2.776135
2026-09-24T13:38:47.184626,2.0,0.2,4920,1.5,14808,2.77664,2.77664
2026-09-24T13:38:47.192626,2.0,0.2,4928,1.5,14831,2.780968,2.780968
2026-09-24T13:38:47.200626,2.0,0.2,4936,1.5,14796,2.774412,2.774412
2026-09-24T13:38:47.208626,2.0,0.2,4944,1.5,14781,2.771639,2.771639
2026-09-24T13:38:47.216626,2.0,0.2,4952,1.5,14820,2.779014,2.779014
2026-09-24T13:38:47.224626,2.0,0.2,4960,1.5,14813,2.77762,2.77762
2026-09-24T13:38:47.232626,2.0,0.2,4968,1.5,14782,2.771868,2.771868
2026-09-24T13:38:47.240626,2.0,0.2,4976,1.5,14833,2.78133,2.78133
2026-09-24T13:38:47.248626,2.0,0.2,4984,1.5,14801,2.775318,2.775318
2026-09-24T13:38:47.256626,2.0,0.2,4992,1.5,14803,2.775777,2.775777
2026-09-24T13:38:47.264626,2.0,0.2,5000,1.5,14771,2.76982,2.76982
2026-09-24T13:38:47.272626,2.0,0.2,5008,1.5,14831,2.781044,2.781044
2026-09-24T13:38:47.280626,2.0,0.2,5016,1.5,14793,2.773826,2.773826
2026-09-24T13:38:47.288626,2.0,0.2,5024,1.5,14842,2.78304,2.78304
2026-09-24T13:38:47.296626,2.0,0.2,5032,1.5,14786,2.772607,2.772607
2026-09-24T13:38:47.304626,2.0,0.2,5040,1.5,14803,2.775741,2.775741
2026-09-24T13:38:47.312626,2.0,0.2,5048,1.5,14759,2.767535,2.767535
2026-09-24T13:38:47.320626,2.0,0.2,5056,1.5,14806,2.776304,2.776304
2026-09-24T13:38:47.328626,2.0,0.2,5064,1.5,14784,2.772226,2.772226
2026-09-24T13:38:47.336626,2.0,0.2,5072,1.5,14795,2.774324,2.774324
2026-09-24T13:38:47.344626,2.0,0.2,5080,1.5,14793,2.773915,2.773915
2026-09-24T13:38:47.352626,2.0,0.2,5088,1.5,14791,2.773534,2.773534
2026-09-24T13:38:47.360626,2.0,0.2,5096,1.5,14810,2.777117,2.777117
2026-09-24T13:38:47.368626,2.0,0.2,5104,1.5,14796,2.77443,2.77443
2026-09-24T13:38:47.376626,2.0,0.2,5112,1.5,14806,2.77626,2.77626
2026-09-24T13:39:42.264626,4.0,0.4,0,3.0,16220,3.041503,3.041503
2026-09-24T13:39:42.272626,4.0,0.4,8,3.0,16212,3.039886,3.039886
2026-09-24T13:39:42.280626,4.0,0.4,16,3.0,16161,3.030433,3.030433
2026-09-24T13:39:42.288626,4.0,0.4,24,3.0,16185,3.034887,3.034887
2026-09-24T13:39:42.296626,4.0,0.4,32,3.0,16200,3.037624,3.037624
2026-09-24T13:39:42.304626,4.0,0.4,40,3.0,16197,3.037107,3.037107
2026-09-24T13:39:42.312626,4.0,0.4,48,3.0,16191,3.035987,3.035987
2026-09-24T13:39:42.320626,4.0,0.4,56,3.0,16225,3.042337,3.042337
2026-09-24T13:39:42.328626,4.0,0.4,64,3.0,16203,3.038218,3.038218
2026-09-24T13:39:42.336626,4.0,0.4,72,3.0,16212,3.039911,3.039911
2026-09-24T13:39:42.344626,4.0,0.4,80,3.0,16210,3.039539,3.039539
2026-09-24T13:39:42.352626,4.0,0.4,88,3.0,16193,3.036409,3.036409
2026-09-24T13:39:42.360626,4.0,0.4,96,3.0,16189,3.035589,3.035589
2026-09-24T13:39:42.368626,4.0,0.4,104,3.0,16200,3.037725,3.037725
2026-09-24T13:39:42.376626,4.0,0.4,112,3.0,16206,3.038821,3.038821
2026-09-24T13:39:42.384626,4.0,0.4,120,3.0,16201,3.037825,3.037825
2026-09-24T13:39:42.392626,4.0,0.4,128,3.0,16222,3.041769,3.041769
2026-09-24T13:39:42.400626,4.0,0.4,136,3.0,16228,3.04288,3.04288
2026-09-24T13:39:42.408626,4.0,0.4,144,3.0,16209,3.039403,3.039403
2026-09-24T13:39:42.416626,4.0,0.4,152,3.0,16211,3.039692,3.039692
2026-09-24T13:39:42.424626,4.0,0.4,160,3.0,16232,3.043706,3.043706
2026-09-24T13:39:42.432626,4.0,0.4,168,3.0,16216,3.040687,3.040687
2026-09-24T13:39:42.440626,4.0,0.4,176,3.0,16188,3.035441,3.035441
2026-09-24T13:39:42.448626,4.0,0.4,184,3.0,16231,3.043583,3.043583
2026-09-24T13:39:42.456626,4.0,0.4,192,3.0,16235,3.044288,3.044288
2026-09-24T13:39:42.464626,4.0,0.4,200,3.0,16190,3.035824,3.035824
2026-09-24T13:39:42.472626,4.0,0.4,208,3.0,16222,3.04177,3.04177
2026-09-24T13:39:42.480626,4.0,0.4,216,3.0,16194,3.036654,3.036654
2026-09-24T13:39:42.488626,4.0,0.4,224,3.0,16185,3.034857,3.034857
2026-09-24T13:39:42.496626,4.0,0.4,232,3.0,16176,3.033245,3.033245
2026-09-24T13:39:42.504626,4.0,0.4,240,3.0,16165,3.031197,3.031197
2026-09-24T13:39:42.512626,4.0,0.4,248,3.0,16205,3.038545,3.038545
2026-09-24T13:39:42.520626,4.0,0.4,256,3.0,16210,3.039605,3.039605
2026-09-24T13:39:42.528626,4.0,0.4,264,3.0,16220,3.041409,3.041409
2026-09-24T13:39:42.536626,4.0,0.4,272,3.0,16169,3.031894,3.031894
2026-09-24T13:39:42.544626,4.0,0.4,280,3.0,16215,3.040526,3.040526
2026-09-24T13:39:42.552626,4.0,0.4,288,3.0,16188,3.03539,3.03539
2026-09-24T13:39:42.560626,4.0,0.4,296,3.0,16172,3.032359,3.032359
2026-09-24T13:39:42.568626,4.0,0.4,304,3.0,16204,3.03841,3.03841
2026-09-24T13:39:42.576626,4.0,0.4,312,3.0,16168,3.031664,3.031664
2026-09-24T13:39:42.584626,4.0,0.4,320,3.0,16201,3.037928,3.037928
2026-09-24T13:39:42.592626,4.0,0.4,328,3.0,16184,3.034759,3.034759
2026-09-24T13:39:42.600626,4.0,0.4,336,3.0,16213,3.040141,3.040141
2026-09-24T13:39:42.608626,4.0,0.4,344,3.0,16213,3.040041,3.040041
2026-09-24T13:39:42.616626,4.0,0.4,352,3.0,16196,3.036876,3.036876
2026-09-24T13:39:42.624626,4.0,0.4,360,3.0,16217,3.040802,3.040802
2026-09-24T13:39:42.632626,4.0,0.4,368,3.0,16193,3.036393,3.036393
2026-09-24T13:39:42.640626,4.0,0.4,376,3.0,16200,3.037697,3.037697
2026-09-24T13:39:42.648626,4.0,0.4,384,3.0,16182,3.034302,3.034302
2026-09-24T13:39:42.656626,4.0,0.4,392,3.0,16200,3.037683,3.037683
2026-09-24T13:39:42.664626,4.0,0.4,400,3.0,16203,3.038231,3.038231
2026-09-24T13:39:42.672626,4.0,0.4,408,3.0,16185,3.034862,3.034862
2026-09-24T13:39:42.680626,4.0,0.4,416,3.0,16190,3.035781,3.035781
2026-09-24T13:39:42.688626,4.0,0.4,424,3.0,16194,3.036537,3.036537
2026-09-24T13:39:42.696626,4.0,0.4,432,3.0,16209,3.039441,3.039441
2026-09-24T13:39:42.704626,4.0,0.4,440,3.0,16227,3.042677,3.042677
2026-09-24T13:39:42.712626,4.0,0.4,448,3.0,16193,3.03636,3.03636
2026-09-24T13:39:42.720626,4.0,0.4,456,3.0,16218,3.04101,3.04101
2026-09-24T13:39:42.728626,4.0,0.4,464,3.0,16170,3.032019,3.032019
2026-09-24T13:39:42.736626,4.0,0.4,472,3.0,16179,3.03369,3.03369
2026-09-24T13:39:42.744626,4.0,0.4,480,3.0,16183,3.034406,3.034406
2026-09-24T13:39:42.752626,4.0,0.4,488,3.0,16222,3.041885,3.041885
2026-09-24T13:39:42.760626,4.0,0.4,496,3.0,16189,3.035678,3.035678
2026-09-24T13:39:42.768626,4.0,0.4,504,3.0,16181,3.034184,3.034184
2026-09-24T13:39:42.776626,4.0,0.4,512,3.0,16194,3.036649,3.036649
2026-09-24T13:39:42.784626,4.0,0.4,520,3.0,16210,3.039644,3.039644
2026-09-24T13:39:42.792626,4.0,0.4,528,3.0,16193,3.036403,3.036403
2026-09-24T13:39:42.800626,4.0,0.4,536,3.0,16178,3.033655,3.033655
2026-09-24T13:39:42.808626,4.0,0.4,544,3.0,16189,3.035651,3.035651
2026-09-24T13:39:42.816626,4.0,0.4,552,3.0,16235,3.044282,3.044282
2026-09-24T13:39:42.824626,4.0,0.4,560,3.0,16214,3.040356,3.040356
2026-09-24T13:39:42.832626,4.0,0.4,568,3.0,16202,3.038063,3.038063
2026-09-24T13:39:42.840626,4.0,0.4,576,3.0,16176,3.033205,3.033205
2026-09-24T13:39:42.848626,4.0,0.4,584,3.0,16211,3.039779,3.039779
2026-09-24T13:39:42.856626,4.0,0.4,592,3.0,16201,3.037853,3.037853
2026-09-24T13:39:42.864626,4.0,0.4,600,3.0,16191,3.035995,3.035995
2026-09-24T13:39:42.872626,4.0,0.4,608,3.0,16198,3.037387,3.037387
2026-09-24T13:39:42.880626,4.0,0.4,616,3.0,16198,3.037381,3.037381
2026-09-24T13:39:42.888626,4.0,0.4,624,3.0,16200,3.037748,3.037748
2026-09-24T13:39:42.896626,4.0,0.4,632,3.0,16232,3.04376,3.04376
2026-09-24T13:39:42.904626,4.0,0.4,640,3.0,16202,3.038102,3.038102
2026-09-24T13:39:42.912626,4.0,0.4,648,3.0,16177,3.03329,3.03329
2026-09-24T13:39:42.920626,4.0,0.4,656,3.0,16207,3.039088,3.039088
2026-09-24T13:39:42.928626,4.0,0.4,664,3.0,16159,3.029913,3.029913
2026-09-24T13:39:42.936626,4.0,0.4,672,3.0,16214,3.040382,3.040382
2026-09-24T13:39:42.944626,4.0,0.4,680,3.0,16206,3.038718,3.038718
2026-09-24T13:39:42.952626,4.0,0.4,688,3.0,16203,3.038335,3.038335
2026-09-24T13:39:42.960626,4.0,0.4,696,3.0,16197,3.037132,3.037132
2026-09-24T13:39:42.968626,4.0,0.4,704,3.0,16213,3.040184,3.040184
2026-09-24T13:39:42.976626,4.0,0.4,712,3.0,16186,3.03513,3.03513
2026-09-24T13:39:42.984626,4.0,0.4,720,3.0,16218,3.04114,3.04114
2026-09-24T13:39:42.992626,4.0,0.4,728,3.0,16219,3.041208,3.041208
2026-09-24T13:39:43.000626,4.0,0.4,736,3.0,16178,3.0336,3.0336
2026-09-24T13:39:43.008626,4.0,0.4,744,3.0,16204,3.038364,3.038364
2026-09-24T13:39:43.016626,4.0,0.4,752,3.0,16209,3.039325,3.039325
2026-09-24T13:39:43.024626,4.0,0.4,760,3.0,16239,3.044931,3.044931
2026-09-24T13:39:43.032626,4.0,0.4,768,3.0,16200,3.03761,3.03761
2026-09-24T13:39:43.040626,4.0,0.4,776,3.0,16223,3.042027,3.042027
2026-09-24T13:39:43.048626,4.0,0.4,784,3.0,16189,3.035584,3.035584
2026-09-24T13:39:43.056626,4.0,0.4,792,3.0,16213,3.04017,3.04017
2026-09-24T13:39:43.064626,4.0,0.4,800,3.0,16183,3.034531,3.034531
2026-09-24T13:39:43.072626,4.0,0.4,808,3.0,16204,3.038408,3.038408
2026-09-24T13:39:43.080626,4.0,0.4,816,3.0,16241,3.045454,3.045454
2026-09-24T13:39:43.088626,4.0,0.4,824,3.0,16194,3.036496,3.036496
2026-09-24T13:39:43.096626,4.0,0.4,832,3.0,16232,3.043625,3.043625
2026-09-24T13:39:43.104626,4.0,0.4,840,3.0,16164,3.031011,3.031011
2026-09-24T13:39:43.112626,4.0,0.4,848,3.0,16225,3.042355,3.042355
2026-09-24T13:39:43.120626,4.0,0.4,856,3.0,16188,3.035503,3.035503
2026-09-24T13:39:43.128626,4.0,0.4,864,3.0,16190,3.035824,3.035824
2026-09-24T13:39:43.136626,4.0,0.4,872,3.0,16213,3.040134,3.040134
2026-09-24T13:39:43.144626,4.0,0.4,880,3.0,16205,3.03861,3.03861
2026-09-24T13:39:43.152626,4.0,0.4,888,3.0,16203,3.03828,3.03828
2026-09-24T13:39:43.160626,4.0,0.4,896,3.0,16181,3.034079,3.034079
2026-09-24T13:39:43.168626,4.0,0.4,904,3.0,16201,3.037949,3.037949
2026-09-24T13:39:43.176626,4.0,0.4,912,3.0,16191,3.035932,3.035932
2026-09-24T13:39:43.184626,4.0,0.4,920,3.0,16228,3.043018,3.043018
2026-09-24T13:39:43.192626,4.0,0.4,928,3.0,16231,3.043592,3.043592
2026-09-24T13:39:43.200626,4.0,0.4,936,3.0,16239,3.04491,3.04491
2026-09-24T13:39:43.208626,4.0,0.4,944,3.0,16212,3.039845,3.039845
2026-09-24T13:39:43.216626,4.0,0.4,952,3.0,16187,3.035212,3.035212
2026-09-24T13:39:43.224626,4.0,0.4,960,3.0,16220,3.041496,3.041496
2026-09-24T13:39:43.232626,4.0,0.4,968,3.0,16190,3.035853,3.035853
2026-09-24T13:39:43.240626,4.0,0.4,976,3.0,16205,3.038622,3.038622
2026-09-24T13:39:43.248626,4.0,0.4,984,3.0,16187,3.035256,3.035256
2026-09-24T13:39:43.256626,4.0,0.4,992,3.0,16196,3.0369,3.0369
2026-09-24T13:39:43.264626,4.0,0.4,1000,3.0,16194,3.036555,3.036555
2026-09-24T13:39:43.272626,4.0,0.4,1008,3.0,16210,3.039616,3.039616
2026-09-24T13:39:43.280626,4.0,0.4,1016,3.0,16204,3.038503,3.038503
2026-09-24T13:39:43.288626,4.0,0.4,1024,3.0,16216,3.040743,3.040743
2026-09-24T13:39:43.296626,4.0,0.4,1032,3.0,16191,3.036063,3.036063
2026-09-24T13:39:43.304626,4.0,0.4,1040,3.0,16198,3.03725,3.03725
2026-09-24T13:39:43.312626,4.0,0.4,1048,3.0,16208,3.039267,3.039267
2026-09-24T13:39:43.320626,4.0,0.4,1056,3.0,16219,3.041213,3.041213
2026-09-24T13:39:43.328626,4.0,0.4,1064,3.0,16203,3.038223,3.038223
2026-09-24T13:39:43.336626,4.0,0.4,1072,3.0,16190,3.035847,3.035847
2026-09-24T13:39:43.344626,4.0,0.4,1080,3.0,16189,3.035649,3.035649
2026-09-24T13:39:43.352626,4.0,0.4,1088,3.0,16190,3.035738,3.035738
2026-09-24T13:39:43.360626,4.0,0.4,1096,3.0,16184,3.034721,3.034721
2026-09-24T13:39:43.368626,4.0,0.4,1104,3.0,16181,3.034138,3.034138
2026-09-24T13:39:43.376626,4.0,0.4,1112,3.0,16198,3.03734,3.03734
2026-09-24T13:39:43.384626,4.0,0.4,1120,3.0,16207,3.038944,3.038944
2026-09-24T13:39:43.392626,4.0,0.4,1128,3.0,16175,3.033,3.033
2026-09-24T13:39:43.400626,4.0,0.4,1136,3.0,16204,3.038418,3.038418
2026-09-24T13:39:43.408626,4.0,0.4,1144,3.0,16201,3.037829,3.037829
2026-09-24T13:39:43.416626,4.0,0.4,1152,3.0,16191,3.035941,3.035941
2026-09-24T13:39:43.424626,4.0,0.4,1160,3.0,16173,3.032561,3.032561
2026-09-24T13:39:43.432626,4.0,0.4,1168,3.0,16191,3.035982,3.035982
2026-09-24T13:39:43.440626,4.0,0.4,1176,3.0,16197,3.037188,3.037188
2026-09-24T13:39:43.448626,4.0,0.4,1184,3.0,16217,3.040866,3.040866
2026-09-24T13:39:43.456626,4.0,0.4,1192,3.0,16221,3.041575,3.041575
2026-09-24T13:39:43.464626,4.0,0.4,1200,3.0,16233,3.043894,3.043894
2026-09-24T13:39:43.472626,4.0,0.4,1208,3.0,16214,3.040226,3.040226
2026-09-24T13:39:43.480626,4.0,0.4,1216,3.0,16227,3.042671,3.042671
2026-09-24T13:39:43.488626,4.0,0.4,1224,3.0,16203,3.038203,3.038203
2026-09-24T13:39:43.496626,4.0,0.4,1232,3.0,16202,3.038067,3.038067
2026-09-24T13:39:43.504626,4.0,0.4,1240,3.0,16178,3.033626,3.033626
2026-09-24T13:39:43.512626,4.0,0.4,1248,3.0,16201,3.037825,3.037825
2026-09-24T13:39:43.520626,4.0,0.4,1256,3.0,16187,3.035289,3.035289
2026-09-24T13:39:43.528626,4.0,0.4,1264,3.0,16208,3.039252,3.039252
2026-09-24T13:39:43.536626,4.0,0.4,1272,3.0,16202,3.037972,3.037972
2026-09-24T13:39:43.544626,4.0,0.4,1280,3.0,16197,3.037213,3.037213
2026-09-24T13:39:43.552626,4.0,0.4,1288,3.0,16201,3.037889,3.037889
2026-09-24T13:39:43.560626,4.0,0.4,1296,3.0,16182,3.034358,3.034358
2026-09-24T13:39:43.568626,4.0,0.4,1304,3.0,16190,3.035763,3.035763
2026-09-24T13:39:43.576626,4.0,0.4,1312,3.0,16207,3.038985,3.038985
2026-09-24T13:39:43.584626,4.0,0.4,1320,3.0,16236,3.044519,3.044519
2026-09-24T13:39:43.592626,4.0,0.4,1328,3.0,16224,3.042267,3.042267
2026-09-24T13:39:43.600626,4.0,0.4,1336,3.0,16195,3.036746,3.036746
2026-09-24T13:39:43.608626,4.0,0.4,1344,3.0,16213,3.04011,3.04011
2026-09-24T13:39:43.616626,4.0,0.4,1352,3.0,16230,3.043384,3.043384
2026-09-24T13:39:43.624626,4.0,0.4,1360,3.0,16217,3.040871,3.040871
2026-09-24T13:39:43.632626,4.0,0.4,1368,3.0,16214,3.040312,3.040312
2026-09-24T13:39:43.640626,4.0,0.4,1376,3.0,16196,3.03686,3.03686
2026-09-24T13:39:43.648626,4.0,0.4,1384,3.0,16228,3.042931,3.042931
2026-09-24T13:39:43.656626,4.0,0.4,1392,3.0,16188,3.035498,3.035498
2026-09-24T13:39:43.664626,4.0,0.4,1400,3.0,16180,3.033986,3.033986
2026-09-24T13:39:43.672626,4.0,0.4,1408,3.0,16206,3.038758,3.038758
2026-09-24T13:39:43.680626,4.0,0.4,1416,3.0,16177,3.033385,3.033385
2026-09-24T13:39:43.688626,4.0,0.4,1424,3.0,16195,3.036817,3.036817
2026-09-24T13:39:43.696626,4.0,0.4,1432,3.0,16208,3.039163,3.039163
2026-09-24T13:39:43.704626,4.0,0.4,1440,3.0,16211,3.039749,3.039749
2026-09-24T13:39:43.712626,4.0,0.4,1448,3.0,16182,3.034282,3.034282
2026-09-24T13:39:43.720626,4.0,0.4,1456,3.0,16201,3.037823,3.037823
2026-09-24T13:39:43.728626,4.0,0.4,1464,3.0,16181,3.034037,3.034037
2026-09-24T13:39:43.736626,4.0,0.4,1472,3.0,16208,3.039146,3.039146
2026-09-24T13:39:43.744626,4.0,0.4,1480,3.0,16161,3.030454,3.030454
2026-09-24T13:39:43.752626,4.0,0.4,1488,3.0,16165,3.031032,3.031032
2026-09-24T13:39:43.760626,4.0,0.4,1496,3.0,16207,3.039085,3.039085
2026-09-24T13:39:43.768626,4.0,0.4,1504,3.0,16197,3.037198,3.037198
2026-09-24T13:39:43.776626,4.0,0.4,1512,3.0,16226,3.042499,3.042499
2026-09-24T13:39:43.784626,4.0,0.4,1520,3.0,16211,3.039829,3.039829
2026-09-24T13:39:43.792626,4.0,0.4,1528,3.0,16198,3.037255,3.037255
2026-09-24T13:39:43.800626,4.0,0.4,1536,3.0,16197,3.03718,3.03718
2026-09-24T13:39:43.808626,4.0,0.4,1544,3.0,16191,3.036036,3.036036
2026-09-24T13:39:43.816626,4.0,0.4,1552,3.0,16227,3.042688,3.042688
2026-09-24T13:39:43.824626,4.0,0.4,1560,3.0,16204,3.038357,3.038357
2026-09-24T13:39:43.832626,4.0,0.4,1568,3.0,16196,3.036843,3.036843
2026-09-24T13:39:43.840626,4.0,0.4,1576,3.0,16190,3.03585,3.03585
2026-09-24T13:39:43.848626,4.0,0.4,1584,3.0,16201,3.037949,3.037949
2026-09-24T13:39:43.856626,4.0,0.4,1592,3.0,16192,3.03627,3.03627
2026-09-24T13:39:43.864626,4.0,0.4,1600,3.0,16191,3.036063,3.036063
2026-09-24T13:39:43.872626,4.0,0.4,1608,3.0,16163,3.030823,3.030823
2026-09-24T13:39:43.880626,4.0,0.4,1616,3.0,16203,3.038265,3.038265
2026-09-24T13:39:43.888626,4.0,0.4,1624,3.0,16200,3.037673,3.037673
2026-09-24T13:39:43.896626,4.0,0.4,1632,3.0,16178,3.033583,3.033583
2026-09-24T13:39:43.904626,4.0,0.4,1640,3.0,16225,3.042427,3.042427
2026-09-24T13:39:43.912626,4.0,0.4,1648,3.0,16208,3.039199,3.039199
2026-09-24T13:39:43.920626,4.0,0.4,1656,3.0,16208,3.039141,3.039141
2026-09-24T13:39:43.928626,4.0,0.4,1664,3.0,16199,3.037554,3.037554
2026-09-24T13:39:43.936626,4.0,0.4,1672,3.0,16206,3.038904,3.038904
2026-09-24T13:39:43.944626,4.0,0.4,1680,3.0,16226,3.042526,3.042526
2026-09-24T13:39:43.952626,4.0,0.4,1688,3.0,16198,3.037269,3.037269
2026-09-24T13:39:43.960626,4.0,0.4,1696,3.0,16230,3.043363,3.043363
2026-09-24T13:39:43.968626,4.0,0.4,1704,3.0,16183,3.034445,3.034445
2026-09-24T13:39:43.976626,4.0,0.4,1712,3.0,16200,3.037601,3.037601
2026-09-24T13:39:43.984626,4.0,0.4,1720,3.0,16197,3.037136,3.037136
2026-09-24T13:39:43.992626,4.0,0.4,1728,3.0,16192,3.03625,3.03625
2026-09-24T13:39:44.000626,4.0,0.4,1736,3.0,16219,3.041243,3.041243
2026-09-24T13:39:44.008626,4.0,0.4,1744,3.0,16191,3.035939,3.035939
2026-09-24T13:39:44.016626,4.0,0.4,1752,3.0,16195,3.036668,3.036668
2026-09-24T13:39:44.024626,4.0,0.4,1760,3.0,16169,3.031961,3.031961
2026-09-24T13:39:44.032626,4.0,0.4,1768,3.0,16174,3.03273,3.03273
2026-09-24T13:39:44.040626,4.0,0.4,1776,3.0,16199,3.037491,3.037491
2026-09-24T13:39:44.048626,4.0,0.4,1784,3.0,16217,3.040888,3.040888
2026-09-24T13:39:44.056626,4.0,0.4,1792,3.0,16184,3.034689,3.034689
2026-09-24T13:39:44.064626,4.0,0.4,1800,3.0,16199,3.037434,3.037434
2026-09-24T13:39:44.072626,4.0,0.4,1808,3.0,16217,3.040904,3.040904
2026-09-24T13:39:44.080626,4.0,0.4,1816,3.0,16197,3.037207,3.037207
2026-09-24T13:39:44.088626,4.0,0.4,1824,3.0,16208,3.039261,3.039261
2026-09-24T13:39:44.096626,4.0,0.4,1832,3.0,16244,3.0459,3.0459
2026-09-24T13:39:44.104626,4.0,0.4,1840,3.0,16193,3.036431,3.036431
2026-09-24T13:39:44.112626,4.0,0.4,1848,3.0,16213,3.040153,3.040153
2026-09-24T13:39:44.120626,4.0,0.4,1856,3.0,16215,3.040497,3.040497
2026-09-24T13:39:44.128626,4.0,0.4,1864,3.0,16223,3.042078,3.042078
2026-09-24T13:39:44.136626,4.0,0.4,1872,3.0,16198,3.037232,3.037232
2026-09-24T13:39:44.144626,4.0,0.4,1880,3.0,16211,3.039692,3.039692
2026-09-24T13:39:44.152626,4.0,0.4,1888,3.0,16205,3.038637,3.038637
2026-09-24T13:39:44.160626,4.0,0.4,1896,3.0,16175,3.032995,3.032995
2026-09-24T13:39:44.168626,4.0,0.4,1904,3.0,16222,3.041765,3.041765
2026-09-24T13:39:44.176626,4.0,0.4,1912,3.0,16162,3.030492,3.030492
2026-09-24T13:39:44.184626,4.0,0.4,1920,3.0,16219,3.041183,3.041183
2026-09-24T13:39:44.192626,4.0,0.4,1928,3.0,16211,3.039657,3.039657
2026-09-24T13:39:44.200626,4.0,0.4,1936,3.0,16216,3.040779,3.040779
2026-09-24T13:39:44.208626,4.0,0.4,1944,3.0,16184,3.034725,3.034725
2026-09-24T13:39:44.216626,4.0,0.4,1952,3.0,16186,3.035108,3.035108
2026-09-24T13:39:44.224626,4.0,0.4,1960,3.0,16188,3.035486,3.035486
2026-09-24T13:39:44.232626,4.0,0.4,1968,3.0,16220,3.041413,3.041413
2026-09-24T13:39:44.240626,4.0,0.4,1976,3.0,16209,3.039337,3.039337
2026-09-24T13:39:44.248626,4.0,0.4,1984,3.0,16194,3.036619,3.036619
2026-09-24T13:39:44.256626,4.0,0.4,1992,3.0,16213,3.040151,3.040151
2026-09-24T13:39:44.264626,4.0,0.4,2000,3.0,16192,3.036273,3.036273
2026-09-24T13:39:44.272626,4.0,0.4,2008,3.0,16201,3.037875,3.037875
2026-09-24T13:39:44.280626,4.0,0.4,2016,3.0,16199,3.037427,3.037427
2026-09-24T13:39:44.288626,4.0,0.4,2024,3.0,16191,3.035964,3.035964
2026-09-24T13:39:44.296626,4.0,0.4,2032,3.0,16246,3.046248,3.046248
2026-09-24T13:39:44.304626,4.0,0.4,2040,3.0,16178,3.033523,3.033523
2026-09-24T13:39:44.312626,4.0,0.4,2048,3.0,16188,3.03545,3.03545
2026-09-24T13:39:44.320626,4.0,0.4,2056,3.0,16216,3.040632,3.040632
2026-09-24T13:39:44.328626,4.0,0.4,2064,3.0,16231,3.043524,3.043524
2026-09-24T13:39:44.336626,4.0,0.4,2072,3.0,16203,3.038327,3.038327
2026-09-24T13:39:44.344626,4.0,0.4,2080,3.0,16234,3.04398,3.04398
2026-09-24T13:39:44.352626,4.0,0.4,2088,3.0,16220,3.041349,3.041349
2026-09-24T13:39:44.360626,4.0,0.4,2096,3.0,16180,3.03399,3.03399
2026-09-24T13:39:44.368626,4.0,0.4,2104,3.0,16206,3.03877,3.03877
2026-09-24T13:39:44.376626,4.0,0.4,2112,3.0,16226,3.042611,3.042611
2026-09-24T13:39:44.384626,4.0,0.4,2120,3.0,16199,3.03742,3.03742
2026-09-24T13:39:44.392626,4.0,0.4,2128,3.0,16218,3.041144,3.041144
2026-09-24T13:39:44.400626,4.0,0.4,2136,3.0,16224,3.042264,3.042264
2026-09-24T13:39:44.408626,4.0,0.4,2144,3.0,16205,3.038677,3.038677
2026-09-24T13:39:44.416626,4.0,0.4,2152,3.0,16220,3.041457,3.041457
2026-09-24T13:39:44.424626,4.0,0.4,2160,3.0,16203,3.038291,3.038291
2026-09-24T13:39:44.432626,4.0,0.4,2168,3.0,16210,3.039476,3.039476
2026-09-24T13:39:44.440626,4.0,0.4,2176,3.0,16240,3.045127,3.045127
2026-09-24T13:39:44.448626,4.0,0.4,2184,3.0,16224,3.042192,3.042192
2026-09-24T13:39:44.456626,4.0,0.4,2192,3.0,16236,3.04443,3.04443
2026-09-24T13:39:44.464626,4.0,0.4,2200,3.0,16185,3.034852,3.034852
2026-09-24T13:39:44.472626,4.0,0.4,2208,3.0,16221,3.041664,3.041664
2026-09-24T13:39:44.480626,4.0,0.4,2216,3.0,16193,3.036349,3.036349
2026-09-24T13:39:44.488626,4.0,0.4,2224,3.0,16184,3.034745,3.034745
2026-09-24T13:39:44.496626,4.0,0.4,2232,3.0,16233,3.04394,3.04394
2026-09-24T13:39:44.504626,4.0,0.4,2240,3.0,16170,3.032024,3.032024
2026-09-24T13:39:44.512626,4.0,0.4,2248,3.0,16204,3.038427,3.038427
2026-09-24T13:39:44.520626,4.0,0.4,2256,3.0,16190,3.03582,3.03582
2026-09-24T13:39:44.528626,4.0,0.4,2264,3.0,16223,3.041959,3.041959
2026-09-24T13:39:44.536626,4.0,0.4,2272,3.0,16184,3.034734,3.034734
2026-09-24T13:39:44.544626,4.0,0.4,2280,3.0,16187,3.035277,3.035277
2026-09-24T13:39:44.552626,4.0,0.4,2288,3.0,16190,3.035801,3.035801
2026-09-24T13:39:44.560626,4.0,0.4,2296,3.0,16155,3.029272,3.029272
2026-09-24T13:39:44.568626,4.0,0.4,2304,3.0,16194,3.036508,3.036508
2026-09-24T13:39:44.576626,4.0,0.4,2312,3.0,16216,3.040698,3.040698
2026-09-24T13:39:44.584626,4.0,0.4,2320,3.0,16210,3.039547,3.039547
2026-09-24T13:39:44.592626,4.0,0.4,2328,3.0,16193,3.036303,3.036303
2026-09-24T13:39:44.600626,4.0,0.4,2336,3.0,16185,3.034933,3.034933
2026-09-24T13:39:44.608626,4.0,0.4,2344,3.0,16183,3.034517,3.034517
2026-09-24T13:39:44.616626,4.0,0.4,2352,3.0,16207,3.039059,3.039059
2026-09-24T13:39:44.624626,4.0,0.4,2360,3.0,16184,3.034716,3.034716
2026-09-24T13:39:44.632626,4.0,0.4,2368,3.0,16223,3.041997,3.041997
2026-09-24T13:39:44.640626,4.0,0.4,2376,3.0,16220,3.041507,3.041507
2026-09-24T13:39:44.648626,4.0,0.4,2384,3.0,16156,3.029524,3.029524
2026-09-24T13:39:44.656626,4.0,0.4,2392,3.0,16209,3.039311,3.039311
2026-09-24T13:39:44.664626,4.0,0.4,2400,3.0,16202,3.03808,3.03808
2026-09-24T13:39:44.672626,4.0,0.4,2408,3.0,16221,3.041542,3.041542
2026-09-24T13:39:44.680626,4.0,0.4,2416,3.0,16212,3.039963,3.039963
2026-09-24T13:39:44.688626,4.0,0.4,2424,3.0,16226,3.042551,3.042551
2026-09-24T13:39:44.696626,4.0,0.4,2432,3.0,16203,3.038318,3.038318
2026-09-24T13:39:44.704626,4.0,0.4,2440,3.0,16178,3.033527,3.033527
2026-09-24T13:39:44.712626,4.0,0.4,2448,3.0,16198,3.037333,3.037333
2026-09-24T13:39:44.720626,4.0,0.4,2456,3.0,16203,3.03824,3.03824
2026-09-24T13:39:44.728626,4.0,0.4,2464,3.0,16179,3.033693,3.033693
2026-09-24T13:39:44.736626,4.0,0.4,2472,3.0,16207,3.039093,3.039093
2026-09-24T13:39:44.744626,4.0,0.4,2480,3.0,16219,3.041274,3.041274
2026-09-24T13:39:44.752626,4.0,0.4,2488,3.0,16179,3.033694,3.033694
2026-09-24T13:39:44.760626,4.0,0.4,2496,3.0,16225,3.04243,3.04243
2026-09-24T13:39:44.768626,4.0,0.4,2504,3.0,16175,3.033038,3.033038
2026-09-24T13:39:44.776626,4.0,0.4,2512,3.0,16195,3.036788,3.036788
2026-09-24T13:39:44.784626,4.0,0.4,2520,3.0,16238,3.044733,3.044733
2026-09-24T13:39:44.792626,4.0,0.4,2528,3.0,16178,3.033591,3.033591
2026-09-24T13:39:44.800626,4.0,0.4,2536,3.0,16205,3.038685,3.038685
2026-09-24T13:39:44.808626,4.0,0.4,2544,3.0,16218,3.041034,3.041034
2026-09-24T13:39:44.816626,4.0,0.4,2552,3.0,16183,3.034497,3.034497
2026-09-24T13:39:44.824626,4.0,0.4,2560,3.0,16219,3.041253,3.041253
2026-09-24T13:39:44.832626,4.0,0.4,2568,3.0,16197,3.037071,3.037071
2026-09-24T13:39:44.840626,4.0,0.4,2576,3.0,16208,3.039132,3.039132
2026-09-24T13:39:44.848626,4.0,0.4,2584,3.0,16180,3.033958,3.033958
2026-09-24T13:39:44.856626,4.0,0.4,2592,3.0,16228,3.042917,3.042917
2026-09-24T13:39:44.864626,4.0,0.4,2600,3.0,16186,3.035017,3.035017
2026-09-24T13:39:44.872626,4.0,0.4,2608,3.0,16183,3.034498,3.034498
2026-09-24T13:39:44.880626,4.0,0.4,2616,3.0,16187,3.035299,3.035299
2026-09-24T13:39:44.888626,4.0,0.4,2624,3.0,16212,3.039854,3.039854
2026-09-24T13:39:44.896626,4.0,0.4,2632,3.0,16189,3.035706,3.035706
2026-09-24T13:39:44.904626,4.0,0.4,2640,3.0,16217,3.040872,3.040872
2026-09-24T13:39:44.912626,4.0,0.4,2648,3.0,16190,3.035766,3.035766
2026-09-24T13:39:44.920626,4.0,0.4,2656,3.0,16178,3.03352,3.03352
2026-09-24T13:39:44.928626,4.0,0.4,2664,3.0,16219,3.041162,3.041162
2026-09-24T13:39:44.936626,4.0,0.4,2672,3.0,16193,3.036376,3.036376
2026-09-24T13:39:44.944626,4.0,0.4,2680,3.0,16198,3.037233,3.037233
2026-09-24T13:39:44.952626,4.0,0.4,2688,3.0,16195,3.03666,3.03666
2026-09-24T13:39:44.960626,4.0,0.4,2696,3.0,16212,3.039945,3.039945
2026-09-24T13:39:44.968626,4.0,0.4,2704,3.0,16205,3.038605,3.038605
2026-09-24T13:39:44.976626,4.0,0.4,2712,3.0,16195,3.036717,3.036717
2026-09-24T13:39:44.984626,4.0,0.4,2720,3.0,16200,3.037712,3.037712
2026-09-24T13:39:44.992626,4.0,0.4,2728,3.0,16157,3.029709,3.029709
2026-09-24T13:39:45.000626,4.0,0.4,2736,3.0,16158,3.029832,3.029832
2026-09-24T13:39:45.008626,4.0,0.4,2744,3.0,16210,3.039515,3.039515
2026-09-24T13:39:45.016626,4.0,0.4,2752,3.0,16186,3.03512,3.03512
2026-09-24T13:39:45.024626,4.0,0.4,2760,3.0,16199,3.037408,3.037408
2026-09-24T13:39:45.032626,4.0,0.4,2768,3.0,16212,3.039866,3.039866
2026-09-24T13:39:45.040626,4.0,0.4,2776,3.0,16187,3.035277,3.035277
2026-09-24T13:39:45.048626,4.0,0.4,2784,3.0,16174,3.032825,3.032825
2026-09-24T13:39:45.056626,4.0,0.4,2792,3.0,16204,3.038459,3.038459
2026-09-24T13:39:45.064626,4.0,0.4,2800,3.0,16224,3.042238,3.042238
2026-09-24T13:39:45.072626,4.0,0.4,2808,3.0,16195,3.036659,3.036659
2026-09-24T13:39:45.080626,4.0,0.4,2816,3.0,16184,3.034637,3.034637
2026-09-24T13:39:45.088626,4.0,0.4,2824,3.0,16177,3.033334,3.033334
2026-09-24T13:39:45.096626,4.0,0.4,2832,3.0,16166,3.031371,3.031371
2026-09-24T13:39:45.104626,4.0,0.4,2840,3.0,16216,3.04061,3.04061
2026-09-24T13:39:45.112626,4.0,0.4,2848,3.0,16218,3.041115,3.041115
2026-09-24T13:39:45.120626,4.0,0.4,2856,3.0,16183,3.03442,3.03442
2026-09-24T13:39:45.128626,4.0,0.4,2864,3.0,16237,3.044557,3.044557
2026-09-24T13:39:45.136626,4.0,0.4,2872,3.0,16212,3.039869,3.039869
2026-09-24T13:39:45.144626,4.0,0.4,2880,3.0,16195,3.036782,3.036782
2026-09-24T13:39:45.152626,4.0,0.4,2888,3.0,16211,3.039671,3.039671
2026-09-24T13:39:45.160626,4.0,0.4,2896,3.0,16207,3.039046,3.039046
2026-09-24T13:39:45.168626,4.0,0.4,2904,3.0,16206,3.038802,3.038802
2026-09-24T13:39:45.176626,4.0,0.4,2912,3.0,16175,3.033008,3.033008
2026-09-24T13:39:45.184626,4.0,0.4,2920,3.0,16200,3.037777,3.037777
2026-09-24T13:39:45.192626,4.0,0.4,2928,3.0,16213,3.040086,3.040086
2026-09-24T13:39:45.200626,4.0,0.4,2936,3.0,16186,3.03512,3.03512
2026-09-24T13:39:45.208626,4.0,0.4,2944,3.0,16233,3.04394,3.04394
2026-09-24T13:39:45.216626,4.0,0.4,2952,3.0,16240,3.045106,3.045106
2026-09-24T13:39:45.224626,4.0,0.4,2960,3.0,16226,3.042472,3.042472
2026-09-24T13:39:45.232626,4.0,0.4,2968,3.0,16194,3.036568,3.036568
2026-09-24T13:39:45.240626,4.0,0.4,2976,3.0,16248,3.046699,3.046699
2026-09-24T13:39:45.248626,4.0,0.4,2984,3.0,16202,3.03801,3.03801
2026-09-24T13:39:45.256626,4.0,0.4,2992,3.0,16220,3.041361,3.041361
2026-09-24T13:39:45.264626,4.0,0.4,3000,3.0,16203,3.038201,3.038201
2026-09-24T13:39:45.272626,4.0,0.4,3008,3.0,16203,3.038327,3.038327
2026-09-24T13:39:45.280626,4.0,0.4,3016,3.0,16180,3.034019,3.034019
2026-09-24T13:39:45.288626,4.0,0.4,3024,3.0,16186,3.035123,3.035123
2026-09-24T13:39:45.296626,4.0,0.4,3032,3.0,16221,3.041666,3.041666
2026-09-24T13:39:45.304626,4.0,0.4,3040,3.0,16220,3.041471,3.041471
2026-09-24T13:39:45.312626,4.0,0.4,3048,3.0,16178,3.033654,3.033654
2026-09-24T13:39:45.320626,4.0,0.4,3056,3.0,16172,3.03235,3.03235
2026-09-24T13:39:45.328626,4.0,0.4,3064,3.0,16192,3.036276,3.036276
2026-09-24T13:39:45.336626,4.0,0.4,3072,3.0,16186,3.03512,3.03512
2026-09-24T13:39:45.344626,4.0,0.4,3080,3.0,16204,3.038369,3.038369
2026-09-24T13:39:45.352626,4.0,0.4,3088,3.0,16211,3.039769,3.039769
2026-09-24T13:39:45.360626,4.0,0.4,3096,3.0,16181,3.034135,3.034135
2026-09-24T13:39:45.368626,4.0,0.4,3104,3.0,16197,3.037188,3.037188
2026-09-24T13:39:45.376626,4.0,0.4,3112,3.0,16166,3.03128,3.03128
2026-09-24T13:39:45.384626,4.0,0.4,3120,3.0,16182,3.034396,3.034396
2026-09-24T13:39:45.392626,4.0,0.4,3128,3.0,16177,3.033459,3.033459
2026-09-24T13:39:45.400626,4.0,0.4,3136,3.0,16199,3.037581,3.037581
2026-09-24T13:39:45.408626,4.0,0.4,3144,3.0,16196,3.036856,3.036856
2026-09-24T13:39:45.416626,4.0,0.4,3152,3.0,16181,3.03404,3.03404
2026-09-24T13:39:45.424626,4.0,0.4,3160,3.0,16206,3.038734,3.038734
2026-09-24T13:39:45.432626,4.0,0.4,3168,3.0,16173,3.032662,3.032662
2026-09-24T13:39:45.440626,4.0,0.4,3176,3.0,16219,3.041209,3.041209
2026-09-24T13:39:45.448626,4.0,0.4,3184,3.0,16185,3.034929,3.034929
2026-09-24T13:39:45.456626,4.0,0.4,3192,3.0,16192,3.036191,3.036191
2026-09-24T13:39:45.464626,4.0,0.4,3200,3.0,16176,3.033104,3.033104
2026-09-24T13:39:45.472626,4.0,0.4,3208,3.0,16220,3.041498,3.041498
2026-09-24T13:39:45.480626,4.0,0.4,3216,3.0,16156,3.029471,3.029471
2026-09-24T13:39:45.488626,4.0,0.4,3224,3.0,16209,3.039337,3.039337
2026-09-24T13:39:45.496626,4.0,0.4,3232,3.0,16248,3.046666,3.046666
2026-09-24T13:39:45.504626,4.0,0.4,3240,3.0,16205,3.038668,3.038668
2026-09-24T13:39:45.512626,4.0,0.4,3248,3.0,16224,3.0421,3.0421
2026-09-24T13:39:45.520626,4.0,0.4,3256,3.0,16185,3.034889,3.034889
2026-09-24T13:39:45.528626,4.0,0.4,3264,3.0,16230,3.043259,3.043259
2026-09-24T13:39:45.536626,4.0,0.4,3272,3.0,16190,3.035764,3.035764
2026-09-24T13:39:45.544626,4.0,0.4,3280,3.0,16209,3.039358,3.039358
2026-09-24T13:39:45.552626,4.0,0.4,3288,3.0,16222,3.041891,3.041891
2026-09-24T13:39:45.560626,4.0,0.4,3296,3.0,16206,3.038898,3.038898
2026-09-24T13:39:45.568626,4.0,0.4,3304,3.0,16209,3.039364,3.039364
2026-09-24T13:39:45.576626,4.0,0.4,3312,3.0,16194,3.036536,3.036536
2026-09-24T13:39:45.584626,4.0,0.4,3320,3.0,16237,3.0446,3.0446
2026-09-24T13:39:45.592626,4.0,0.4,3328,3.0,16197,3.03719,3.03719
2026-09-24T13:39:45.600626,4.0,0.4,3336,3.0,16219,3.041286,3.041286
2026-09-24T13:39:45.608626,4.0,0.4,3344,3.0,16218,3.041049,3.041049
2026-09-24T13:39:45.616626,4.0,0.4,3352,3.0,16192,3.03622,3.03622
2026-09-24T13:39:45.624626,4.0,0.4,3360,3.0,16191,3.035996,3.035996
2026-09-24T13:39:45.632626,4.0,0.4,3368,3.0,16188,3.035484,3.035484
2026-09-24T13:39:45.640626,4.0,0.4,3376,3.0,16205,3.038562,3.038562
2026-09-24T13:39:45.648626,4.0,0.4,3384,3.0,16183,3.034425,3.034425
2026-09-24T13:39:45.656626,4.0,0.4,3392,3.0,16178,3.033568,3.033568
2026-09-24T13:39:45.664626,4.0,0.4,3400,3.0,16195,3.036787,3.036787
2026-09-24T13:39:45.672626,4.0,0.4,3408,3.0,16222,3.041851,3.041851
2026-09-24T13:39:45.680626,4.0,0.4,3416,3.0,16168,3.031645,3.031645
2026-09-24T13:39:45.688626,4.0,0.4,3424,3.0,16227,3.042836,3.042836
2026-09-24T13:39:45.696626,4.0,0.4,3432,3.0,16212,3.03992,3.03992
2026-09-24T13:39:45.704626,4.0,0.4,3440,3.0,16177,3.033425,3.033425
2026-09-24T13:39:45.712626,4.0,0.4,3448,3.0,16191,3.036054,3.036054
2026-09-24T13:39:45.720626,4.0,0.4,3456,3.0,16179,3.033789,3.033789
2026-09-24T13:39:45.728626,4.0,0.4,3464,3.0,16195,3.036807,3.036807
2026-09-24T13:39:45.736626,4.0,0.4,3472,3.0,16200,3.037764,3.037764
2026-09-24T13:39:45.744626,4.0,0.4,3480,3.0,16204,3.038446,3.038446
2026-09-24T13:39:45.752626,4.0,0.4,3488,3.0,16215,3.040413,3.040413
2026-09-24T13:39:45.760626,4.0,0.4,3496,3.0,16203,3.038216,3.038216
2026-09-24T13:39:45.768626,4.0,0.4,3504,3.0,16176,3.033106,3.033106
2026-09-24T13:39:45.776626,4.0,0.4,3512,3.0,16182,3.03424,3.03424
2026-09-24T13:39:45.784626,4.0,0.4,3520,3.0,16220,3.041528,3.041528
2026-09-24T13:39:45.792626,4.0,0.4,3528,3.0,16203,3.038316,3.038316
2026-09-24T13:39:45.800626,4.0,0.4,3536,3.0,16203,3.038185,3.038185
2026-09-24T13:39:45.808626,4.0,0.4,3544,3.0,16202,3.038139,3.038139
2026-09-24T13:39:45.816626,4.0,0.4,3552,3.0,16189,3.035676,3.035676
2026-09-24T13:39:45.824626,4.0,0.4,3560,3.0,16228,3.042918,3.042918
2026-09-24T13:39:45.832626,4.0,0.4,3568,3.0,16193,3.036407,3.036407
2026-09-24T13:39:45.840626,4.0,0.4,3576,3.0,16193,3.036431,3.036431
2026-09-24T13:39:45.848626,4.0,0.4,3584,3.0,16203,3.038314,3.038314
2026-09-24T13:39:45.856626,4.0,0.4,3592,3.0,16194,3.036562,3.036562
2026-09-24T13:39:45.864626,4.0,0.4,3600,3.0,16199,3.037439,3.037439
2026-09-24T13:39:45.872626,4.0,0.4,3608,3.0,16218,3.04115,3.04115
2026-09-24T13:39:45.880626,4.0,0.4,3616,3.0,16156,3.029367,3.029367
2026-09-24T13:39:45.888626,4.0,0.4,3624,3.0,16186,3.035056,3.035056
2026-09-24T13:39:45.896626,4.0,0.4,3632,3.0,16216,3.040619,3.040619
2026-09-24T13:39:45.904626,4.0,0.4,3640,3.0,16207,3.038935,3.038935
2026-09-24T13:39:45.912626,4.0,0.4,3648,3.0,16210,3.039515,3.039515
2026-09-24T13:39:45.920626,4.0,0.4,3656,3.0,16220,3.041354,3.041354
2026-09-24T13:39:45.928626,4.0,0.4,3664,3.0,16182,3.034231,3.034231
2026-09-24T13:39:45.936626,4.0,0.4,3672,3.0,16201,3.037902,3.037902
2026-09-24T13:39:45.944626,4.0,0.4,3680,3.0,16213,3.04008,3.04008
2026-09-24T13:39:45.952626,4.0,0.4,3688,3.0,16173,3.032702,3.032702
2026-09-24T13:39:45.960626,4.0,0.4,3696,3.0,16197,3.037046,3.037046
2026-09-24T13:39:45.968626,4.0,0.4,3704,3.0,16237,3.044657,3.044657
2026-09-24T13:39:45.976626,4.0,0.4,3712,3.0,16169,3.031931,3.031931
2026-09-24T13:39:45.984626,4.0,0.4,3720,3.0,16182,3.034349,3.034349
2026-09-24T13:39:45.992626,4.0,0.4,3728,3.0,16190,3.035842,3.035842
2026-09-24T13:39:46.000626,4.0,0.4,3736,3.0,16233,3.043931,3.043931
2026-09-24T13:39:46.008626,4.0,0.4,3744,3.0,16193,3.036428,3.036428
2026-09-24T13:39:46.016626,4.0,0.4,3752,3.0,16227,3.042765,3.042765
2026-09-24T13:39:46.024626,4.0,0.4,3760,3.0,16238,3.044807,3.044807
2026-09-24T13:39:46.032626,4.0,0.4,3768,3.0,16214,3.04037,3.04037
2026-09-24T13:39:46.040626,4.0,0.4,3776,3.0,16202,3.037999,3.037999
2026-09-24T13:39:46.048626,4.0,0.4,3784,3.0,16186,3.034972,3.034972
2026-09-24T13:39:46.056626,4.0,0.4,3792,3.0,16219,3.041244,3.041244
2026-09-24T13:39:46.064626,4.0,0.4,3800,3.0,16194,3.03651,3.03651
2026-09-24T13:39:46.072626,4.0,0.4,3808,3.0,16197,3.037198,3.037198
2026-09-24T13:39:46.080626,4.0,0.4,3816,3.0,16218,3.040984,3.040984
2026-09-24T13:39:46.088626,4.0,0.4,3824,3.0,16207,3.039014,3.039014
2026-09-24T13:39:46.096626,4.0,0.4,3832,3.0,16227,3.042741,3.042741
2026-09-24T13:39:46.104626,4.0,0.4,3840,3.0,16222,3.04173,3.04173
2026-09-24T13:39:46.112626,4.0,0.4,3848,3.0,16214,3.040249,3.040249
2026-09-24T13:39:46.120626,4.0,0.4,3856,3.0,16203,3.038331,3.038331
2026-09-24T13:39:46.128626,4.0,0.4,3864,3.0,16190,3.035829,3.035829
2026-09-24T13:39:46.136626,4.0,0.4,3872,3.0,16219,3.041306,3.041306
2026-09-24T13:39:46.144626,4.0,0.4,3880,3.0,16180,3.033856,3.033856
2026-09-24T13:39:46.152626,4.0,0.4,3888,3.0,16189,3.035581,3.035581
2026-09-24T13:39:46.160626,4.0,0.4,3896,3.0,16196,3.036885,3.036885
2026-09-24T13:39:46.168626,4.0,0.4,3904,3.0,16197,3.037175,3.037175
2026-09-24T13:39:46.176626,4.0,0.4,3912,3.0,16206,3.038851,3.038851
2026-09-24T13:39:46.184626,4.0,0.4,3920,3.0,16198,3.037284,3.037284
2026-09-24T13:39:46.192626,4.0,0.4,3928,3.0,16190,3.035755,3.035755
2026-09-24T13:39:46.200626,4.0,0.4,3936,3.0,16218,3.041053,3.041053
2026-09-24T13:39:46.208626,4.0,0.4,3944,3.0,16190,3.035843,3.035843
2026-09-24T13:39:46.216626,4.0,0.4,3952,3.0,16220,3.041469,3.041469
2026-09-24T13:39:46.224626,4.0,0.4,3960,3.0,16226,3.042559,3.042559
2026-09-24T13:39:46.232626,4.0,0.4,3968,3.0,16192,3.036207,3.036207
2026-09-24T13:39:46.240626,4.0,0.4,3976,3.0,16182,3.034219,3.034219
2026-09-24T13:39:46.248626,4.0,0.4,3984,3.0,16198,3.037338,3.037338
2026-09-24T13:39:46.256626,4.0,0.4,3992,3.0,16222,3.041777,3.041777
2026-09-24T13:39:46.264626,4.0,0.4,4000,3.0,16150,3.028242,3.028242
2026-09-24T13:39:46.272626,4.0,0.4,4008,3.0,16192,3.036165,3.036165
2026-09-24T13:39:46.280626,4.0,0.4,4016,3.0,16187,3.035276,3.035276
2026-09-24T13:39:46.288626,4.0,0.4,4024,3.0,16183,3.034438,3.034438
2026-09-24T13:39:46.296626,4.0,0.4,4032,3.0,16177,3.033345,3.033345
2026-09-24T13:39:46.304626,4.0,0.4,4040,3.0,16197,3.037172,3.037172
2026-09-24T13:39:46.312626,4.0,0.4,4048,3.0,16235,3.044228,3.044228
2026-09-24T13:39:46.320626,4.0,0.4,4056,3.0,16185,3.034793,3.034793
2026-09-24T13:39:46.328626,4.0,0.4,4064,3.0,16185,3.034803,3.034803
2026-09-24T13:39:46.336626,4.0,0.4,4072,3.0,16221,3.041567,3.041567
2026-09-24T13:39:46.344626,4.0,0.4,4080,3.0,16204,3.038422,3.038422
2026-09-24T13:39:46.352626,4.0,0.4,4088,3.0,16210,3.039562,3.039562
2026-09-24T13:39:46.360626,4.0,0.4,4096,3.0,16185,3.034878,3.034878
2026-09-24T13:39:46.368626,4.0,0.4,4104,3.0,16225,3.042293,3.042293
2026-09-24T13:39:46.376626,4.0,0.4,4112,3.0,16195,3.036795,3.036795
2026-09-24T13:39:46.384626,4.0,0.4,4120,3.0,16210,3.039578,3.039578
2026-09-24T13:39:46.392626,4.0,0.4,4128,3.0,16178,3.033647,3.033647
2026-09-24T13:39:46.400626,4.0,0.4,4136,3.0,16226,3.042509,3.042509
2026-09-24T13:39:46.408626,4.0,0.4,4144,3.0,16240,3.045263,3.045263
2026-09-24T13:39:46.416626,4.0,0.4,4152,3.0,16160,3.030267,3.030267
2026-09-24T13:39:46.424626,4.0,0.4,4160,3.0,16211,3.039777,3.039777
2026-09-24T13:39:46.432626,4.0,0.4,4168,3.0,16198,3.037304,3.037304
2026-09-24T13:39:46.440626,4.0,0.4,4176,3.0,16240,3.04517,3.04517
2026-09-24T13:39:46.448626,4.0,0.4,4184,3.0,16169,3.031948,3.031948
2026-09-24T13:39:46.456626,4.0,0.4,4192,3.0,16209,3.039312,3.039312
2026-09-24T13:39:46.464626,4.0,0.4,4200,3.0,16192,3.036147,3.036147
2026-09-24T13:39:46.472626,4.0,0.4,4208,3.0,16208,3.039166,3.039166
2026-09-24T13:39:46.480626,4.0,0.4,4216,3.0,16182,3.034327,3.034327
2026-09-24T13:39:46.488626,4.0,0.4,4224,3.0,16197,3.037127,3.037127
2026-09-24T13:39:46.496626,4.0,0.4,4232,3.0,16243,3.045814,3.045814
2026-09-24T13:39:46.504626,4.0,0.4,4240,3.0,16205,3.038533,3.038533
2026-09-24T13:39:46.512626,4.0,0.4,4248,3.0,16208,3.039217,3.039217
2026-09-24T13:39:46.520626,4.0,0.4,4256,3.0,16217,3.040854,3.040854
2026-09-24T13:39:46.528626,4.0,0.4,4264,3.0,16200,3.0376,3.0376
2026-09-24T13:39:46.536626,4.0,0.4,4272,3.0,16236,3.044516,3.044516
2026-09-24T13:39:46.544626,4.0,0.4,4280,3.0,16184,3.034677,3.034677
2026-09-24T13:39:46.552626,4.0,0.4,4288,3.0,16188,3.035429,3.035429
2026-09-24T13:39:46.560626,4.0,0.4,4296,3.0,16203,3.03817,3.03817
2026-09-24T13:39:46.568626,4.0,0.4,4304,3.0,16221,3.041662,3.041662
2026-09-24T13:39:46.576626,4.0,0.4,4312,3.0,16207,3.039082,3.039082
2026-09-24T13:39:46.584626,4.0,0.4,4320,3.0,16213,3.040074,3.040074
2026-09-24T13:39:46.592626,4.0,0.4,4328,3.0,16167,3.031427,3.031427
2026-09-24T13:39:46.600626,4.0,0.4,4336,3.0,16207,3.038997,3.038997
2026-09-24T13:39:46.608626,4.0,0.4,4344,3.0,16197,3.037034,3.037034
2026-09-24T13:39:46.616626,4.0,0.4,4352,3.0,16190,3.035806,3.035806
2026-09-24T13:39:46.624626,4.0,0.4,4360,3.0,16202,3.037987,3.037987
2026-09-24T13:39:46.632626,4.0,0.4,4368,3.0,16204,3.038503,3.038503
2026-09-24T13:39:46.640626,4.0,0.4,4376,3.0,16215,3.040418,3.040418
2026-09-24T13:39:46.648626,4.0,0.4,4384,3.0,16189,3.035633,3.035633
2026-09-24T13:39:46.656626,4.0,0.4,4392,3.0,16189,3.035561,3.035561
2026-09-24T13:39:46.664626,4.0,0.4,4400,3.0,16186,3.034989,3.034989
2026-09-24T13:39:46.672626,4.0,0.4,4408,3.0,16208,3.039124,3.039124
2026-09-24T13:39:46.680626,4.0,0.4,4416,3.0,16187,3.035265,3.035265
2026-09-24T13:39:46.688626,4.0,0.4,4424,3.0,16207,3.038967,3.038967
2026-09-24T13:39:46.696626,4.0,0.4,4432,3.0,16196,3.036852,3.036852
2026-09-24T13:39:46.704626,4.0,0.4,4440,3.0,16208,3.039133,3.039133
2026-09-24T13:39:46.712626,4.0,0.4,4448,3.0,16201,3.037803,3.037803
2026-09-24T13:39:46.720626,4.0,0.4,4456,3.0,16217,3.040907,3.040907
2026-09-24T13:39:46.728626,4.0,0.4,4464,3.0,16190,3.035812,3.035812
2026-09-24T13:39:46.736626,4.0,0.4,4472,3.0,16183,3.034473,3.034473
2026-09-24T13:39:46.744626,4.0,0.4,4480,3.0,16250,3.046973,3.046973
2026-09-24T13:39:46.752626,4.0,0.4,4488,3.0,16210,3.039495,3.039495
2026-09-24T13:39:46.760626,4.0,0.4,4496,3.0,16191,3.03593,3.03593
2026-09-24T13:39:46.768626,4.0,0.4,4504,3.0,16201,3.037916,3.037916
2026-09-24T13:39:46.776626,4.0,0.4,4512,3.0,16201,3.037909,3.037909
2026-09-24T13:39:46.784626,4.0,0.4,4520,3.0,16192,3.036196,3.036196
2026-09-24T13:39:46.792626,4.0,0.4,4528,3.0,16197,3.037079,3.037079
2026-09-24T13:39:46.800626,4.0,0.4,4536,3.0,16225,3.042361,3.042361
2026-09-24T13:39:46.808626,4.0,0.4,4544,3.0,16190,3.035896,3.035896
2026-09-24T13:39:46.816626,4.0,0.4,4552,3.0,16182,3.034288,3.034288
2026-09-24T13:39:46.824626,4.0,0.4,4560,3.0,16205,3.038583,3.038583
2026-09-24T13:39:46.832626,4.0,0.4,4568,3.0,16213,3.040088,3.040088
2026-09-24T13:39:46.840626,4.0,0.4,4576,3.0,16170,3.032091,3.032091
2026-09-24T13:39:46.848626,4.0,0.4,4584,3.0,16220,3.04153,3.04153
2026-09-24T13:39:46.856626,4.0,0.4,4592,3.0,16239,3.045005,3.045005
2026-09-24T13:39:46.864626,4.0,0.4,4600,3.0,16200,3.037626,3.037626
2026-09-24T13:39:46.872626,4.0,0.4,4608,3.0,16206,3.038821,3.038821
2026-09-24T13:39:46.880626,4.0,0.4,4616,3.0,16152,3.028671,3.028671
2026-09-24T13:39:46.888626,4.0,0.4,4624,3.0,16210,3.039579,3.039579
2026-09-24T13:39:46.896626,4.0,0.4,4632,3.0,16177,3.03343,3.03343
2026-09-24T13:39:46.904626,4.0,0.4,4640,3.0,16225,3.042429,3.042429
2026-09-24T13:39:46.912626,4.0,0.4,4648,3.0,16190,3.035758,3.035758
2026-09-24T13:39:46.920626,4.0,0.4,4656,3.0,16196,3.036974,3.036974
2026-09-24T13:39:46.928626,4.0,0.4,4664,3.0,16209,3.039357,3.039357
2026-09-24T13:39:46.936626,4.0,0.4,4672,3.0,16185,3.034815,3.034815
2026-09-24T13:39:46.944626,4.0,0.4,4680,3.0,16199,3.03753,3.03753
2026-09-24T13:39:46.952626,4.0,0.4,4688,3.0,16191,3.035946,3.035946
2026-09-24T13:39:46.960626,4.0,0.4,4696,3.0,16192,3.036239,3.036239
2026-09-24T13:39:46.968626,4.0,0.4,4704,3.0,16192,3.036276,3.036276
2026-09-24T13:39:46.976626,4.0,0.4,4712,3.0,16190,3.035878,3.035878
2026-09-24T13:39:46.984626,4.0,0.4,4720,3.0,16233,3.043935,3.043935
2026-09-24T13:39:46.992626,4.0,0.4,4728,3.0,16179,3.033785,3.033785
2026-09-24T13:39:47.000626,4.0,0.4,4736,3.0,16238,3.044738,3.044738
2026-09-24T13:39:47.008626,4.0,0.4,4744,3.0,16195,3.036839,3.036839
2026-09-24T13:39:47.016626,4.0,0.4,4752,3.0,16222,3.041846,3.041846
2026-09-24T13:39:47.024626,4.0,0.4,4760,3.0,16229,3.043134,3.043134
2026-09-24T13:39:47.032626,4.0,0.4,4768,3.0,16159,3.030024,3.030024
2026-09-24T13:39:47.040626,4.0,0.4,4776,3.0,16189,3.035683,3.035683
2026-09-24T13:39:47.048626,4.0,0.4,4784,3.0,16195,3.036689,3.036689
2026-09-24T13:39:47.056626,4.0,0.4,4792,3.0,16225,3.042316,3.042316
2026-09-24T13:39:47.064626,4.0,0.4,4800,3.0,16202,3.038067,3.038067
2026-09-24T13:39:47.072626,4.0,0.4,4808,3.0,16198,3.037376,3.037376
2026-09-24T13:39:47.080626,4.0,0.4,4816,3.0,16177,3.033335,3.033335
2026-09-24T13:39:47.088626,4.0,0.4,4824,3.0,16195,3.036678,3.036678
2026-09-24T13:39:47.096626,4.0,0.4,4832,3.0,16181,3.034209,3.034209
2026-09-24T13:39:47.104626,4.0,0.4,4840,3.0,16152,3.028779,3.028779
2026-09-24T13:39:47.112626,4.0,0.4,4848,3.0,16183,3.034559,3.034559
2026-09-24T13:39:47.120626,4.0,0.4,4856,3.0,16191,3.035952,3.035952
2026-09-24T13:39:47.128626,4.0,0.4,4864,3.0,16183,3.034584,3.034584
2026-09-24T13:39:47.136626,4.0,0.4,4872,3.0,16189,3.035607,3.035607
2026-09-24T13:39:47.144626,4.0,0.4,4880,3.0,16194,3.036581,3.036581
2026-09-24T13:39:47.152626,4.0,0.4,4888,3.0,16189,3.035624,3.035624
2026-09-24T13:39:47.160626,4.0,0.4,4896,3.0,16199,3.037461,3.037461
2026-09-24T13:39:47.168626,4.0,0.4,4904,3.0,16204,3.038481,3.038481
2026-09-24T13:39:47.176626,4.0,0.4,4912,3.0,16215,3.040525,3.040525
2026-09-24T13:39:47.184626,4.0,0.4,4920,3.0,16206,3.03886,3.03886
2026-09-24T13:39:47.192626,4.0,0.4,4928,3.0,16211,3.039833,3.039833
2026-09-24T13:39:47.200626,4.0,0.4,4936,3.0,16218,3.041008,3.041008
2026-09-24T13:39:47.208626,4.0,0.4,4944,3.0,16154,3.029039,3.029039
2026-09-24T13:39:47.216626,4.0,0.4,4952,3.0,16229,3.043094,3.043094
2026-09-24T13:39:47.224626,4.0,0.4,4960,3.0,16194,3.036511,3.036511
2026-09-24T13:39:47.232626,4.0,0.4,4968,3.0,16198,3.037258,3.037258
2026-09-24T13:39:47.240626,4.0,0.4,4976,3.0,16206,3.038816,3.038816
2026-09-24T13:39:47.248626,4.0,0.4,4984,3.0,16212,3.039919,3.039919
2026-09-24T13:39:47.256626,4.0,0.4,4992,3.0,16182,3.034397,3.034397
2026-09-24T13:39:47.264626,4.0,0.4,5000,3.0,16175,3.033059,3.033059
2026-09-24T13:39:47.272626,4.0,0.4,5008,3.0,16199,3.037567,3.037567
2026-09-24T13:39:47.280626,4.0,0.4,5016,3.0,16184,3.03465,3.03465
2026-09-24T13:39:47.288626,4.0,0.4,5024,3.0,16229,3.043169,3.043169
2026-09-24T13:39:47.296626,4.0,0.4,5032,3.0,16225,3.042388,3.042388
2026-09-24T13:39:47.304626,4.0,0.4,5040,3.0,16204,3.038483,3.038483
2026-09-24T13:39:47.312626,4.0,0.4,5048,3.0,16253,3.047599,3.047599
2026-09-24T13:39:47.320626,4.0,0.4,5056,3.0,16192,3.036204,3.036204
2026-09-24T13:39:47.328626,4.0,0.4,5064,3.0,16198,3.037372,3.037372
2026-09-24T13:39:47.336626,4.0,0.4,5072,3.0,16246,3.046302,3.046302
2026-09-24T13:39:47.344626,4.0,0.4,5080,3.0,16201,3.037848,3.037848
2026-09-24T13:39:47.352626,4.0,0.4,5088,3.0,16217,3.040918,3.040918
2026-09-24T13:39:47.360626,4.0,0.4,5096,3.0,16200,3.037699,3.037699
2026-09-24T13:39:47.368626,4.0,0.4,5104,3.0,16202,3.038128,3.038128
2026-09-24T13:39:47.376626,4.0,0.4,5112,3.0,16215,3.040485,3.040485
2026-09-24T13:40:42.264626,6.67,0.667,0,5.0,17860,3.348935,3.348935
2026-09-24T13:40:42.272626,6.67,0.667,8,5.0,17850,3.347003,3.347003
2026-09-24T13:40:42.280626,6.67,0.667,16,5.0,17859,3.348743,3.348743
2026-09-24T13:40:42.288626,6.67,0.667,24,5.0,17881,3.35288,3.35288
2026-09-24T13:40:42.296626,6.67,0.667,32,5.0,17864,3.349615,3.349615
2026-09-24T13:40:42.304626,6.67,0.667,40,5.0,17886,3.353797,3.353797
2026-09-24T13:40:42.312626,6.67,0.667,48,5.0,17888,3.354126,3.354126
2026-09-24T13:40:42.320626,6.67,0.667,56,5.0,17857,3.348373,3.348373
2026-09-24T13:40:42.328626,6.67,0.667,64,5.0,17884,3.353403,3.353403
2026-09-24T13:40:42.336626,6.67,0.667,72,5.0,17857,3.348365,3.348365
2026-09-24T13:40:42.344626,6.67,0.667,80,5.0,17902,3.356835,3.356835
2026-09-24T13:40:42.352626,6.67,0.667,88,5.0,17845,3.346073,3.346073
2026-09-24T13:40:42.360626,6.67,0.667,96,5.0,17880,3.352677,3.352677
2026-09-24T13:40:42.368626,6.67,0.667,104,5.0,17864,3.349668,3.349668
2026-09-24T13:40:42.376626,6.67,0.667,112,5.0,17842,3.345484,3.345484
2026-09-24T13:40:42.384626,6.67,0.667,120,5.0,17862,3.349341,3.349341
2026-09-24T13:40:42.392626,6.67,0.667,128,5.0,17884,3.353521,3.353521
2026-09-24T13:40:42.400626,6.67,0.667,136,5.0,17881,3.352953,3.352953
2026-09-24T13:40:42.408626,6.67,0.667,144,5.0,17856,3.348234,3.348234
2026-09-24T13:40:42.416626,6.67,0.667,152,5.0,17853,3.347556,3.347556
2026-09-24T13:40:42.424626,6.67,0.667,160,5.0,17853,3.347558,3.347558
2026-09-24T13:40:42.432626,6.67,0.667,168,5.0,17879,3.352519,3.352519
2026-09-24T13:40:42.440626,6.67,0.667,176,5.0,17877,3.35207,3.35207
2026-09-24T13:40:42.448626,6.67,0.667,184,5.0,17873,3.351362,3.351362
2026-09-24T13:40:42.456626,6.67,0.667,192,5.0,17867,3.350299,3.350299
2026-09-24T13:40:42.464626,6.67,0.667,200,5.0,17895,3.355517,3.355517
2026-09-24T13:40:42.472626,6.67,0.667,208,5.0,17911,3.358437,3.358437
2026-09-24T13:40:42.480626,6.67,0.667,216,5.0,17842,3.345618,3.345618
2026-09-24T13:40:42.488626,6.67,0.667,224,5.0,17882,3.353072,3.353072
2026-09-24T13:40:42.496626,6.67,0.667,232,5.0,17906,3.357492,3.357492
2026-09-24T13:40:42.504626,6.67,0.667,240,5.0,17853,3.347639,3.347639
2026-09-24T13:40:42.512626,6.67,0.667,248,5.0,17866,3.350101,3.350101
2026-09-24T13:40:42.520626,6.67,0.667,256,5.0,17904,3.357258,3.357258
2026-09-24T13:40:42.528626,6.67,0.667,264,5.0,17870,3.35073,3.35073
2026-09-24T13:40:42.536626,6.67,0.667,272,5.0,17856,3.348256,3.348256
2026-09-24T13:40:42.544626,6.67,0.667,280,5.0,17867,3.350205,3.350205
2026-09-24T13:40:42.552626,6.67,0.667,288,5.0,17853,3.3477,3.3477
2026-09-24T13:40:42.560626,6.67,0.667,296,5.0,17849,3.346891,3.346891
2026-09-24T13:40:42.568626,6.67,0.667,304,5.0,17859,3.348798,3.348798
2026-09-24T13:40:42.576626,6.67,0.667,312,5.0,17869,3.350711,3.350711
2026-09-24T13:40:42.584626,6.67,0.667,320,5.0,17907,3.357667,3.357667
2026-09-24T13:40:42.592626,6.67,0.667,328,5.0,17874,3.351606,3.351606
2026-09-24T13:40:42.600626,6.67,0.667,336,5.0,17879,3.352586,3.352586
2026-09-24T13:40:42.608626,6.67,0.667,344,5.0,17856,3.348156,3.348156
2026-09-24T13:40:42.616626,6.67,0.667,352,5.0,17871,3.351091,3.351091
2026-09-24T13:40:42.624626,6.67,0.667,360,5.0,17894,3.355349,3.355349
2026-09-24T13:40:42.632626,6.67,0.667,368,5.0,17890,3.354542,3.354542
2026-09-24T13:40:42.640626,6.67,0.667,376,5.0,17897,3.35585,3.35585
2026-09-24T13:40:42.648626,6.67,0.667,384,5.0,17877,3.352163,3.352163
2026-09-24T13:40:42.656626,6.67,0.667,392,5.0,17876,3.35203,3.35203
2026-09-24T13:40:42.664626,6.67,0.667,400,5.0,17882,3.353139,3.353139
2026-09-24T13:40:42.672626,6.67,0.667,408,5.0,17891,3.3548,3.3548
2026-09-24T13:40:42.680626,6.67,0.667,416,5.0,17885,3.353675,3.353675
2026-09-24T13:40:42.688626,6.67,0.667,424,5.0,17848,3.346742,3.346742
2026-09-24T13:40:42.696626,6.67,0.667,432,5.0,17884,3.353535,3.353535
2026-09-24T13:40:42.704626,6.67,0.667,440,5.0,17865,3.349864,3.349864
2026-09-24T13:40:42.712626,6.67,0.667,448,5.0,17882,3.353153,3.353153
2026-09-24T13:40:42.720626,6.67,0.667,456,5.0,17904,3.357289,3.357289
2026-09-24T13:40:42.728626,6.67,0.667,464,5.0,17853,3.34772,3.34772
2026-09-24T13:40:42.736626,6.67,0.667,472,5.0,17871,3.351092,3.351092
2026-09-24T13:40:42.744626,6.67,0.667,480,5.0,17914,3.359006,3.359006
2026-09-24T13:40:42.752626,6.67,0.667,488,5.0,17869,3.350722,3.350722
2026-09-24T13:40:42.760626,6.67,0.667,496,5.0,17886,3.353888,3.353888
2026-09-24T13:40:42.768626,6.67,0.667,504,5.0,17862,3.349252,3.349252
2026-09-24T13:40:42.776626,6.67,0.667,512,5.0,17870,3.35073,3.35073
2026-09-24T13:40:42.784626,6.67,0.667,520,5.0,17883,3.35333,3.35333
2026-09-24T13:40:42.792626,6.67,0.667,528,5.0,17895,3.355478,3.355478
2026-09-24T13:40:42.800626,6.67,0.667,536,5.0,17885,3.353694,3.353694
2026-09-24T13:40:42.808626,6.67,0.667,544,5.0,17877,3.352051,3.352051
2026-09-24T13:40:42.816626,6.67,0.667,552,5.0,17851,3.347223,3.347223
2026-09-24T13:40:42.824626,6.67,0.667,560,5.0,17855,3.348042,3.348042
2026-09-24T13:40:42.832626,6.67,0.667,568,5.0,17870,3.350771,3.350771
2026-09-24T13:40:42.840626,6.67,0.667,576,5.0,17903,3.357093,3.357093
2026-09-24T13:40:42.848626,6.67,0.667,584,5.0,17853,3.347644,3.347644
2026-09-24T13:40:42.856626,6.67,0.667,592,5.0,17876,3.351937,3.351937
2026-09-24T13:40:42.864626,6.67,0.667,600,5.0,17875,3.351775,3.351775
2026-09-24T13:40:42.872626,6.67,0.667,608,5.0,17868,3.350471,3.350471
2026-09-24T13:40:42.880626,6.67,0.667,616,5.0,17860,3.349015,3.349015
2026-09-24T13:40:42.888626,6.67,0.667,624,5.0,17887,3.354004,3.354004
2026-09-24T13:40:42.896626,6.67,0.667,632,5.0,17868,3.350422,3.350422
2026-09-24T13:40:42.904626,6.67,0.667,640,5.0,17844,3.346019,3.346019
2026-09-24T13:40:42.912626,6.67,0.667,648,5.0,17861,3.349219,3.349219
2026-09-24T13:40:42.920626,6.67,0.667,656,5.0,17867,3.350207,3.350207
2026-09-24T13:40:42.928626,6.67,0.667,664,5.0,17891,3.354689,3.354689
2026-09-24T13:40:42.936626,6.67,0.667,672,5.0,17852,3.347393,3.347393
2026-09-24T13:40:42.944626,6.67,0.667,680,5.0,17860,3.348893,3.348893
2026-09-24T13:40:42.952626,6.67,0.667,688,5.0,17883,3.353193,3.353193
2026-09-24T13:40:42.960626,6.67,0.667,696,5.0,17835,3.344257,3.344257
2026-09-24T13:40:42.968626,6.67,0.667,704,5.0,17870,3.350889,3.350889
2026-09-24T13:40:42.976626,6.67,0.667,712,5.0,17848,3.346788,3.346788
2026-09-24T13:40:42.984626,6.67,0.667,720,5.0,17866,3.350151,3.350151
2026-09-24T13:40:42.992626,6.67,0.667,728,5.0,17856,3.348242,3.348242
2026-09-24T13:40:43.000626,6.67,0.667,736,5.0,17851,3.347307,3.347307
2026-09-24T13:40:43.008626,6.67,0.667,744,5.0,17883,3.353245,3.353245
2026-09-24T13:40:43.016626,6.67,0.667,752,5.0,17865,3.349942,3.349942
2026-09-24T13:40:43.024626,6.67,0.667,760,5.0,17882,3.353045,3.353045
2026-09-24T13:40:43.032626,6.67,0.667,768,5.0,17866,3.350033,3.350033
2026-09-24T13:40:43.040626,6.67,0.667,776,5.0,17866,3.35008,3.35008
2026-09-24T13:40:43.048626,6.67,0.667,784,5.0,17888,3.354207,3.354207
2026-09-24T13:40:43.056626,6.67,0.667,792,5.0,17834,3.344094,3.344094
2026-09-24T13:40:43.064626,6.67,0.667,800,5.0,17905,3.35738,3.35738
2026-09-24T13:40:43.072626,6.67,0.667,808,5.0,17889,3.354335,3.354335
2026-09-24T13:40:43.080626,6.67,0.667,816,5.0,17895,3.355498,3.355498
2026-09-24T13:40:43.088626,6.67,0.667,824,5.0,17854,3.347734,3.347734
2026-09-24T13:40:43.096626,6.67,0.667,832,5.0,17837,3.344652,3.344652
2026-09-24T13:40:43.104626,6.67,0.667,840,5.0,17869,3.350648,3.350648
2026-09-24T13:40:43.112626,6.67,0.667,848,5.0,17855,3.348013,3.348013
2026-09-24T13:40:43.120626,6.67,0.667,856,5.0,17877,3.352116,3.352116
2026-09-24T13:40:43.128626,6.67,0.667,864,5.0,17825,3.342338,3.342338
2026-09-24T13:40:43.136626,6.67,0.667,872,5.0,17885,3.353648,3.353648
2026-09-24T13:40:43.144626,6.67,0.667,880,5.0,17886,3.353784,3.353784
2026-09-24T13:40:43.152626,6.67,0.667,888,5.0,17853,3.347615,3.347615
2026-09-24T13:40:43.160626,6.67,0.667,896,5.0,17872,3.351261,3.351261
2026-09-24T13:40:43.168626,6.67,0.667,904,5.0,17848,3.346714,3.346714
2026-09-24T13:40:43.176626,6.67,0.667,912,5.0,17854,3.347849,3.347849
2026-09-24T13:40:43.184626,6.67,0.667,920,5.0,17872,3.351187,3.351187
2026-09-24T13:40:43.192626,6.67,0.667,928,5.0,17879,3.352548,3.352548
2026-09-24T13:40:43.200626,6.67,0.667,936,5.0,17880,3.352731,3.352731
2026-09-24T13:40:43.208626,6.67,0.667,944,5.0,17865,3.349846,3.349846
2026-09-24T13:40:43.216626,6.67,0.667,952,5.0,17856,3.348135,3.348135
2026-09-24T13:40:43.224626,6.67,0.667,960,5.0,17900,3.356512,3.356512
2026-09-24T13:40:43.232626,6.67,0.667,968,5.0,17888,3.354266,3.354266
2026-09-24T13:40:43.240626,6.67,0.667,976,5.0,17855,3.348051,3.348051
2026-09-24T13:40:43.248626,6.67,0.667,984,5.0,17847,3.346487,3.346487
2026-09-24T13:40:43.256626,6.67,0.667,992,5.0,17876,3.351999,3.351999
2026-09-24T13:40:43.264626,6.67,0.667,1000,5.0,17839,3.345,3.345
2026-09-24T13:40:43.272626,6.67,0.667,1008,5.0,17855,3.348038,3.348038
2026-09-24T13:40:43.280626,6.67,0.667,1016,5.0,17823,3.341915,3.341915
2026-09-24T13:40:43.288626,6.67,0.667,1024,5.0,17907,3.357826,3.357826
2026-09-24T13:40:43.296626,6.67,0.667,1032,5.0,17878,3.352262,3.352262
2026-09-24T13:40:43.304626,6.67,0.667,1040,5.0,17875,3.35178,3.35178
2026-09-24T13:40:43.312626,6.67,0.667,1048,5.0,17899,3.356234,3.356234
2026-09-24T13:40:43.320626,6.67,0.667,1056,5.0,17861,3.349058,3.349058
2026-09-24T13:40:43.328626,6.67,0.667,1064,5.0,17857,3.348402,3.348402
2026-09-24T13:40:43.336626,6.67,0.667,1072,5.0,17895,3.355551,3.355551
2026-09-24T13:40:43.344626,6.67,0.667,1080,5.0,17885,3.353619,3.353619
2026-09-24T13:40:43.352626,6.67,0.667,1088,5.0,17866,3.35003,3.35003
2026-09-24T13:40:43.360626,6.67,0.667,1096,5.0,17871,3.350971,3.350971
2026-09-24T13:40:43.368626,6.67,0.667,1104,5.0,17872,3.35113,3.35113
2026-09-24T13:40:43.376626,6.67,0.667,1112,5.0,17845,3.346147,3.346147
2026-09-24T13:40:43.384626,6.67,0.667,1120,5.0,17866,3.350091,3.350091
2026-09-24T13:40:43.392626,6.67,0.667,1128,5.0,17893,3.355146,3.355146
2026-09-24T13:40:43.400626,6.67,0.667,1136,5.0,17872,3.351204,3.351204
2026-09-24T13:40:43.408626,6.67,0.667,1144,5.0,17874,3.351479,3.351479
2026-09-24T13:40:43.416626,6.67,0.667,1152,5.0,17844,3.34593,3.34593
2026-09-24T13:40:43.424626,6.67,0.667,1160,5.0,17847,3.346515,3.346515
2026-09-24T13:40:43.432626,6.67,0.667,1168,5.0,17851,3.347314,3.347314
2026-09-24T13:40:43.440626,6.67,0.667,1176,5.0,17865,3.349889,3.349889
2026-09-24T13:40:43.448626,6.67,0.667,1184,5.0,17889,3.354378,3.354378
2026-09-24T13:40:43.456626,6.67,0.667,1192,5.0,17853,3.347727,3.347727
2026-09-24T13:40:43.464626,6.67,0.667,1200,5.0,17878,3.352351,3.352351
2026-09-24T13:40:43.472626,6.67,0.667,1208,5.0,17843,3.345798,3.345798
2026-09-24T13:40:43.480626,6.67,0.667,1216,5.0,17873,3.351475,3.351475
2026-09-24T13:40:43.488626,6.67,0.667,1224,5.0,17882,3.353037,3.353037
2026-09-24T13:40:43.496626,6.67,0.667,1232,5.0,17833,3.343878,3.343878
2026-09-24T13:40:43.504626,6.67,0.667,1240,5.0,17852,3.347375,3.347375
2026-09-24T13:40:43.512626,6.67,0.667,1248,5.0,17884,3.353428,3.353428
2026-09-24T13:40:43.520626,6.67,0.667,1256,5.0,17862,3.349263,3.349263
2026-09-24T13:40:43.528626,6.67,0.667,1264,5.0,17871,3.350957,3.350957
2026-09-24T13:40:43.536626,6.67,0.667,1272,5.0,17857,3.348445,3.348445
2026-09-24T13:40:43.544626,6.67,0.667,1280,5.0,17860,3.348968,3.348968
2026-09-24T13:40:43.552626,6.67,0.667,1288,5.0,17901,3.356608,3.356608
2026-09-24T13:40:43.560626,6.67,0.667,1296,5.0,17883,3.353283,3.353283
2026-09-24T13:40:43.568626,6.67,0.667,1304,5.0,17905,3.35743,3.35743
2026-09-24T13:40:43.576626,6.67,0.667,1312,5.0,17854,3.34791,3.34791
2026-09-24T13:40:43.584626,6.67,0.667,1320,5.0,17889,3.354435,3.354435
2026-09-24T13:40:43.592626,6.67,0.667,1328,5.0,17880,3.352643,3.352643
2026-09-24T13:40:43.600626,6.67,0.667,1336,5.0,17866,3.350162,3.350162
2026-09-24T13:40:43.608626,6.67,0.667,1344,5.0,17853,3.347569,3.347569
2026-09-24T13:40:43.616626,6.67,0.667,1352,5.0,17872,3.351237,3.351237
2026-09-24T13:40:43.624626,6.67,0.667,1360,5.0,17854,3.347813,3.347813
2026-09-24T13:40:43.632626,6.67,0.667,1368,5.0,17870,3.350848,3.350848
2026-09-24T13:40:43.640626,6.67,0.667,1376,5.0,17852,3.347405,3.347405
2026-09-24T13:40:43.648626,6.67,0.667,1384,5.0,17873,3.351343,3.351343
2026-09-24T13:40:43.656626,6.67,0.667,1392,5.0,17879,3.35248,3.35248
2026-09-24T13:40:43.664626,6.67,0.667,1400,5.0,17907,3.357794,3.357794
2026-09-24T13:40:43.672626,6.67,0.667,1408,5.0,17861,3.349073,3.349073
2026-09-24T13:40:43.680626,6.67,0.667,1416,5.0,17894,3.35526,3.35526
2026-09-24T13:40:43.688626,6.67,0.667,1424,5.0,17875,3.351733,3.351733
2026-09-24T13:40:43.696626,6.67,0.667,1432,5.0,17899,3.356259,3.356259
2026-09-24T13:40:43.704626,6.67,0.667,1440,5.0,17896,3.355682,3.355682
2026-09-24T13:40:43.712626,6.67,0.667,1448,5.0,17851,3.347327,3.347327
2026-09-24T13:40:43.720626,6.67,0.667,1456,5.0,17893,3.355161,3.355161
2026-09-24T13:40:43.728626,6.67,0.667,1464,5.0,17878,3.352346,3.352346
2026-09-24T13:40:43.736626,6.67,0.667,1472,5.0,17898,3.355999,3.355999
2026-09-24T13:40:43.744626,6.67,0.667,1480,5.0,17882,3.353129,3.353129
2026-09-24T13:40:43.752626,6.67,0.667,1488,5.0,17884,3.353505,3.353505
2026-09-24T13:40:43.760626,6.67,0.667,1496,5.0,17870,3.350824,3.350824
2026-09-24T13:40:43.768626,6.67,0.667,1504,5.0,17871,3.350981,3.350981
2026-09-24T13:40:43.776626,6.67,0.667,1512,5.0,17868,3.350378,3.350378
2026-09-24T13:40:43.784626,6.67,0.667,1520,5.0,17868,3.350512,3.350512
2026-09-24T13:40:43.792626,6.67,0.667,1528,5.0,17859,3.34877,3.34877
2026-09-24T13:40:43.800626,6.67,0.667,1536,5.0,17895,3.355546,3.355546
2026-09-24T13:40:43.808626,6.67,0.667,1544,5.0,17897,3.355829,3.355829
2026-09-24T13:40:43.816626,6.67,0.667,1552,5.0,17891,3.354828,3.354828
2026-09-24T13:40:43.824626,6.67,0.667,1560,5.0,17888,3.354265,3.354265
2026-09-24T13:40:43.832626,6.67,0.667,1568,5.0,17872,3.351184,3.351184
2026-09-24T13:40:43.840626,6.67,0.667,1576,5.0,17890,3.354635,3.354635
2026-09-24T13:40:43.848626,6.67,0.667,1584,5.0,17865,3.349968,3.349968
2026-09-24T13:40:43.856626,6.67,0.667,1592,5.0,17866,3.350054,3.350054
2026-09-24T13:40:43.864626,6.67,0.667,1600,5.0,17894,3.355385,3.355385
2026-09-24T13:40:43.872626,6.67,0.667,1608,5.0,17858,3.348576,3.348576
2026-09-24T13:40:43.880626,6.67,0.667,1616,5.0,17872,3.351236,3.351236
2026-09-24T13:40:43.888626,6.67,0.667,1624,5.0,17891,3.354669,3.354669
2026-09-24T13:40:43.896626,6.67,0.667,1632,5.0,17883,3.353332,3.353332
2026-09-24T13:40:43.904626,6.67,0.667,1640,5.0,17875,3.351723,3.351723
2026-09-24T13:40:43.912626,6.67,0.667,1648,5.0,17860,3.348995,3.348995
2026-09-24T13:40:43.920626,6.67,0.667,1656,5.0,17879,3.352572,3.352572
2026-09-24T13:40:43.928626,6.67,0.667,1664,5.0,17882,3.352984,3.352984
2026-09-24T13:40:43.936626,6.67,0.667,1672,5.0,17866,3.350105,3.350105
2026-09-24T13:40:43.944626,6.67,0.667,1680,5.0,17863,3.349545,3.349545
2026-09-24T13:40:43.952626,6.67,0.667,1688,5.0,17866,3.350045,3.350045
2026-09-24T13:40:43.960626,6.67,0.667,1696,5.0,17852,3.347452,3.347452
2026-09-24T13:40:43.968626,6.67,0.667,1704,5.0,17892,3.35492,3.35492
2026-09-24T13:40:43.976626,6.67,0.667,1712,5.0,17860,3.34903,3.34903
2026-09-24T13:40:43.984626,6.67,0.667,1720,5.0,17880,3.352618,3.352618
2026-09-24T13:40:43.992626,6.67,0.667,1728,5.0,17899,3.356344,3.356344
2026-09-24T13:40:44.000626,6.67,0.667,1736,5.0,17865,3.349836,3.349836
2026-09-24T13:40:44.008626,6.67,0.667,1744,5.0,17877,3.352085,3.352085
2026-09-24T13:40:44.016626,6.67,0.667,1752,5.0,17869,3.35071,3.35071
2026-09-24T13:40:44.024626,6.67,0.667,1760,5.0,17891,3.35472,3.35472
2026-09-24T13:40:44.032626,6.67,0.667,1768,5.0,17859,3.348847,3.348847
2026-09-24T13:40:44.040626,6.67,0.667,1776,5.0,17870,3.350741,3.350741
2026-09-24T13:40:44.048626,6.67,0.667,1784,5.0,17850,3.347057,3.347057
2026-09-24T13:40:44.056626,6.67,0.667,1792,5.0,17890,3.354556,3.354556
2026-09-24T13:40:44.064626,6.67,0.667,1800,5.0,17859,3.34876,3.34876
2026-09-24T13:40:44.072626,6.67,0.667,1808,5.0,17880,3.352732,3.352732
2026-09-24T13:40:44.080626,6.67,0.667,1816,5.0,17915,3.359222,3.359222
2026-09-24T13:40:44.088626,6.67,0.667,1824,5.0,17883,3.35333,3.35333
2026-09-24T13:40:44.096626,6.67,0.667,1832,5.0,17903,3.356975,3.356975
2026-09-24T13:40:44.104626,6.67,0.667,1840,5.0,17868,3.350405,3.350405
2026-09-24T13:40:44.112626,6.67,0.667,1848,5.0,17899,3.356193,3.356193
2026-09-24T13:40:44.120626,6.67,0.667,1856,5.0,17867,3.350215,3.350215
2026-09-24T13:40:44.128626,6.67,0.667,1864,5.0,17891,3.354682,3.354682
2026-09-24T13:40:44.136626,6.67,0.667,1872,5.0,17876,3.352038,3.352038
2026-09-24T13:40:44.144626,6.67,0.667,1880,5.0,17867,3.350334,3.350334
2026-09-24T13:40:44.152626,6.67,0.667,1888,5.0,17877,3.352185,3.352185
2026-09-24T13:40:44.160626,6.67,0.667,1896,5.0,17867,3.350204,3.350204
2026-09-24T13:40:44.168626,6.67,0.667,1904,5.0,17835,3.344297,3.344297
2026-09-24T13:40:44.176626,6.67,0.667,1912,5.0,17860,3.348883,3.348883
2026-09-24T13:40:44.184626,6.67,0.667,1920,5.0,17845,3.346074,3.346074
2026-09-24T13:40:44.192626,6.67,0.667,1928,5.0,17912,3.358635,3.358635
2026-09-24T13:40:44.200626,6.67,0.667,1936,5.0,17863,3.349516,3.349516
2026-09-24T13:40:44.208626,6.67,0.667,1944,5.0,17863,3.349592,3.349592
2026-09-24T13:40:44.216626,6.67,0.667,1952,5.0,17858,3.348628,3.348628
2026-09-24T13:40:44.224626,6.67,0.667,1960,5.0,17903,3.356927,3.356927
2026-09-24T13:40:44.232626,6.67,0.667,1968,5.0,17888,3.354226,3.354226
2026-09-24T13:40:44.240626,6.67,0.667,1976,5.0,17885,3.35359,3.35359
2026-09-24T13:40:44.248626,6.67,0.667,1984,5.0,17848,3.346625,3.346625
2026-09-24T13:40:44.256626,6.67,0.667,1992,5.0,17818,3.341008,3.341008
2026-09-24T13:40:44.264626,6.67,0.667,2000,5.0,17896,3.355719,3.355719
2026-09-24T13:40:44.272626,6.67,0.667,2008,5.0,17882,3.352979,3.352979
2026-09-24T13:40:44.280626,6.67,0.667,2016,5.0,17853,3.347594,3.347594
2026-09-24T13:40:44.288626,6.67,0.667,2024,5.0,17893,3.355069,3.355069
2026-09-24T13:40:44.296626,6.67,0.667,2032,5.0,17857,3.348362,3.348362
2026-09-24T13:40:44.304626,6.67,0.667,2040,5.0,17877,3.35213,3.35213
2026-09-24T13:40:44.312626,6.67,0.667,2048,5.0,17848,3.346609,3.346609
2026-09-24T13:40:44.320626,6.67,0.667,2056,5.0,17850,3.346978,3.346978
2026-09-24T13:40:44.328626,6.67,0.667,2064,5.0,17860,3.348876,3.348876
2026-09-24T13:40:44.336626,6.67,0.667,2072,5.0,17861,3.349151,3.349151
2026-09-24T13:40:44.344626,6.67,0.667,2080,5.0,17858,3.348529,3.348529
2026-09-24T13:40:44.352626,6.67,0.667,2088,5.0,17854,3.347742,3.347742
2026-09-24T13:40:44.360626,6.67,0.667,2096,5.0,17864,3.349776,3.349776
2026-09-24T13:40:44.368626,6.67,0.667,2104,5.0,17888,3.354226,3.354226
2026-09-24T13:40:44.376626,6.67,0.667,2112,5.0,17891,3.354827,3.354827
2026-09-24T13:40:44.384626,6.67,0.667,2120,5.0,17875,3.35167,3.35167
2026-09-24T13:40:44.392626,6.67,0.667,2128,5.0,17891,3.35485,3.35485
2026-09-24T13:40:44.400626,6.67,0.667,2136,5.0,17864,3.349625,3.349625
2026-09-24T13:40:44.408626,6.67,0.667,2144,5.0,17901,3.356587,3.356587
2026-09-24T13:40:44.416626,6.67,0.667,2152,5.0,17880,3.352742,3.352742
2026-09-24T13:40:44.424626,6.67,0.667,2160,5.0,17886,3.35384,3.35384
2026-09-24T13:40:44.432626,6.67,0.667,2168,5.0,17871,3.351052,3.351052
2026-09-24T13:40:44.440626,6.67,0.667,2176,5.0,17860,3.349024,3.349024
2026-09-24T13:40:44.448626,6.67,0.667,2184,5.0,17875,3.351731,3.351731
2026-09-24T13:40:44.456626,6.67,0.667,2192,5.0,17852,3.347436,3.347436
2026-09-24T13:40:44.464626,6.67,0.667,2200,5.0,17880,3.352764,3.352764
2026-09-24T13:40:44.472626,6.67,0.667,2208,5.0,17856,3.348285,3.348285
2026-09-24T13:40:44.480626,6.67,0.667,2216,5.0,17905,3.357443,3.357443
2026-09-24T13:40:44.488626,6.67,0.667,2224,5.0,17882,3.353132,3.353132
2026-09-24T13:40:44.496626,6.67,0.667,2232,5.0,17889,3.354328,3.354328
2026-09-24T13:40:44.504626,6.67,0.667,2240,5.0,17910,3.358258,3.358258
2026-09-24T13:40:44.512626,6.67,0.667,2248,5.0,17883,3.353349,3.353349
2026-09-24T13:40:44.520626,6.67,0.667,2256,5.0,17900,3.356475,3.356475
2026-09-24T13:40:44.528626,6.67,0.667,2264,5.0,17842,3.345546,3.345546
2026-09-24T13:40:44.536626,6.67,0.667,2272,5.0,17879,3.35245,3.35245
2026-09-24T13:40:44.544626,6.67,0.667,2280,5.0,17877,3.352167,3.352167
2026-09-24T13:40:44.552626,6.67,0.667,2288,5.0,17828,3.343013,3.343013
2026-09-24T13:40:44.560626,6.67,0.667,2296,5.0,17905,3.357476,3.357476
2026-09-24T13:40:44.568626,6.67,0.667,2304,5.0,17888,3.354105,3.354105
2026-09-24T13:40:44.576626,6.67,0.667,2312,5.0,17901,3.356633,3.356633
2026-09-24T13:40:44.584626,6.67,0.667,2320,5.0,17849,3.346879,3.346879
2026-09-24T13:40:44.592626,6.67,0.667,2328,5.0,17904,3.357142,3.357142
2026-09-24T13:40:44.600626,6.67,0.667,2336,5.0,17869,3.35064,3.35064
2026-09-24T13:40:44.608626,6.67,0.667,2344,5.0,17915,3.359255,3.359255
2026-09-24T13:40:44.616626,6.67,0.667,2352,5.0,17884,3.35352,3.35352
2026-09-24T13:40:44.624626,6.67,0.667,2360,5.0,17863,3.34952,3.34952
2026-09-24T13:40:44.632626,6.67,0.667,2368,5.0,17905,3.357297,3.357297
2026-09-24T13:40:44.640626,6.67,0.667,2376,5.0,17859,3.348793,3.348793
2026-09-24T13:40:44.648626,6.67,0.667,2384,5.0,17902,3.356833,3.356833
2026-09-24T13:40:44.656626,6.67,0.667,2392,5.0,17875,3.35167,3.35167
2026-09-24T13:40:44.664626,6.67,0.667,2400,5.0,17864,3.349603,3.349603
2026-09-24T13:40:44.672626,6.67,0.667,2408,5.0,17882,3.353156,3.353156
2026-09-24T13:40:44.680626,6.67,0.667,2416,5.0,17869,3.35069,3.35069
2026-09-24T13:40:44.688626,6.67,0.667,2424,5.0,17880,3.352743,3.352743
2026-09-24T13:40:44.696626,6.67,0.667,2432,5.0,17884,3.353447,3.353447
2026-09-24T13:40:44.704626,6.67,0.667,2440,5.0,17896,3.355746,3.355746
2026-09-24T13:40:44.712626,6.67,0.667,2448,5.0,17865,3.349932,3.349932
2026-09-24T13:40:44.720626,6.67,0.667,2456,5.0,17911,3.358453,3.358453
2026-09-24T13:40:44.728626,6.67,0.667,2464,5.0,17898,3.356068,3.356068
2026-09-24T13:40:44.736626,6.67,0.667,2472,5.0,17870,3.35082,3.35082
2026-09-24T13:40:44.744626,6.67,0.667,2480,5.0,17859,3.348776,3.348776
2026-09-24T13:40:44.752626,6.67,0.667,2488,5.0,17882,3.352982,3.352982
2026-09-24T13:40:44.760626,6.67,0.667,2496,5.0,17901,3.356709,3.356709
2026-09-24T13:40:44.768626,6.67,0.667,2504,5.0,17871,3.350942,3.350942
2026-09-24T13:40:44.776626,6.67,0.667,2512,5.0,17859,3.348749,3.348749
2026-09-24T13:40:44.784626,6.67,0.667,2520,5.0,17853,3.347548,3.347548
2026-09-24T13:40:44.792626,6.67,0.667,2528,5.0,17878,3.352268,3.352268
2026-09-24T13:40:44.800626,6.67,0.667,2536,5.0,17840,3.345215,3.345215
2026-09-24T13:40:44.808626,6.67,0.667,2544,5.0,17860,3.349009,3.349009
2026-09-24T13:40:44.816626,6.67,0.667,2552,5.0,17883,3.353292,3.353292
2026-09-24T13:40:44.824626,6.67,0.667,2560,5.0,17876,3.351914,3.351914
2026-09-24T13:40:44.832626,6.67,0.667,2568,5.0,17855,3.34801,3.34801
2026-09-24T13:40:44.840626,6.67,0.667,2576,5.0,17884,3.353525,3.353525
2026-09-24T13:40:44.848626,6.67,0.667,2584,5.0,17890,3.354518,3.354518
2026-09-24T13:40:44.856626,6.67,0.667,2592,5.0,17857,3.348325,3.348325
2026-09-24T13:40:44.864626,6.67,0.667,2600,5.0,17911,3.358524,3.358524
2026-09-24T13:40:44.872626,6.67,0.667,2608,5.0,17877,3.352078,3.352078
2026-09-24T13:40:44.880626,6.67,0.667,2616,5.0,17862,3.349292,3.349292
2026-09-24T13:40:44.888626,6.67,0.667,2624,5.0,17907,3.357725,3.357725
2026-09-24T13:40:44.896626,6.67,0.667,2632,5.0,17849,3.346838,3.346838
2026-09-24T13:40:44.904626,6.67,0.667,2640,5.0,17858,3.348613,3.348613
2026-09-24T13:40:44.912626,6.67,0.667,2648,5.0,17897,3.355922,3.355922
2026-09-24T13:40:44.920626,6.67,0.667,2656,5.0,17884,3.353539,3.353539
2026-09-24T13:40:44.928626,6.67,0.667,2664,5.0,17876,3.351863,3.351863
2026-09-24T13:40:44.936626,6.67,0.667,2672,5.0,17865,3.349918,3.349918
2026-09-24T13:40:44.944626,6.67,0.667,2680,5.0,17878,3.352272,3.352272
2026-09-24T13:40:44.952626,6.67,0.667,2688,5.0,17848,3.34677,3.34677
2026-09-24T13:40:44.960626,6.67,0.667,2696,5.0,17874,3.351616,3.351616
2026-09-24T13:40:44.968626,6.67,0.667,2704,5.0,17876,3.351994,3.351994
2026-09-24T13:40:44.976626,6.67,0.667,2712,5.0,17884,3.353499,3.353499
2026-09-24T13:40:44.984626,6.67,0.667,2720,5.0,17890,3.354599,3.354599
2026-09-24T13:40:44.992626,6.67,0.667,2728,5.0,17884,3.35347,3.35347
2026-09-24T13:40:45.000626,6.67,0.667,2736,5.0,17899,3.356216,3.356216
2026-09-24T13:40:45.008626,6.67,0.667,2744,5.0,17850,3.346992,3.346992
2026-09-24T13:40:45.016626,6.67,0.667,2752,5.0,17863,3.349447,3.349447
2026-09-24T13:40:45.024626,6.67,0.667,2760,5.0,17863,3.349451,3.349451
2026-09-24T13:40:45.032626,6.67,0.667,2768,5.0,17902,3.356808,3.356808
2026-09-24T13:40:45.040626,6.67,0.667,2776,5.0,17889,3.354448,3.354448
2026-09-24T13:40:45.048626,6.67,0.667,2784,5.0,17857,3.34829,3.34829
2026-09-24T13:40:45.056626,6.67,0.667,2792,5.0,17892,3.354998,3.354998
2026-09-24T13:40:45.064626,6.67,0.667,2800,5.0,17884,3.353453,3.353453
2026-09-24T13:40:45.072626,6.67,0.667,2808,5.0,17888,3.354209,3.354209
2026-09-24T13:40:45.080626,6.67,0.667,2816,5.0,17871,3.350983,3.350983
2026-09-24T13:40:45.088626,6.67,0.667,2824,5.0,17906,3.357523,3.357523
2026-09-24T13:40:45.096626,6.67,0.667,2832,5.0,17890,3.354639,3.354639
2026-09-24T13:40:45.104626,6.67,0.667,2840,5.0,17860,3.349003,3.349003
2026-09-24T13:40:45.112626,6.67,0.667,2848,5.0,17885,3.353548,3.353548
2026-09-24T13:40:45.120626,6.67,0.667,2856,5.0,17867,3.35021,3.35021
2026-09-24T13:40:45.128626,6.67,0.667,2864,5.0,17879,3.35243,3.35243
2026-09-24T13:40:45.136626,6.67,0.667,2872,5.0,17866,3.349993,3.349993
2026-09-24T13:40:45.144626,6.67,0.667,2880,5.0,17887,3.354045,3.354045
2026-09-24T13:40:45.152626,6.67,0.667,2888,5.0,17867,3.350258,3.350258
2026-09-24T13:40:45.160626,6.67,0.667,2896,5.0,17874,3.35166,3.35166
2026-09-24T13:40:45.168626,6.67,0.667,2904,5.0,17826,3.34249,3.34249
2026-09-24T13:40:45.176626,6.67,0.667,2912,5.0,17878,3.352362,3.352362
2026-09-24T13:40:45.184626,6.67,0.667,2920,5.0,17901,3.356576,3.356576
2026-09-24T13:40:45.192626,6.67,0.667,2928,5.0,17868,3.350384,3.350384
2026-09-24T13:40:45.200626,6.67,0.667,2936,5.0,17854,3.347888,3.347888
2026-09-24T13:40:45.208626,6.67,0.667,2944,5.0,17876,3.351913,3.351913
2026-09-24T13:40:45.216626,6.67,0.667,2952,5.0,17852,3.34738,3.34738
2026-09-24T13:40:45.224626,6.67,0.667,2960,5.0,17861,3.349199,3.349199
2026-09-24T13:40:45.232626,6.67,0.667,2968,5.0,17864,3.349712,3.349712
2026-09-24T13:40:45.240626,6.67,0.667,2976,5.0,17869,3.350697,3.350697
2026-09-24T13:40:45.248626,6.67,0.667,2984,5.0,17915,3.359285,3.359285
2026-09-24T13:40:45.256626,6.67,0.667,2992,5.0,17893,3.355058,3.355058
2026-09-24T13:40:45.264626,6.67,0.667,3000,5.0,17853,3.347669,3.347669
2026-09-24T13:40:45.272626,6.67,0.667,3008,5.0,17862,3.349249,3.349249
2026-09-24T13:40:45.280626,6.67,0.667,3016,5.0,17858,3.348486,3.348486
2026-09-24T13:40:45.288626,6.67,0.667,3024,5.0,17851,3.347287,3.347287
2026-09-24T13:40:45.296626,6.67,0.667,3032,5.0,17859,3.348826,3.348826
2026-09-24T13:40:45.304626,6.67,0.667,3040,5.0,17886,3.353753,3.353753
2026-09-24T13:40:45.312626,6.67,0.667,3048,5.0,17883,3.353245,3.353245
2026-09-24T13:40:45.320626,6.67,0.667,3056,5.0,17833,3.343944,3.343944
2026-09-24T13:40:45.328626,6.67,0.667,3064,5.0,17857,3.348453,3.348453
2026-09-24T13:40:45.336626,6.67,0.667,3072,5.0,17855,3.34807,3.34807
2026-09-24T13:40:45.344626,6.67,0.667,3080,5.0,17838,3.344748,3.344748
2026-09-24T13:40:45.352626,6.67,0.667,3088,5.0,17883,3.353218,3.353218
2026-09-24T13:40:45.360626,6.67,0.667,3096,5.0,17884,3.353483,3.353483
2026-09-24T13:40:45.368626,6.67,0.667,3104,5.0,17885,3.353578,3.353578
2026-09-24T13:40:45.376626,6.67,0.667,3112,5.0,17841,3.34531,3.34531
2026-09-24T13:40:45.384626,6.67,0.667,3120,5.0,17857,3.348376,3.348376
2026-09-24T13:40:45.392626,6.67,0.667,3128,5.0,17856,3.348259,3.348259
2026-09-24T13:40:45.400626,6.67,0.667,3136,5.0,17853,3.347615,3.347615
2026-09-24T13:40:45.408626,6.67,0.667,3144,5.0,17867,3.350281,3.350281
2026-09-24T13:40:45.416626,6.67,0.667,3152,5.0,17883,3.353262,3.353262
2026-09-24T13:40:45.424626,6.67,0.667,3160,5.0,17858,3.348496,3.348496
2026-09-24T13:40:45.432626,6.67,0.667,3168,5.0,17880,3.3527,3.3527
2026-09-24T13:40:45.440626,6.67,0.667,3176,5.0,17864,3.349648,3.349648
2026-09-24T13:40:45.448626,6.67,0.667,3184,5.0,17836,3.344513,3.344513
2026-09-24T13:40:45.456626,6.67,0.667,3192,5.0,17891,3.354839,3.354839
2026-09-24T13:40:45.464626,6.67,0.667,3200,5.0,17852,3.347525,3.347525
2026-09-24T13:40:45.472626,6.67,0.667,3208,5.0,17865,3.349921,3.349921
2026-09-24T13:40:45.480626,6.67,0.667,3216,5.0,17887,3.353976,3.353976
2026-09-24T13:40:45.488626,6.67,0.667,3224,5.0,17916,3.359395,3.359395
2026-09-24T13:40:45.496626,6.67,0.667,3232,5.0,17887,3.353944,3.353944
2026-09-24T13:40:45.504626,6.67,0.667,3240,5.0,17898,3.356047,3.356047
2026-09-24T13:40:45.512626,6.67,0.667,3248,5.0,17863,3.349416,3.349416
2026-09-24T13:40:45.520626,6.67,0.667,3256,5.0,17905,3.357368,3.357368
2026-09-24T13:40:45.528626,6.67,0.667,3264,5.0,17905,3.357377,3.357377
2026-09-24T13:40:45.536626,6.67,0.667,3272,5.0,17844,3.345936,3.345936
2026-09-24T13:40:45.544626,6.67,0.667,3280,5.0,17880,3.352759,3.352759
2026-09-24T13:40:45.552626,6.67,0.667,3288,5.0,17827,3.342754,3.342754
2026-09-24T13:40:45.560626,6.67,0.667,3296,5.0,17869,3.350554,3.350554
2026-09-24T13:40:45.568626,6.67,0.667,3304,5.0,17882,3.353092,3.353092
2026-09-24T13:40:45.576626,6.67,0.667,3312,5.0,17876,3.351945,3.351945
2026-09-24T13:40:45.584626,6.67,0.667,3320,5.0,17901,3.356636,3.356636
2026-09-24T13:40:45.592626,6.67,0.667,3328,5.0,17868,3.350402,3.350402
2026-09-24T13:40:45.600626,6.67,0.667,3336,5.0,17890,3.35457,3.35457
2026-09-24T13:40:45.608626,6.67,0.667,3344,5.0,17878,3.352249,3.352249
2026-09-24T13:40:45.616626,6.67,0.667,3352,5.0,17872,3.351233,3.351233
2026-09-24T13:40:45.624626,6.67,0.667,3360,5.0,17889,3.354416,3.354416
2026-09-24T13:40:45.632626,6.67,0.667,3368,5.0,17864,3.349723,3.349723
2026-09-24T13:40:45.640626,6.67,0.667,3376,5.0,17877,3.352041,3.352041
2026-09-24T13:40:45.648626,6.67,0.667,3384,5.0,17896,3.355674,3.355674
2026-09-24T13:40:45.656626,6.67,0.667,3392,5.0,17877,3.352122,3.352122
2026-09-24T13:40:45.664626,6.67,0.667,3400,5.0,17876,3.35195,3.35195
2026-09-24T13:40:45.672626,6.67,0.667,3408,5.0,17883,3.353273,3.353273
2026-09-24T13:40:45.680626,6.67,0.667,3416,5.0,17878,3.352326,3.352326
2026-09-24T13:40:45.688626,6.67,0.667,3424,5.0,17869,3.350544,3.350544
2026-09-24T13:40:45.696626,6.67,0.667,3432,5.0,17873,3.351467,3.351467
2026-09-24T13:40:45.704626,6.67,0.667,3440,5.0,17893,3.35504,3.35504
2026-09-24T13:40:45.712626,6.67,0.667,3448,5.0,17896,3.355735,3.355735
2026-09-24T13:40:45.720626,6.67,0.667,3456,5.0,17901,3.356679,3.356679
2026-09-24T13:40:45.728626,6.67,0.667,3464,5.0,17870,3.350727,3.350727
2026-09-24T13:40:45.736626,6.67,0.667,3472,5.0,17892,3.354939,3.354939
2026-09-24T13:40:45.744626,6.67,0.667,3480,5.0,17843,3.345842,3.345842
2026-09-24T13:40:45.752626,6.67,0.667,3488,5.0,17863,3.349449,3.349449
2026-09-24T13:40:45.760626,6.67,0.667,3496,5.0,17895,3.355549,3.355549
2026-09-24T13:40:45.768626,6.67,0.667,3504,5.0,17904,3.357172,3.357172
2026-09-24T13:40:45.776626,6.67,0.667,3512,5.0,17895,3.355598,3.355598
2026-09-24T13:40:45.784626,6.67,0.667,3520,5.0,17827,3.342727,3.342727
2026-09-24T13:40:45.792626,6.67,0.667,3528,5.0,17880,3.35261,3.35261
2026-09-24T13:40:45.800626,6.67,0.667,3536,5.0,17868,3.350432,3.350432
2026-09-24T13:40:45.808626,6.67,0.667,3544,5.0,17845,3.34611,3.34611
2026-09-24T13:40:45.816626,6.67,0.667,3552,5.0,17880,3.352728,3.352728
2026-09-24T13:40:45.824626,6.67,0.667,3560,5.0,17829,3.343188,3.343188
2026-09-24T13:40:45.832626,6.67,0.667,3568,5.0,17903,3.357028,3.357028
2026-09-24T13:40:45.840626,6.67,0.667,3576,5.0,17866,3.350146,3.350146
2026-09-24T13:40:45.848626,6.67,0.667,3584,5.0,17898,3.356091,3.356091
2026-09-24T13:40:45.856626,6.67,0.667,3592,5.0,17896,3.355632,3.355632
2026-09-24T13:40:45.864626,6.67,0.667,3600,5.0,17870,3.350884,3.350884
2026-09-24T13:40:45.872626,6.67,0.667,3608,5.0,17845,3.346219,3.346219
2026-09-24T13:40:45.880626,6.67,0.667,3616,5.0,17876,3.351877,3.351877
2026-09-24T13:40:45.888626,6.67,0.667,3624,5.0,17879,3.352578,3.352578
2026-09-24T13:40:45.896626,6.67,0.667,3632,5.0,17870,3.350881,3.350881
2026-09-24T13:40:45.904626,6.67,0.667,3640,5.0,17903,3.356966,3.356966
2026-09-24T13:40:45.912626,6.67,0.667,3648,5.0,17858,3.34858,3.34858
2026-09-24T13:40:45.920626,6.67,0.667,3656,5.0,17874,3.351625,3.351625
2026-09-24T13:40:45.928626,6.67,0.667,3664,5.0,17879,3.352457,3.352457
2026-09-24T13:40:45.936626,6.67,0.667,3672,5.0,17886,3.353815,3.353815
2026-09-24T13:40:45.944626,6.67,0.667,3680,5.0,17879,3.352445,3.352445
2026-09-24T13:40:45.952626,6.67,0.667,3688,5.0,17877,3.352186,3.352186
2026-09-24T13:40:45.960626,6.67,0.667,3696,5.0,17882,3.353024,3.353024
2026-09-24T13:40:45.968626,6.67,0.667,3704,5.0,17897,3.355894,3.355894
2026-09-24T13:40:45.976626,6.67,0.667,3712,5.0,17909,3.358124,3.358124
2026-09-24T13:40:45.984626,6.67,0.667,3720,5.0,17864,3.349767,3.349767
2026-09-24T13:40:45.992626,6.67,0.667,3728,5.0,17874,3.351502,3.351502
2026-09-24T13:40:46.000626,6.67,0.667,3736,5.0,17839,3.344956,3.344956
2026-09-24T13:40:46.008626,6.67,0.667,3744,5.0,17862,3.349294,3.349294
2026-09-24T13:40:46.016626,6.67,0.667,3752,5.0,17872,3.351218,3.351218
2026-09-24T13:40:46.024626,6.67,0.667,3760,5.0,17871,3.351001,3.351001
2026-09-24T13:40:46.032626,6.67,0.667,3768,5.0,17895,3.355558,3.355558
2026-09-24T13:40:46.040626,6.67,0.667,3776,5.0,17900,3.356513,3.356513
2026-09-24T13:40:46.048626,6.67,0.667,3784,5.0,17829,3.3431,3.3431
2026-09-24T13:40:46.056626,6.67,0.667,3792,5.0,17876,3.351938,3.351938
2026-09-24T13:40:46.064626,6.67,0.667,3800,5.0,17884,3.353361,3.353361
2026-09-24T13:40:46.072626,6.67,0.667,3808,5.0,17875,3.351771,3.351771
2026-09-24T13:40:46.080626,6.67,0.667,3816,5.0,17857,3.348424,3.348424
2026-09-24T13:40:46.088626,6.67,0.667,3824,5.0,17883,3.353313,3.353313
2026-09-24T13:40:46.096626,6.67,0.667,3832,5.0,17876,3.351911,3.351911
2026-09-24T13:40:46.104626,6.67,0.667,3840,5.0,17881,3.352863,3.352863
2026-09-24T13:40:46.112626,6.67,0.667,3848,5.0,17863,3.349442,3.349442
2026-09-24T13:40:46.120626,6.67,0.667,3856,5.0,17840,3.345175,3.345175
2026-09-24T13:40:46.128626,6.67,0.667,3864,5.0,17844,3.345973,3.345973
2026-09-24T13:40:46.136626,6.67,0.667,3872,5.0,17839,3.345087,3.345087
2026-09-24T13:40:46.144626,6.67,0.667,3880,5.0,17859,3.348677,3.348677
2026-09-24T13:40:46.152626,6.67,0.667,3888,5.0,17875,3.351784,3.351784
2026-09-24T13:40:46.160626,6.67,0.667,3896,5.0,17895,3.355586,3.355586
2026-09-24T13:40:46.168626,6.67,0.667,3904,5.0,17881,3.352828,3.352828
2026-09-24T13:40:46.176626,6.67,0.667,3912,5.0,17878,3.352358,3.352358
2026-09-24T13:40:46.184626,6.67,0.667,3920,5.0,17853,3.347562,3.347562
2026-09-24T13:40:46.192626,6.67,0.667,3928,5.0,17872,3.351228,3.351228
2026-09-24T13:40:46.200626,6.67,0.667,3936,5.0,17887,3.353961,3.353961
2026-09-24T13:40:46.208626,6.67,0.667,3944,5.0,17880,3.352699,3.352699
2026-09-24T13:40:46.216626,6.67,0.667,3952,5.0,17863,3.349417,3.349417
2026-09-24T13:40:46.224626,6.67,0.667,3960,5.0,17880,3.352721,3.352721
2026-09-24T13:40:46.232626,6.67,0.667,3968,5.0,17858,3.34852,3.34852
2026-09-24T13:40:46.240626,6.67,0.667,3976,5.0,17864,3.349705,3.349705
2026-09-24T13:40:46.248626,6.67,0.667,3984,5.0,17890,3.354481,3.354481
2026-09-24T13:40:46.256626,6.67,0.667,3992,5.0,17877,3.352053,3.352053
2026-09-24T13:40:46.264626,6.67,0.667,4000,5.0,17912,3.358696,3.358696
2026-09-24T13:40:46.272626,6.67,0.667,4008,5.0,17896,3.35563,3.35563
2026-09-24T13:40:46.280626,6.67,0.667,4016,5.0,17873,3.351412,3.351412
2026-09-24T13:40:46.288626,6.67,0.667,4024,5.0,17895,3.355443,3.355443
2026-09-24T13:40:46.296626,6.67,0.667,4032,5.0,17862,3.349303,3.349303
2026-09-24T13:40:46.304626,6.67,0.667,4040,5.0,17883,3.353325,3.353325
2026-09-24T13:40:46.312626,6.67,0.667,4048,5.0,17895,3.355522,3.355522
2026-09-24T13:40:46.320626,6.67,0.667,4056,5.0,17863,3.349479,3.349479
2026-09-24T13:40:46.328626,6.67,0.667,4064,5.0,17876,3.352003,3.352003
2026-09-24T13:40:46.336626,6.67,0.667,4072,5.0,17875,3.351848,3.351848
2026-09-24T13:40:46.344626,6.67,0.667,4080,5.0,17888,3.354252,3.354252
2026-09-24T13:40:46.352626,6.67,0.667,4088,5.0,17882,3.353038,3.353038
2026-09-24T13:40:46.360626,6.67,0.667,4096,5.0,17870,3.350804,3.350804
2026-09-24T13:40:46.368626,6.67,0.667,4104,5.0,17879,3.352497,3.352497
2026-09-24T13:40:46.376626,6.67,0.667,4112,5.0,17890,3.354613,3.354613
2026-09-24T13:40:46.384626,6.67,0.667,4120,5.0,17878,3.352296,3.352296
2026-09-24T13:40:46.392626,6.67,0.667,4128,5.0,17905,3.357448,3.357448
2026-09-24T13:40:46.400626,6.67,0.667,4136,5.0,17864,3.349645,3.349645
2026-09-24T13:40:46.408626,6.67,0.667,4144,5.0,17875,3.351674,3.351674
2026-09-24T13:40:46.416626,6.67,0.667,4152,5.0,17871,3.351056,3.351056
2026-09-24T13:40:46.424626,6.67,0.667,4160,5.0,17881,3.352974,3.352974
2026-09-24T13:40:46.432626,6.67,0.667,4168,5.0,17866,3.350123,3.350123
2026-09-24T13:40:46.440626,6.67,0.667,4176,5.0,17892,3.355014,3.355014
2026-09-24T13:40:46.448626,6.67,0.667,4184,5.0,17888,3.35412,3.35412
2026-09-24T13:40:46.456626,6.67,0.667,4192,5.0,17867,3.350336,3.350336
2026-09-24T13:40:46.464626,6.67,0.667,4200,5.0,17869,3.350604,3.350604
2026-09-24T13:40:46.472626,6.67,0.667,4208,5.0,17839,3.34499,3.34499
2026-09-24T13:40:46.480626,6.67,0.667,4216,5.0,17846,3.346403,3.346403
2026-09-24T13:40:46.488626,6.67,0.667,4224,5.0,17832,3.343686,3.343686
2026-09-24T13:40:46.496626,6.67,0.667,4232,5.0,17898,3.356092,3.356092
2026-09-24T13:40:46.504626,6.67,0.667,4240,5.0,17866,3.350039,3.350039
2026-09-24T13:40:46.512626,6.67,0.667,4248,5.0,17862,3.349326,3.349326
2026-09-24T13:40:46.520626,6.67,0.667,4256,5.0,17849,3.34686,3.34686
2026-09-24T13:40:46.528626,6.67,0.667,4264,5.0,17866,3.34999,3.34999
2026-09-24T13:40:46.536626,6.67,0.667,4272,5.0,17889,3.354318,3.354318
2026-09-24T13:40:46.544626,6.67,0.667,4280,5.0,17857,3.348418,3.348418
2026-09-24T13:40:46.552626,6.67,0.667,4288,5.0,17868,3.350484,3.350484
2026-09-24T13:40:46.560626,6.67,0.667,4296,5.0,17887,3.354081,3.354081
2026-09-24T13:40:46.568626,6.67,0.667,4304,5.0,17874,3.351531,3.351531
2026-09-24T13:40:46.576626,6.67,0.667,4312,5.0,17865,3.34982,3.34982
2026-09-24T13:40:46.584626,6.67,0.667,4320,5.0,17856,3.348119,3.348119
2026-09-24T13:40:46.592626,6.67,0.667,4328,5.0,17887,3.354054,3.354054
2026-09-24T13:40:46.600626,6.67,0.667,4336,5.0,17894,3.355382,3.355382
2026-09-24T13:40:46.608626,6.67,0.667,4344,5.0,17886,3.353734,3.353734
2026-09-24T13:40:46.616626,6.67,0.667,4352,5.0,17899,3.356168,3.356168
2026-09-24T13:40:46.624626,6.67,0.667,4360,5.0,17843,3.345713,3.345713
2026-09-24T13:40:46.632626,6.67,0.667,4368,5.0,17886,3.353754,3.353754
2026-09-24T13:40:46.640626,6.67,0.667,4376,5.0,17863,3.349461,3.349461
2026-09-24T13:40:46.648626,6.67,0.667,4384,5.0,17851,3.347193,3.347193
2026-09-24T13:40:46.656626,6.67,0.667,4392,5.0,17911,3.358535,3.358535
2026-09-24T13:40:46.664626,6.67,0.667,4400,5.0,17878,3.352347,3.352347
2026-09-24T13:40:46.672626,6.67,0.667,4408,5.0,17889,3.354365,3.354365
2026-09-24T13:40:46.680626,6.67,0.667,4416,5.0,17872,3.35115,3.35115
2026-09-24T13:40:46.688626,6.67,0.667,4424,5.0,17869,3.350572,3.350572
2026-09-24T13:40:46.696626,6.67,0.667,4432,5.0,17889,3.354355,3.354355
2026-09-24T13:40:46.704626,6.67,0.667,4440,5.0,17856,3.348282,3.348282
2026-09-24T13:40:46.712626,6.67,0.667,4448,5.0,17866,3.349988,3.349988
2026-09-24T13:40:46.720626,6.67,0.667,4456,5.0,17871,3.350962,3.350962
2026-09-24T13:40:46.728626,6.67,0.667,4464,5.0,17868,3.350533,3.350533
2026-09-24T13:40:46.736626,6.67,0.667,4472,5.0,17864,3.349676,3.349676
2026-09-24T13:40:46.744626,6.67,0.667,4480,5.0,17883,3.353231,3.353231
2026-09-24T13:40:46.752626,6.67,0.667,4488,5.0,17883,3.35317,3.35317
2026-09-24T13:40:46.760626,6.67,0.667,4496,5.0,17864,3.349686,3.349686
2026-09-24T13:40:46.768626,6.67,0.667,4504,5.0,17895,3.355546,3.355546
2026-09-24T13:40:46.776626,6.67,0.667,4512,5.0,17869,3.35072,3.35072
2026-09-24T13:40:46.784626,6.67,0.667,4520,5.0,17872,3.351107,3.351107
2026-09-24T13:40:46.792626,6.67,0.667,4528,5.0,17864,3.349689,3.349689
2026-09-24T13:40:46.800626,6.67,0.667,4536,5.0,17856,3.34813,3.34813
2026-09-24T13:40:46.808626,6.67,0.667,4544,5.0,17861,3.349114,3.349114
2026-09-24T13:40:46.816626,6.67,0.667,4552,5.0,17874,3.351525,3.351525
2026-09-24T13:40:46.824626,6.67,0.667,4560,5.0,17886,3.353853,3.353853
2026-09-24T13:40:46.832626,6.67,0.667,4568,5.0,17878,3.352374,3.352374
2026-09-24T13:40:46.840626,6.67,0.667,4576,5.0,17865,3.349839,3.349839
2026-09-24T13:40:46.848626,6.67,0.667,4584,5.0,17887,3.353988,3.353988
2026-09-24T13:40:46.856626,6.67,0.667,4592,5.0,17899,3.356327,3.356327
2026-09-24T13:40:46.864626,6.67,0.667,4600,5.0,17884,3.353501,3.353501
2026-09-24T13:40:46.872626,6.67,0.667,4608,5.0,17902,3.356802,3.356802
2026-09-24T13:40:46.880626,6.67,0.667,4616,5.0,17862,3.349399,3.349399
2026-09-24T13:40:46.888626,6.67,0.667,4624,5.0,17850,3.347045,3.347045
2026-09-24T13:40:46.896626,6.67,0.667,4632,5.0,17877,3.352166,3.352166
2026-09-24T13:40:46.904626,6.67,0.667,4640,5.0,17876,3.352004,3.352004
2026-09-24T13:40:46.912626,6.67,0.667,4648,5.0,17908,3.358024,3.358024
2026-09-24T13:40:46.920626,6.67,0.667,4656,5.0,17822,3.341913,3.341913
2026-09-24T13:40:46.928626,6.67,0.667,4664,5.0,17875,3.351678,3.351678
2026-09-24T13:40:46.936626,6.67,0.667,4672,5.0,17875,3.351684,3.351684
2026-09-24T13:40:46.944626,6.67,0.667,4680,5.0,17850,3.347135,3.347135
2026-09-24T13:40:46.952626,6.67,0.667,4688,5.0,17855,3.348075,3.348075
2026-09-24T13:40:46.960626,6.67,0.667,4696,5.0,17851,3.347221,3.347221
2026-09-24T13:40:46.968626,6.67,0.667,4704,5.0,17858,3.348554,3.348554
2026-09-24T13:40:46.976626,6.67,0.667,4712,5.0,17827,3.342851,3.342851
2026-09-24T13:40:46.984626,6.67,0.667,4720,5.0,17858,3.348635,3.348635
2026-09-24T13:40:46.992626,6.67,0.667,4728,5.0,17916,3.359441,3.359441
2026-09-24T13:40:47.000626,6.67,0.667,4736,5.0,17856,3.348259,3.348259
2026-09-24T13:40:47.008626,6.67,0.667,4744,5.0,17895,3.355529,3.355529
2026-09-24T13:40:47.016626,6.67,0.667,4752,5.0,17889,3.354402,3.354402
2026-09-24T13:40:47.024626,6.67,0.667,4760,5.0,17876,3.351913,3.351913
2026-09-24T13:40:47.032626,6.67,0.667,4768,5.0,17873,3.351393,3.351393
2026-09-24T13:40:47.040626,6.67,0.667,4776,5.0,17867,3.350179,3.350179
2026-09-24T13:40:47.048626,6.67,0.667,4784,5.0,17860,3.348904,3.348904
2026-09-24T13:40:47.056626,6.67,0.667,4792,5.0,17913,3.358869,3.358869
2026-09-24T13:40:47.064626,6.67,0.667,4800,5.0,17883,3.353208,3.353208
2026-09-24T13:40:47.072626,6.67,0.667,4808,5.0,17856,3.348253,3.348253
2026-09-24T13:40:47.080626,6.67,0.667,4816,5.0,17861,3.349072,3.349072
2026-09-24T13:40:47.088626,6.67,0.667,4824,5.0,17849,3.346909,3.346909
2026-09-24T13:40:47.096626,6.67,0.667,4832,5.0,17858,3.348541,3.348541
2026-09-24T13:40:47.104626,6.67,0.667,4840,5.0,17889,3.354456,3.354456
2026-09-24T13:40:47.112626,6.67,0.667,4848,5.0,17915,3.359243,3.359243
2026-09-24T13:40:47.120626,6.67,0.667,4856,5.0,17878,3.352381,3.352381
2026-09-24T13:40:47.128626,6.67,0.667,4864,5.0,17884,3.353512,3.353512
2026-09-24T13:40:47.136626,6.67,0.667,4872,5.0,17883,3.353204,3.353204
2026-09-24T13:40:47.144626,6.67,0.667,4880,5.0,17877,3.352059,3.352059
2026-09-24T13:40:47.152626,6.67,0.667,4888,5.0,17872,3.351227,3.351227
2026-09-24T13:40:47.160626,6.67,0.667,4896,5.0,17878,3.352406,3.352406
2026-09-24T13:40:47.168626,6.67,0.667,4904,5.0,17864,3.349644,3.349644
2026-09-24T13:40:47.176626,6.67,0.667,4912,5.0,17869,3.350677,3.350677
2026-09-24T13:40:47.184626,6.67,0.667,4920,5.0,17821,3.341637,3.341637
2026-09-24T13:40:47.192626,6.67,0.667,4928,5.0,17885,3.353676,3.353676
2026-09-24T13:40:47.200626,6.67,0.667,4936,5.0,17885,3.353682,3.353682
2026-09-24T13:40:47.208626,6.67,0.667,4944,5.0,17877,3.3522,3.3522
2026-09-24T13:40:47.216626,6.67,0.667,4952,5.0,17844,3.34592,3.34592
2026-09-24T13:40:47.224626,6.67,0.667,4960,5.0,17839,3.345028,3.345028
2026-09-24T13:40:47.232626,6.67,0.667,4968,5.0,17857,3.348302,3.348302
2026-09-24T13:40:47.240626,6.67,0.667,4976,5.0,17863,3.349513,3.349513
2026-09-24T13:40:47.248626,6.67,0.667,4984,5.0,17903,3.356939,3.356939
2026-09-24T13:40:47.256626,6.67,0.667,4992,5.0,17905,3.357473,3.357473
2026-09-24T13:40:47.264626,6.67,0.667,5000,5.0,17860,3.349002,3.349002
2026-09-24T13:40:47.272626,6.67,0.667,5008,5.0,17916,3.359535,3.359535
2026-09-24T13:40:47.280626,6.67,0.667,5016,5.0,17830,3.343393,3.343393
2026-09-24T13:40:47.288626,6.67,0.667,5024,5.0,17898,3.356112,3.356112
2026-09-24T13:40:47.296626,6.67,0.667,5032,5.0,17872,3.351135,3.351135
2026-09-24T13:40:47.304626,6.67,0.667,5040,5.0,17863,3.349493,3.349493
2026-09-24T13:40:47.312626,6.67,0.667,5048,5.0,17868,3.350485,3.350485
2026-09-24T13:40:47.320626,6.67,0.667,5056,5.0,17894,3.355326,3.355326
2026-09-24T13:40:47.328626,6.67,0.667,5064,5.0,17861,3.349205,3.349205
2026-09-24T13:40:47.336626,6.67,0.667,5072,5.0,17873,3.351324,3.351324
2026-09-24T13:40:47.344626,6.67,0.667,5080,5.0,17870,3.350866,3.350866
2026-09-24T13:40:47.352626,6.67,0.667,5088,5.0,17848,3.346728,3.346728
2026-09-24T13:40:47.360626,6.67,0.667,5096,5.0,17847,3.346481,3.346481
2026-09-24T13:40:47.368626,6.67,0.667,5104,5.0,17843,3.345815,3.345815
2026-09-24T13:40:47.376626,6.67,0.667,5112,5.0,17898,3.356016,3.356016
2026-09-24T13:41:42.264626,9.33,0.933,0,7.0,19271,3.613494,3.613494
2026-09-24T13:41:42.272626,9.33,0.933,8,7.0,19255,3.610561,3.610561
2026-09-24T13:41:42.280626,9.33,0.933,16,7.0,19266,3.612613,3.612613
2026-09-24T13:41:42.288626,9.33,0.933,24,7.0,19267,3.612725,3.612725
2026-09-24T13:41:42.296626,9.33,0.933,32,7.0,19227,3.605227,3.605227
2026-09-24T13:41:42.304626,9.33,0.933,40,7.0,19292,3.617518,3.617518
2026-09-24T13:41:42.312626,9.33,0.933,48,7.0,19261,3.611611,3.611611
2026-09-24T13:41:42.320626,9.33,0.933,56,7.0,19267,3.612737,3.612737
2026-09-24T13:41:42.328626,9.33,0.933,64,7.0,19263,3.612056,3.612056
2026-09-24T13:41:42.336626,9.33,0.933,72,7.0,19272,3.613637,3.613637
2026-09-24T13:41:42.344626,9.33,0.933,80,7.0,19237,3.607079,3.607079
2026-09-24T13:41:42.352626,9.33,0.933,88,7.0,19248,3.609201,3.609201
2026-09-24T13:41:42.360626,9.33,0.933,96,7.0,19249,3.609348,3.609348
2026-09-24T13:41:42.368626,9.33,0.933,104,7.0,19239,3.60744,3.60744
2026-09-24T13:41:42.376626,9.33,0.933,112,7.0,19257,3.610798,3.610798
2026-09-24T13:41:42.384626,9.33,0.933,120,7.0,19249,3.609338,3.609338
2026-09-24T13:41:42.392626,9.33,0.933,128,7.0,19208,3.60169,3.60169
2026-09-24T13:41:42.400626,9.33,0.933,136,7.0,19241,3.60789,3.60789
2026-09-24T13:41:42.408626,9.33,0.933,144,7.0,19257,3.610815,3.610815
2026-09-24T13:41:42.416626,9.33,0.933,152,7.0,19210,3.602035,3.602035
2026-09-24T13:41:42.424626,9.33,0.933,160,7.0,19251,3.609696,3.609696
2026-09-24T13:41:42.432626,9.33,0.933,168,7.0,19208,3.601776,3.601776
2026-09-24T13:41:42.440626,9.33,0.933,176,7.0,19221,3.60405,3.60405
2026-09-24T13:41:42.448626,9.33,0.933,184,7.0,19266,3.612485,3.612485
2026-09-24T13:41:42.456626,9.33,0.933,192,7.0,19259,3.611315,3.611315
2026-09-24T13:41:42.464626,9.33,0.933,200,7.0,19246,3.608851,3.608851
2026-09-24T13:41:42.472626,9.33,0.933,208,7.0,19288,3.616773,3.616773
2026-09-24T13:41:42.480626,9.33,0.933,216,7.0,19283,3.615739,3.615739
2026-09-24T13:41:42.488626,9.33,0.933,224,7.0,19272,3.613684,3.613684
2026-09-24T13:41:42.496626,9.33,0.933,232,7.0,19274,3.614035,3.614035
2026-09-24T13:41:42.504626,9.33,0.933,240,7.0,19239,3.60746,3.60746
2026-09-24T13:41:42.512626,9.33,0.933,248,7.0,19250,3.609545,3.609545
2026-09-24T13:41:42.520626,9.33,0.933,256,7.0,19217,3.603362,3.603362
2026-09-24T13:41:42.528626,9.33,0.933,264,7.0,19258,3.611085,3.611085
2026-09-24T13:41:42.536626,9.33,0.933,272,7.0,19249,3.609401,3.609401
2026-09-24T13:41:42.544626,9.33,0.933,280,7.0,19259,3.611325,3.611325
2026-09-24T13:41:42.552626,9.33,0.933,288,7.0,19232,3.606289,3.606289
2026-09-24T13:41:42.560626,9.33,0.933,296,7.0,19232,3.606153,3.606153
2026-09-24T13:41:42.568626,9.33,0.933,304,7.0,19251,3.609742,3.609742
2026-09-24T13:41:42.576626,9.33,0.933,312,7.0,19241,3.607889,3.607889
2026-09-24T13:41:42.584626,9.33,0.933,320,7.0,19261,3.611559,3.611559
2026-09-24T13:41:42.592626,9.33,0.933,328,7.0,19291,3.617349,3.617349
2026-09-24T13:41:42.600626,9.33,0.933,336,7.0,19232,3.606112,3.606112
2026-09-24T13:41:42.608626,9.33,0.933,344,7.0,19262,3.61182,3.61182
2026-09-24T13:41:42.616626,9.33,0.933,352,7.0,19274,3.614036,3.614036
2026-09-24T13:41:42.624626,9.33,0.933,360,7.0,19279,3.615107,3.615107
2026-09-24T13:41:42.632626,9.33,0.933,368,7.0,19257,3.610915,3.610915
2026-09-24T13:41:42.640626,9.33,0.933,376,7.0,19268,3.612938,3.612938
2026-09-24T13:41:42.648626,9.33,0.933,384,7.0,19229,3.605579,3.605579
2026-09-24T13:41:42.656626,9.33,0.933,392,7.0,19268,3.612966,3.612966
2026-09-24T13:41:42.664626,9.33,0.933,400,7.0,19216,3.603285,3.603285
2026-09-24T13:41:42.672626,9.33,0.933,408,7.0,19278,3.614815,3.614815
2026-09-24T13:41:42.680626,9.33,0.933,416,7.0,19257,3.610985,3.610985
2026-09-24T13:41:42.688626,9.33,0.933,424,7.0,19261,3.611674,3.611674
2026-09-24T13:41:42.696626,9.33,0.933,432,7.0,19219,3.603742,3.603742
2026-09-24T13:41:42.704626,9.33,0.933,440,7.0,19237,3.607085,3.607085
2026-09-24T13:41:42.712626,9.33,0.933,448,7.0,19268,3.612884,3.612884
2026-09-24T13:41:42.720626,9.33,0.933,456,7.0,19274,3.614104,3.614104
2026-09-24T13:41:42.728626,9.33,0.933,464,7.0,19250,3.609545,3.609545
2026-09-24T13:41:42.736626,9.33,0.933,472,7.0,19206,3.60129,3.60129
2026-09-24T13:41:42.744626,9.33,0.933,480,7.0,19250,3.609581,3.609581
2026-09-24T13:41:42.752626,9.33,0.933,488,7.0,19282,3.615511,3.615511
2026-09-24T13:41:42.760626,9.33,0.933,496,7.0,19264,3.612245,3.612245
2026-09-24T13:41:42.768626,9.33,0.933,504,7.0,19263,3.61199,3.61199
2026-09-24T13:41:42.776626,9.33,0.933,512,7.0,19249,3.609446,3.609446
2026-09-24T13:41:42.784626,9.33,0.933,520,7.0,19245,3.608673,3.608673
2026-09-24T13:41:42.792626,9.33,0.933,528,7.0,19254,3.6103,3.6103
2026-09-24T13:41:42.800626,9.33,0.933,536,7.0,19249,3.609447,3.609447
2026-09-24T13:41:42.808626,9.33,0.933,544,7.0,19260,3.611423,3.611423
2026-09-24T13:41:42.816626,9.33,0.933,552,7.0,19253,3.610223,3.610223
2026-09-24T13:41:42.824626,9.33,0.933,560,7.0,19227,3.605303,3.605303
2026-09-24T13:41:42.832626,9.33,0.933,568,7.0,19224,3.604709,3.604709
2026-09-24T13:41:42.840626,9.33,0.933,576,7.0,19249,3.609409,3.609409
2026-09-24T13:41:42.848626,9.33,0.933,584,7.0,19257,3.610871,3.610871
2026-09-24T13:41:42.856626,9.33,0.933,592,7.0,19244,3.60852,3.60852
2026-09-24T13:41:42.864626,9.33,0.933,600,7.0,19240,3.60778,3.60778
2026-09-24T13:41:42.872626,9.33,0.933,608,7.0,19252,3.609978,3.609978
2026-09-24T13:41:42.880626,9.33,0.933,616,7.0,19247,3.608999,3.608999
2026-09-24T13:41:42.888626,9.33,0.933,624,7.0,19257,3.610958,3.610958
2026-09-24T13:41:42.896626,9.33,0.933,632,7.0,19271,3.613547,3.613547
2026-09-24T13:41:42.904626,9.33,0.933,640,7.0,19266,3.612538,3.612538
2026-09-24T13:41:42.912626,9.33,0.933,648,7.0,19266,3.61264,3.61264
2026-09-24T13:41:42.920626,9.33,0.933,656,7.0,19235,3.606701,3.606701
2026-09-24T13:41:42.928626,9.33,0.933,664,7.0,19270,3.613288,3.613288
2026-09-24T13:41:42.936626,9.33,0.933,672,7.0,19234,3.606539,3.606539
2026-09-24T13:41:42.944626,9.33,0.933,680,7.0,19240,3.607652,3.607652
2026-09-24T13:41:42.952626,9.33,0.933,688,7.0,19239,3.607498,3.607498
2026-09-24T13:41:42.960626,9.33,0.933,696,7.0,19275,3.614245,3.614245
2026-09-24T13:41:42.968626,9.33,0.933,704,7.0,19260,3.611546,3.611546
2026-09-24T13:41:42.976626,9.33,0.933,712,7.0,19278,3.614919,3.614919
2026-09-24T13:41:42.984626,9.33,0.933,720,7.0,19236,3.606959,3.606959
2026-09-24T13:41:42.992626,9.33,0.933,728,7.0,19234,3.606491,3.606491
2026-09-24T13:41:43.000626,9.33,0.933,736,7.0,19233,3.606383,3.606383
2026-09-24T13:41:43.008626,9.33,0.933,744,7.0,19207,3.601512,3.601512
2026-09-24T13:41:43.016626,9.33,0.933,752,7.0,19265,3.612467,3.612467
2026-09-24T13:41:43.024626,9.33,0.933,760,7.0,19234,3.606538,3.606538
2026-09-24T13:41:43.032626,9.33,0.933,768,7.0,19254,3.610238,3.610238
2026-09-24T13:41:43.040626,9.33,0.933,776,7.0,19254,3.610347,3.610347
2026-09-24T13:41:43.048626,9.33,0.933,784,7.0,19264,3.612241,3.612241
2026-09-24T13:41:43.056626,9.33,0.933,792,7.0,19230,3.605775,3.605775
2026-09-24T13:41:43.064626,9.33,0.933,800,7.0,19249,3.609341,3.609341
2026-09-24T13:41:43.072626,9.33,0.933,808,7.0,19248,3.609233,3.609233
2026-09-24T13:41:43.080626,9.33,0.933,816,7.0,19225,3.604877,3.604877
2026-09-24T13:41:43.088626,9.33,0.933,824,7.0,19274,3.614049,3.614049
2026-09-24T13:41:43.096626,9.33,0.933,832,7.0,19230,3.605881,3.605881
2026-09-24T13:41:43.104626,9.33,0.933,840,7.0,19239,3.607597,3.607597
2026-09-24T13:41:43.112626,9.33,0.933,848,7.0,19273,3.613833,3.613833
2026-09-24T13:41:43.120626,9.33,0.933,856,7.0,19227,3.60522,3.60522
2026-09-24T13:41:43.128626,9.33,0.933,864,7.0,19249,3.609334,3.609334
2026-09-24T13:41:43.136626,9.33,0.933,872,7.0,19251,3.609854,3.609854
2026-09-24T13:41:43.144626,9.33,0.933,880,7.0,19254,3.610258,3.610258
2026-09-24T13:41:43.152626,9.33,0.933,888,7.0,19286,3.616393,3.616393
2026-09-24T13:41:43.160626,9.33,0.933,896,7.0,19248,3.609112,3.609112
2026-09-24T13:41:43.168626,9.33,0.933,904,7.0,19294,3.617909,3.617909
2026-09-24T13:41:43.176626,9.33,0.933,912,7.0,19237,3.607143,3.607143
2026-09-24T13:41:43.184626,9.33,0.933,920,7.0,19266,3.612639,3.612639
2026-09-24T13:41:43.192626,9.33,0.933,928,7.0,19226,3.605152,3.605152
2026-09-24T13:41:43.200626,9.33,0.933,936,7.0,19282,3.615586,3.615586
2026-09-24T13:41:43.208626,9.33,0.933,944,7.0,19250,3.609516,3.609516
2026-09-24T13:41:43.216626,9.33,0.933,952,7.0,19239,3.607473,3.607473
2026-09-24T13:41:43.224626,9.33,0.933,960,7.0,19267,3.612857,3.612857
2026-09-24T13:41:43.232626,9.33,0.933,968,7.0,19244,3.608394,3.608394
2026-09-24T13:41:43.240626,9.33,0.933,976,7.0,19237,3.607213,3.607213
2026-09-24T13:41:43.248626,9.33,0.933,984,7.0,19237,3.607194,3.607194
2026-09-24T13:41:43.256626,9.33,0.933,992,7.0,19262,3.611874,3.611874
2026-09-24T13:41:43.264626,9.33,0.933,1000,7.0,19253,3.610106,3.610106
2026-09-24T13:41:43.272626,9.33,0.933,1008,7.0,19234,3.606556,3.606556
2026-09-24T13:41:43.280626,9.33,0.933,1016,7.0,19231,3.606022,3.606022
2026-09-24T13:41:43.288626,9.33,0.933,1024,7.0,19219,3.603794,3.603794
2026-09-24T13:41:43.296626,9.33,0.933,1032,7.0,19249,3.609473,3.609473
2026-09-24T13:41:43.304626,9.33,0.933,1040,7.0,19232,3.606128,3.606128
2026-09-24T13:41:43.312626,9.33,0.933,1048,7.0,19237,3.607168,3.607168
2026-09-24T13:41:43.320626,9.33,0.933,1056,7.0,19240,3.607612,3.607612
2026-09-24T13:41:43.328626,9.33,0.933,1064,7.0,19258,3.611076,3.611076
2026-09-24T13:41:43.336626,9.33,0.933,1072,7.0,19248,3.60912,3.60912
2026-09-24T13:41:43.344626,9.33,0.933,1080,7.0,19261,3.611632,3.611632
2026-09-24T13:41:43.352626,9.33,0.933,1088,7.0,19239,3.607458,3.607458
2026-09-24T13:41:43.360626,9.33,0.933,1096,7.0,19239,3.60751,3.60751
2026-09-24T13:41:43.368626,9.33,0.933,1104,7.0,19289,3.616824,3.616824
2026-09-24T13:41:43.376626,9.33,0.933,1112,7.0,19273,3.613853,3.613853
2026-09-24T13:41:43.384626,9.33,0.933,1120,7.0,19253,3.610088,3.610088
2026-09-24T13:41:43.392626,9.33,0.933,1128,7.0,19262,3.611886,3.611886
2026-09-24T13:41:43.400626,9.33,0.933,1136,7.0,19264,3.612179,3.612179
2026-09-24T13:41:43.408626,9.33,0.933,1144,7.0,19236,3.606984,3.606984
2026-09-24T13:41:43.416626,9.33,0.933,1152,7.0,19217,3.603313,3.603313
2026-09-24T13:41:43.424626,9.33,0.933,1160,7.0,19242,3.608055,3.608055
2026-09-24T13:41:43.432626,9.33,0.933,1168,7.0,19221,3.604071,3.604071
2026-09-24T13:41:43.440626,9.33,0.933,1176,7.0,19267,3.612857,3.612857
2026-09-24T13:41:43.448626,9.33,0.933,1184,7.0,19223,3.604481,3.604481
2026-09-24T13:41:43.456626,9.33,0.933,1192,7.0,19225,3.604868,3.604868
2026-09-24T13:41:43.464626,9.33,0.933,1200,7.0,19234,3.606661,3.606661
2026-09-24T13:41:43.472626,9.33,0.933,1208,7.0,19280,3.615279,3.615279
2026-09-24T13:41:43.480626,9.33,0.933,1216,7.0,19257,3.610983,3.610983
2026-09-24T13:41:43.488626,9.33,0.933,1224,7.0,19248,3.609191,3.609191
2026-09-24T13:41:43.496626,9.33,0.933,1232,7.0,19274,3.61411,3.61411
2026-09-24T13:41:43.504626,9.33,0.933,1240,7.0,19257,3.61084,3.61084
2026-09-24T13:41:43.512626,9.33,0.933,1248,7.0,19275,3.614295,3.614295
2026-09-24T13:41:43.520626,9.33,0.933,1256,7.0,19244,3.608442,3.608442
2026-09-24T13:41:43.528626,9.33,0.933,1264,7.0,19270,3.613293,3.613293
2026-09-24T13:41:43.536626,9.33,0.933,1272,7.0,19235,3.606852,3.606852
2026-09-24T13:41:43.544626,9.33,0.933,1280,7.0,19236,3.606869,3.606869
2026-09-24T13:41:43.552626,9.33,0.933,1288,7.0,19256,3.610777,3.610777
2026-09-24T13:41:43.560626,9.33,0.933,1296,7.0,19278,3.614859,3.614859
2026-09-24T13:41:43.568626,9.33,0.933,1304,7.0,19243,3.608283,3.608283
2026-09-24T13:41:43.576626,9.33,0.933,1312,7.0,19217,3.603383,3.603383
2026-09-24T13:41:43.584626,9.33,0.933,1320,7.0,19251,3.609819,3.609819
2026-09-24T13:41:43.592626,9.33,0.933,1328,7.0,19244,3.608463,3.608463
2026-09-24T13:41:43.600626,9.33,0.933,1336,7.0,19250,3.609496,3.609496
2026-09-24T13:41:43.608626,9.33,0.933,1344,7.0,19258,3.611145,3.611145
2026-09-24T13:41:43.616626,9.33,0.933,1352,7.0,19245,3.608593,3.608593
2026-09-24T13:41:43.624626,9.33,0.933,1360,7.0,19242,3.608143,3.608143
2026-09-24T13:41:43.632626,9.33,0.933,1368,7.0,19243,3.608287,3.608287
2026-09-24T13:41:43.640626,9.33,0.933,1376,7.0,19246,3.6088,3.6088
2026-09-24T13:41:43.648626,9.33,0.933,1384,7.0,19266,3.612496,3.612496
2026-09-24T13:41:43.656626,9.33,0.933,1392,7.0,19265,3.612451,3.612451
2026-09-24T13:41:43.664626,9.33,0.933,1400,7.0,19252,3.610003,3.610003
2026-09-24T13:41:43.672626,9.33,0.933,1408,7.0,19251,3.609845,3.609845
2026-09-24T13:41:43.680626,9.33,0.933,1416,7.0,19261,3.611626,3.611626
2026-09-24T13:41:43.688626,9.33,0.933,1424,7.0,19281,3.615427,3.615427
2026-09-24T13:41:43.696626,9.33,0.933,1432,7.0,19254,3.610408,3.610408
2026-09-24T13:41:43.704626,9.33,0.933,1440,7.0,19262,3.611741,3.611741
2026-09-24T13:41:43.712626,9.33,0.933,1448,7.0,19250,3.609562,3.609562
2026-09-24T13:41:43.720626,9.33,0.933,1456,7.0,19249,3.609429,3.609429
2026-09-24T13:41:43.728626,9.33,0.933,1464,7.0,19225,3.604913,3.604913
2026-09-24T13:41:43.736626,9.33,0.933,1472,7.0,19260,3.611513,3.611513
2026-09-24T13:41:43.744626,9.33,0.933,1480,7.0,19246,3.608761,3.608761
2026-09-24T13:41:43.752626,9.33,0.933,1488,7.0,19260,3.611433,3.611433
2026-09-24T13:41:43.760626,9.33,0.933,1496,7.0,19262,3.61186,3.61186
2026-09-24T13:41:43.768626,9.33,0.933,1504,7.0,19269,3.613152,3.613152
2026-09-24T13:41:43.776626,9.33,0.933,1512,7.0,19261,3.611594,3.611594
2026-09-24T13:41:43.784626,9.33,0.933,1520,7.0,19275,3.61423,3.61423
2026-09-24T13:41:43.792626,9.33,0.933,1528,7.0,19247,3.609018,3.609018
2026-09-24T13:41:43.800626,9.33,0.933,1536,7.0,19238,3.607308,3.607308
2026-09-24T13:41:43.808626,9.33,0.933,1544,7.0,19241,3.607851,3.607851
2026-09-24T13:41:43.816626,9.33,0.933,1552,7.0,19259,3.611329,3.611329
2026-09-24T13:41:43.824626,9.33,0.933,1560,7.0,19265,3.612305,3.612305
2026-09-24T13:41:43.832626,9.33,0.933,1568,7.0,19276,3.614457,3.614457
2026-09-24T13:41:43.840626,9.33,0.933,1576,7.0,19281,3.615365,3.615365
2026-09-24T13:41:43.848626,9.33,0.933,1584,7.0,19258,3.611122,3.611122
2026-09-24T13:41:43.856626,9.33,0.933,1592,7.0,19224,3.604627,3.604627
2026-09-24T13:41:43.864626,9.33,0.933,1600,7.0,19261,3.611716,3.611716
2026-09-24T13:41:43.872626,9.33,0.933,1608,7.0,19233,3.606329,3.606329
2026-09-24T13:41:43.880626,9.33,0.933,1616,7.0,19288,3.616691,3.616691
2026-09-24T13:41:43.888626,9.33,0.933,1624,7.0,19258,3.611075,3.611075
2026-09-24T13:41:43.896626,9.33,0.933,1632,7.0,19237,3.60718,3.60718
2026-09-24T13:41:43.904626,9.33,0.933,1640,7.0,19216,3.603219,3.603219
2026-09-24T13:41:43.912626,9.33,0.933,1648,7.0,19241,3.607838,3.607838
2026-09-24T13:41:43.920626,9.33,0.933,1656,7.0,19275,3.614282,3.614282
2026-09-24T13:41:43.928626,9.33,0.933,1664,7.0,19238,3.60729,3.60729
2026-09-24T13:41:43.936626,9.33,0.933,1672,7.0,19244,3.608437,3.608437
2026-09-24T13:41:43.944626,9.33,0.933,1680,7.0,19235,3.606713,3.606713
2026-09-24T13:41:43.952626,9.33,0.933,1688,7.0,19193,3.598909,3.598909
2026-09-24T13:41:43.960626,9.33,0.933,1696,7.0,19262,3.611893,3.611893
2026-09-24T13:41:43.968626,9.33,0.933,1704,7.0,19248,3.609232,3.609232
2026-09-24T13:41:43.976626,9.33,0.933,1712,7.0,19241,3.607804,3.607804
2026-09-24T13:41:43.984626,9.33,0.933,1720,7.0,19262,3.611836,3.611836
2026-09-24T13:41:43.992626,9.33,0.933,1728,7.0,19246,3.608894,3.608894
2026-09-24T13:41:44.000626,9.33,0.933,1736,7.0,19253,3.610103,3.610103
2026-09-24T13:41:44.008626,9.33,0.933,1744,7.0,19272,3.613684,3.613684
2026-09-24T13:41:44.016626,9.33,0.933,1752,7.0,19244,3.608408,3.608408
2026-09-24T13:41:44.024626,9.33,0.933,1760,7.0,19244,3.608534,3.608534
2026-09-24T13:41:44.032626,9.33,0.933,1768,7.0,19266,3.612646,3.612646
2026-09-24T13:41:44.040626,9.33,0.933,1776,7.0,19224,3.604678,3.604678
2026-09-24T13:41:44.048626,9.33,0.933,1784,7.0,19219,3.603827,3.603827
2026-09-24T13:41:44.056626,9.33,0.933,1792,7.0,19273,3.613922,3.613922
2026-09-24T13:41:44.064626,9.33,0.933,1800,7.0,19259,3.611233,3.611233
2026-09-24T13:41:44.072626,9.33,0.933,1808,7.0,19277,3.614588,3.614588
2026-09-24T13:41:44.080626,9.33,0.933,1816,7.0,19287,3.616605,3.616605
2026-09-24T13:41:44.088626,9.33,0.933,1824,7.0,19200,3.600175,3.600175
2026-09-24T13:41:44.096626,9.33,0.933,1832,7.0,19254,3.610239,3.610239
2026-09-24T13:41:44.104626,9.33,0.933,1840,7.0,19259,3.611351,3.611351
2026-09-24T13:41:44.112626,9.33,0.933,1848,7.0,19248,3.609245,3.609245
2026-09-24T13:41:44.120626,9.33,0.933,1856,7.0,19226,3.605083,3.605083
2026-09-24T13:41:44.128626,9.33,0.933,1864,7.0,19237,3.607125,3.607125
2026-09-24T13:41:44.136626,9.33,0.933,1872,7.0,19294,3.617802,3.617802
2026-09-24T13:41:44.144626,9.33,0.933,1880,7.0,19194,3.599119,3.599119
2026-09-24T13:41:44.152626,9.33,0.933,1888,7.0,19260,3.611431,3.611431
2026-09-24T13:41:44.160626,9.33,0.933,1896,7.0,19258,3.611,3.611
2026-09-24T13:41:44.168626,9.33,0.933,1904,7.0,19239,3.607555,3.607555
2026-09-24T13:41:44.176626,9.33,0.933,1912,7.0,19236,3.607,3.607
2026-09-24T13:41:44.184626,9.33,0.933,1920,7.0,19229,3.605642,3.605642
2026-09-24T13:41:44.192626,9.33,0.933,1928,7.0,19235,3.606821,3.606821
2026-09-24T13:41:44.200626,9.33,0.933,1936,7.0,19259,3.611309,3.611309
2026-09-24T13:41:44.208626,9.33,0.933,1944,7.0,19216,3.603248,3.603248
2026-09-24T13:41:44.216626,9.33,0.933,1952,7.0,19243,3.608214,3.608214
2026-09-24T13:41:44.224626,9.33,0.933,1960,7.0,19248,3.609256,3.609256
2026-09-24T13:41:44.232626,9.33,0.933,1968,7.0,19269,3.613092,3.613092
2026-09-24T13:41:44.240626,9.33,0.933,1976,7.0,19231,3.605987,3.605987
2026-09-24T13:41:44.248626,9.33,0.933,1984,7.0,19259,3.611357,3.611357
2026-09-24T13:41:44.256626,9.33,0.933,1992,7.0,19219,3.603827,3.603827
2026-09-24T13:41:44.264626,9.33,0.933,2000,7.0,19253,3.610082,3.610082
2026-09-24T13:41:44.272626,9.33,0.933,2008,7.0,19232,3.60628,3.60628
2026-09-24T13:41:44.280626,9.33,0.933,2016,7.0,19293,3.617712,3.617712
2026-09-24T13:41:44.288626,9.33,0.933,2024,7.0,19241,3.60781,3.60781
2026-09-24T13:41:44.296626,9.33,0.933,2032,7.0,19240,3.607782,3.607782
2026-09-24T13:41:44.304626,9.33,0.933,2040,7.0,19214,3.602752,3.602752
2026-09-24T13:41:44.312626,9.33,0.933,2048,7.0,19267,3.612802,3.612802
2026-09-24T13:41:44.320626,9.33,0.933,2056,7.0,19257,3.61094,3.61094
2026-09-24T13:41:44.328626,9.33,0.933,2064,7.0,19278,3.614814,3.614814
2026-09-24T13:41:44.336626,9.33,0.933,2072,7.0,19251,3.609751,3.609751
2026-09-24T13:41:44.344626,9.33,0.933,2080,7.0,19257,3.610845,3.610845
2026-09-24T13:41:44.352626,9.33,0.933,2088,7.0,19237,3.607142,3.607142
2026-09-24T13:41:44.360626,9.33,0.933,2096,7.0,19271,3.613598,3.613598
2026-09-24T13:41:44.368626,9.33,0.933,2104,7.0,19265,3.612412,3.612412
2026-09-24T13:41:44.376626,9.33,0.933,2112,7.0,19233,3.606453,3.606453
2026-09-24T13:41:44.384626,9.33,0.933,2120,7.0,19277,3.614702,3.614702
2026-09-24T13:41:44.392626,9.33,0.933,2128,7.0,19255,3.610525,3.610525
2026-09-24T13:41:44.400626,9.33,0.933,2136,7.0,19233,3.606416,3.606416
2026-09-24T13:41:44.408626,9.33,0.933,2144,7.0,19209,3.6019,3.6019
2026-09-24T13:41:44.416626,9.33,0.933,2152,7.0,19253,3.610052,3.610052
2026-09-24T13:41:44.424626,9.33,0.933,2160,7.0,19235,3.606838,3.606838
2026-09-24T13:41:44.432626,9.33,0.933,2168,7.0,19243,3.608272,3.608272
2026-09-24T13:41:44.440626,9.33,0.933,2176,7.0,19219,3.603857,3.603857
2026-09-24T13:41:44.448626,9.33,0.933,2184,7.0,19253,3.610204,3.610204
2026-09-24T13:41:44.456626,9.33,0.933,2192,7.0,19242,3.608046,3.608046
2026-09-24T13:41:44.464626,9.33,0.933,2200,7.0,19248,3.60922,3.60922
2026-09-24T13:41:44.472626,9.33,0.933,2208,7.0,19204,3.60089,3.60089
2026-09-24T13:41:44.480626,9.33,0.933,2216,7.0,19231,3.606088,3.606088
2026-09-24T13:41:44.488626,9.33,0.933,2224,7.0,19242,3.608118,3.608118
2026-09-24T13:41:44.496626,9.33,0.933,2232,7.0,19263,3.611932,3.611932
2026-09-24T13:41:44.504626,9.33,0.933,2240,7.0,19231,3.605935,3.605935
2026-09-24T13:41:44.512626,9.33,0.933,2248,7.0,19249,3.609373,3.609373
2026-09-24T13:41:44.520626,9.33,0.933,2256,7.0,19253,3.610106,3.610106
2026-09-24T13:41:44.528626,9.33,0.933,2264,7.0,19223,3.604456,3.604456
2026-09-24T13:41:44.536626,9.33,0.933,2272,7.0,19225,3.604856,3.604856
2026-09-24T13:41:44.544626,9.33,0.933,2280,7.0,19229,3.605685,3.605685
2026-09-24T13:41:44.552626,9.33,0.933,2288,7.0,19278,3.614853,3.614853
2026-09-24T13:41:44.560626,9.33,0.933,2296,7.0,19265,3.612462,3.612462
2026-09-24T13:41:44.568626,9.33,0.933,2304,7.0,19296,3.618202,3.618202
2026-09-24T13:41:44.576626,9.33,0.933,2312,7.0,19272,3.613728,3.613728
2026-09-24T13:41:44.584626,9.33,0.933,2320,7.0,19259,3.611335,3.611335
2026-09-24T13:41:44.592626,9.33,0.933,2328,7.0,19282,3.615543,3.615543
2026-09-24T13:41:44.600626,9.33,0.933,2336,7.0,19229,3.605567,3.605567
2026-09-24T13:41:44.608626,9.33,0.933,2344,7.0,19267,3.612677,3.612677
2026-09-24T13:41:44.616626,9.33,0.933,2352,7.0,19259,3.611332,3.611332
2026-09-24T13:41:44.624626,9.33,0.933,2360,7.0,19237,3.607171,3.607171
2026-09-24T13:41:44.632626,9.33,0.933,2368,7.0,19248,3.609209,3.609209
2026-09-24T13:41:44.640626,9.33,0.933,2376,7.0,19224,3.604791,3.604791
2026-09-24T13:41:44.648626,9.33,0.933,2384,7.0,19246,3.608826,3.608826
2026-09-24T13:41:44.656626,9.33,0.933,2392,7.0,19288,3.616641,3.616641
2026-09-24T13:41:44.664626,9.33,0.933,2400,7.0,19243,3.608291,3.608291
2026-09-24T13:41:44.672626,9.33,0.933,2408,7.0,19247,3.608976,3.608976
2026-09-24T13:41:44.680626,9.33,0.933,2416,7.0,19249,3.609381,3.609381
2026-09-24T13:41:44.688626,9.33,0.933,2424,7.0,19253,3.610107,3.610107
2026-09-24T13:41:44.696626,9.33,0.933,2432,7.0,19206,3.601373,3.601373
2026-09-24T13:41:44.704626,9.33,0.933,2440,7.0,19267,3.612785,3.612785
2026-09-24T13:41:44.712626,9.33,0.933,2448,7.0,19247,3.609043,3.609043
2026-09-24T13:41:44.720626,9.33,0.933,2456,7.0,19251,3.609707,3.609707
2026-09-24T13:41:44.728626,9.33,0.933,2464,7.0,19223,3.604511,3.604511
2026-09-24T13:41:44.736626,9.33,0.933,2472,7.0,19280,3.615145,3.615145
2026-09-24T13:41:44.744626,9.33,0.933,2480,7.0,19270,3.613421,3.613421
2026-09-24T13:41:44.752626,9.33,0.933,2488,7.0,19276,3.61436,3.61436
2026-09-24T13:41:44.760626,9.33,0.933,2496,7.0,19262,3.611791,3.611791
2026-09-24T13:41:44.768626,9.33,0.933,2504,7.0,19212,3.602461,3.602461
2026-09-24T13:41:44.776626,9.33,0.933,2512,7.0,19248,3.609274,3.609274
2026-09-24T13:41:44.784626,9.33,0.933,2520,7.0,19240,3.607618,3.607618
2026-09-24T13:41:44.792626,9.33,0.933,2528,7.0,19259,3.611254,3.611254
2026-09-24T13:41:44.800626,9.33,0.933,2536,7.0,19257,3.610856,3.610856
2026-09-24T13:41:44.808626,9.33,0.933,2544,7.0,19286,3.61634,3.61634
2026-09-24T13:41:44.816626,9.33,0.933,2552,7.0,19269,3.613086,3.613086
2026-09-24T13:41:44.824626,9.33,0.933,2560,7.0,19233,3.606359,3.606359
2026-09-24T13:41:44.832626,9.33,0.933,2568,7.0,19234,3.606661,3.606661
2026-09-24T13:41:44.840626,9.33,0.933,2576,7.0,19267,3.612716,3.612716
2026-09-24T13:41:44.848626,9.33,0.933,2584,7.0,19251,3.609812,3.609812
2026-09-24T13:41:44.856626,9.33,0.933,2592,7.0,19258,3.611,3.611
2026-09-24T13:41:44.864626,9.33,0.933,2600,7.0,19269,3.613228,3.613228
2026-09-24T13:41:44.872626,9.33,0.933,2608,7.0,19286,3.61631,3.61631
2026-09-24T13:41:44.880626,9.33,0.933,2616,7.0,19258,3.611073,3.611073
2026-09-24T13:41:44.888626,9.33,0.933,2624,7.0,19261,3.611559,3.611559
2026-09-24T13:41:44.896626,9.33,0.933,2632,7.0,19256,3.610748,3.610748
2026-09-24T13:41:44.904626,9.33,0.933,2640,7.0,19251,3.609788,3.609788
2026-09-24T13:41:44.912626,9.33,0.933,2648,7.0,19247,3.609039,3.609039
2026-09-24T13:41:44.920626,9.33,0.933,2656,7.0,19257,3.610955,3.610955
2026-09-24T13:41:44.928626,9.33,0.933,2664,7.0,19233,3.606441,3.606441
2026-09-24T13:41:44.936626,9.33,0.933,2672,7.0,19236,3.606962,3.606962
2026-09-24T13:41:44.944626,9.33,0.933,2680,7.0,19245,3.608716,3.608716
2026-09-24T13:41:44.952626,9.33,0.933,2688,7.0,19235,3.606818,3.606818
2026-09-24T13:41:44.960626,9.33,0.933,2696,7.0,19303,3.619557,3.619557
2026-09-24T13:41:44.968626,9.33,0.933,2704,7.0,19255,3.610486,3.610486
2026-09-24T13:41:44.976626,9.33,0.933,2712,7.0,19233,3.606479,3.606479
2026-09-24T13:41:44.984626,9.33,0.933,2720,7.0,19289,3.616828,3.616828
2026-09-24T13:41:44.992626,9.33,0.933,2728,7.0,19223,3.604559,3.604559
2026-09-24T13:41:45.000626,9.33,0.933,2736,7.0,19267,3.612696,3.612696
2026-09-24T13:41:45.008626,9.33,0.933,2744,7.0,19236,3.606957,3.606957
2026-09-24T13:41:45.016626,9.33,0.933,2752,7.0,19222,3.604324,3.604324
2026-09-24T13:41:45.024626,9.33,0.933,2760,7.0,19227,3.605339,3.605339
2026-09-24T13:41:45.032626,9.33,0.933,2768,7.0,19272,3.613723,3.613723
2026-09-24T13:41:45.040626,9.33,0.933,2776,7.0,19254,3.610309,3.610309
2026-09-24T13:41:45.048626,9.33,0.933,2784,7.0,19259,3.611282,3.611282
2026-09-24T13:41:45.056626,9.33,0.933,2792,7.0,19226,3.60512,3.60512
2026-09-24T13:41:45.064626,9.33,0.933,2800,7.0,19250,3.609539,3.609539
2026-09-24T13:41:45.072626,9.33,0.933,2808,7.0,19232,3.606138,3.606138
2026-09-24T13:41:45.080626,9.33,0.933,2816,7.0,19264,3.612161,3.612161
2026-09-24T13:41:45.088626,9.33,0.933,2824,7.0,19251,3.609677,3.609677
2026-09-24T13:41:45.096626,9.33,0.933,2832,7.0,19254,3.610311,3.610311
2026-09-24T13:41:45.104626,9.33,0.933,2840,7.0,19241,3.607945,3.607945
2026-09-24T13:41:45.112626,9.33,0.933,2848,7.0,19252,3.609987,3.609987
2026-09-24T13:41:45.120626,9.33,0.933,2856,7.0,19259,3.611357,3.611357
2026-09-24T13:41:45.128626,9.33,0.933,2864,7.0,19238,3.607253,3.607253
2026-09-24T13:41:45.136626,9.33,0.933,2872,7.0,19242,3.6081,3.6081
2026-09-24T13:41:45.144626,9.33,0.933,2880,7.0,19215,3.603052,3.603052
2026-09-24T13:41:45.152626,9.33,0.933,2888,7.0,19214,3.602814,3.602814
2026-09-24T13:41:45.160626,9.33,0.933,2896,7.0,19261,3.611699,3.611699
2026-09-24T13:41:45.168626,9.33,0.933,2904,7.0,19264,3.612142,3.612142
2026-09-24T13:41:45.176626,9.33,0.933,2912,7.0,19269,3.613162,3.613162
2026-09-24T13:41:45.184626,9.33,0.933,2920,7.0,19274,3.614158,3.614158
2026-09-24T13:41:45.192626,9.33,0.933,2928,7.0,19221,3.604116,3.604116
2026-09-24T13:41:45.200626,9.33,0.933,2936,7.0,19243,3.608323,3.608323
2026-09-24T13:41:45.208626,9.33,0.933,2944,7.0,19254,3.610276,3.610276
2026-09-24T13:41:45.216626,9.33,0.933,2952,7.0,19241,3.607896,3.607896
2026-09-24T13:41:45.224626,9.33,0.933,2960,7.0,19259,3.611326,3.611326
2026-09-24T13:41:45.232626,9.33,0.933,2968,7.0,19268,3.613024,3.613024
2026-09-24T13:41:45.240626,9.33,0.933,2976,7.0,19242,3.608015,3.608015
2026-09-24T13:41:45.248626,9.33,0.933,2984,7.0,19280,3.61513,3.61513
2026-09-24T13:41:45.256626,9.33,0.933,2992,7.0,19272,3.61373,3.61373
2026-09-24T13:41:45.264626,9.33,0.933,3000,7.0,19215,3.603085,3.603085
2026-09-24T13:41:45.272626,9.33,0.933,3008,7.0,19243,3.608255,3.608255
2026-09-24T13:41:45.280626,9.33,0.933,3016,7.0,19269,3.613105,3.613105
2026-09-24T13:41:45.288626,9.33,0.933,3024,7.0,19260,3.611457,3.611457
2026-09-24T13:41:45.296626,9.33,0.933,3032,7.0,19294,3.617851,3.617851
2026-09-24T13:41:45.304626,9.33,0.933,3040,7.0,19233,3.606419,3.606419
2026-09-24T13:41:45.312626,9.33,0.933,3048,7.0,19291,3.617242,3.617242
2026-09-24T13:41:45.320626,9.33,0.933,3056,7.0,19260,3.611507,3.611507
2026-09-24T13:41:45.328626,9.33,0.933,3064,7.0,19219,3.603807,3.603807
2026-09-24T13:41:45.336626,9.33,0.933,3072,7.0,19263,3.611947,3.611947
2026-09-24T13:41:45.344626,9.33,0.933,3080,7.0,19250,3.609521,3.609521
2026-09-24T13:41:45.352626,9.33,0.933,3088,7.0,19246,3.608779,3.608779
2026-09-24T13:41:45.360626,9.33,0.933,3096,7.0,19242,3.608112,3.608112
2026-09-24T13:41:45.368626,9.33,0.933,3104,7.0,19251,3.609749,3.609749
2026-09-24T13:41:45.376626,9.33,0.933,3112,7.0,19228,3.605467,3.605467
2026-09-24T13:41:45.384626,9.33,0.933,3120,7.0,19232,3.606252,3.606252
2026-09-24T13:41:45.392626,9.33,0.933,3128,7.0,19265,3.612416,3.612416
2026-09-24T13:41:45.400626,9.33,0.933,3136,7.0,19259,3.611223,3.611223
2026-09-24T13:41:45.408626,9.33,0.933,3144,7.0,19233,3.606444,3.606444
2026-09-24T13:41:45.416626,9.33,0.933,3152,7.0,19279,3.614958,3.614958
2026-09-24T13:41:45.424626,9.33,0.933,3160,7.0,19264,3.612253,3.612253
2026-09-24T13:41:45.432626,9.33,0.933,3168,7.0,19258,3.611,3.611
2026-09-24T13:41:45.440626,9.33,0.933,3176,7.0,19258,3.611142,3.611142
2026-09-24T13:41:45.448626,9.33,0.933,3184,7.0,19238,3.60728,3.60728
2026-09-24T13:41:45.456626,9.33,0.933,3192,7.0,19246,3.608767,3.608767
2026-09-24T13:41:45.464626,9.33,0.933,3200,7.0,19262,3.611849,3.611849
2026-09-24T13:41:45.472626,9.33,0.933,3208,7.0,19260,3.611483,3.611483
2026-09-24T13:41:45.480626,9.33,0.933,3216,7.0,19217,3.603312,3.603312
2026-09-24T13:41:45.488626,9.33,0.933,3224,7.0,19258,3.611161,3.611161
2026-09-24T13:41:45.496626,9.33,0.933,3232,7.0,19223,3.604592,3.604592
2026-09-24T13:41:45.504626,9.33,0.933,3240,7.0,19273,3.613873,3.613873
2026-09-24T13:41:45.512626,9.33,0.933,3248,7.0,19275,3.614215,3.614215
2026-09-24T13:41:45.520626,9.33,0.933,3256,7.0,19251,3.609731,3.609731
2026-09-24T13:41:45.528626,9.33,0.933,3264,7.0,19270,3.61329,3.61329
2026-09-24T13:41:45.536626,9.33,0.933,3272,7.0,19264,3.612147,3.612147
2026-09-24T13:41:45.544626,9.33,0.933,3280,7.0,19248,3.609191,3.609191
2026-09-24T13:41:45.552626,9.33,0.933,3288,7.0,19278,3.614891,3.614891
2026-09-24T13:41:45.560626,9.33,0.933,3296,7.0,19212,3.602512,3.602512
2026-09-24T13:41:45.568626,9.33,0.933,3304,7.0,19275,3.614308,3.614308
2026-09-24T13:41:45.576626,9.33,0.933,3312,7.0,19291,3.617292,3.617292
2026-09-24T13:41:45.584626,9.33,0.933,3320,7.0,19196,3.599497,3.599497
2026-09-24T13:41:45.592626,9.33,0.933,3328,7.0,19220,3.60395,3.60395
2026-09-24T13:41:45.600626,9.33,0.933,3336,7.0,19241,3.607816,3.607816
2026-09-24T13:41:45.608626,9.33,0.933,3344,7.0,19233,3.606381,3.606381
2026-09-24T13:41:45.616626,9.33,0.933,3352,7.0,19234,3.606557,3.606557
2026-09-24T13:41:45.624626,9.33,0.933,3360,7.0,19223,3.604518,3.604518
2026-09-24T13:41:45.632626,9.33,0.933,3368,7.0,19261,3.611626,3.611626
2026-09-24T13:41:45.640626,9.33,0.933,3376,7.0,19235,3.606833,3.606833
2026-09-24T13:41:45.648626,9.33,0.933,3384,7.0,19220,3.603964,3.603964
2026-09-24T13:41:45.656626,9.33,0.933,3392,7.0,19214,3.602755,3.602755
2026-09-24T13:41:45.664626,9.33,0.933,3400,7.0,19225,3.604901,3.604901
2026-09-24T13:41:45.672626,9.33,0.933,3408,7.0,19259,3.611324,3.611324
2026-09-24T13:41:45.680626,9.33,0.933,3416,7.0,19256,3.610649,3.610649
2026-09-24T13:41:45.688626,9.33,0.933,3424,7.0,19251,3.609816,3.609816
2026-09-24T13:41:45.696626,9.33,0.933,3432,7.0,19268,3.613028,3.613028
2026-09-24T13:41:45.704626,9.33,0.933,3440,7.0,19250,3.609656,3.609656
2026-09-24T13:41:45.712626,9.33,0.933,3448,7.0,19274,3.614125,3.614125
2026-09-24T13:41:45.720626,9.33,0.933,3456,7.0,19209,3.601903,3.601903
2026-09-24T13:41:45.728626,9.33,0.933,3464,7.0,19263,3.612044,3.612044
2026-09-24T13:41:45.736626,9.33,0.933,3472,7.0,19242,3.608173,3.608173
2026-09-24T13:41:45.744626,9.33,0.933,3480,7.0,19270,3.613296,3.613296
2026-09-24T13:41:45.752626,9.33,0.933,3488,7.0,19269,3.613083,3.613083
2026-09-24T13:41:45.760626,9.33,0.933,3496,7.0,19264,3.612167,3.612167
2026-09-24T13:41:45.768626,9.33,0.933,3504,7.0,19235,3.606858,3.606858
2026-09-24T13:41:45.776626,9.33,0.933,3512,7.0,19247,3.609001,3.609001
2026-09-24T13:41:45.784626,9.33,0.933,3520,7.0,19283,3.615772,3.615772
2026-09-24T13:41:45.792626,9.33,0.933,3528,7.0,19247,3.60904,3.60904
2026-09-24T13:41:45.800626,9.33,0.933,3536,7.0,19267,3.612855,3.612855
2026-09-24T13:41:45.808626,9.33,0.933,3544,7.0,19261,3.611687,3.611687
2026-09-24T13:41:45.816626,9.33,0.933,3552,7.0,19244,3.608379,3.608379
2026-09-24T13:41:45.824626,9.33,0.933,3560,7.0,19221,3.604143,3.604143
2026-09-24T13:41:45.832626,9.33,0.933,3568,7.0,19260,3.611506,3.611506
2026-09-24T13:41:45.840626,9.33,0.933,3576,7.0,19270,3.613251,3.613251
2026-09-24T13:41:45.848626,9.33,0.933,3584,7.0,19234,3.606606,3.606606
2026-09-24T13:41:45.856626,9.33,0.933,3592,7.0,19229,3.605562,3.605562
2026-09-24T13:41:45.864626,9.33,0.933,3600,7.0,19267,3.612732,3.612732
2026-09-24T13:41:45.872626,9.33,0.933,3608,7.0,19236,3.607003,3.607003
2026-09-24T13:41:45.880626,9.33,0.933,3616,7.0,19254,3.610419,3.610419
2026-09-24T13:41:45.888626,9.33,0.933,3624,7.0,19273,3.613971,3.613971
2026-09-24T13:41:45.896626,9.33,0.933,3632,7.0,19248,3.609155,3.609155
2026-09-24T13:41:45.904626,9.33,0.933,3640,7.0,19269,3.613053,3.613053
2026-09-24T13:41:45.912626,9.33,0.933,3648,7.0,19259,3.611279,3.611279
2026-09-24T13:41:45.920626,9.33,0.933,3656,7.0,19231,3.605936,3.605936
2026-09-24T13:41:45.928626,9.33,0.933,3664,7.0,19227,3.605182,3.605182
2026-09-24T13:41:45.936626,9.33,0.933,3672,7.0,19290,3.617149,3.617149
2026-09-24T13:41:45.944626,9.33,0.933,3680,7.0,19264,3.612115,3.612115
2026-09-24T13:41:45.952626,9.33,0.933,3688,7.0,19240,3.60768,3.60768
2026-09-24T13:41:45.960626,9.33,0.933,3696,7.0,19233,3.60633,3.60633
2026-09-24T13:41:45.968626,9.33,0.933,3704,7.0,19232,3.606216,3.606216
2026-09-24T13:41:45.976626,9.33,0.933,3712,7.0,19227,3.605173,3.605173
2026-09-24T13:41:45.984626,9.33,0.933,3720,7.0,19253,3.610058,3.610058
2026-09-24T13:41:45.992626,9.33,0.933,3728,7.0,19221,3.604104,3.604104
2026-09-24T13:41:46.000626,9.33,0.933,3736,7.0,19237,3.607165,3.607165
2026-09-24T13:41:46.008626,9.33,0.933,3744,7.0,19267,3.612782,3.612782
2026-09-24T13:41:46.016626,9.33,0.933,3752,7.0,19247,3.609089,3.609089
2026-09-24T13:41:46.024626,9.33,0.933,3760,7.0,19260,3.611532,3.611532
2026-09-24T13:41:46.032626,9.33,0.933,3768,7.0,19236,3.60694,3.60694
2026-09-24T13:41:46.040626,9.33,0.933,3776,7.0,19259,3.611295,3.611295
2026-09-24T13:41:46.048626,9.33,0.933,3784,7.0,19269,3.613077,3.613077
2026-09-24T13:41:46.056626,9.33,0.933,3792,7.0,19242,3.608069,3.608069
2026-09-24T13:41:46.064626,9.33,0.933,3800,7.0,19235,3.606825,3.606825
2026-09-24T13:41:46.072626,9.33,0.933,3808,7.0,19258,3.611047,3.611047
2026-09-24T13:41:46.080626,9.33,0.933,3816,7.0,19261,3.611626,3.611626
2026-09-24T13:41:46.088626,9.33,0.933,3824,7.0,19222,3.604395,3.604395
2026-09-24T13:41:46.096626,9.33,0.933,3832,7.0,19236,3.606914,3.606914
2026-09-24T13:41:46.104626,9.33,0.933,3840,7.0,19245,3.608666,3.608666
2026-09-24T13:41:46.112626,9.33,0.933,3848,7.0,19244,3.608516,3.608516
2026-09-24T13:41:46.120626,9.33,0.933,3856,7.0,19256,3.610743,3.610743
2026-09-24T13:41:46.128626,9.33,0.933,3864,7.0,19227,3.60533,3.60533
2026-09-24T13:41:46.136626,9.33,0.933,3872,7.0,19208,3.601649,3.601649
2026-09-24T13:41:46.144626,9.33,0.933,3880,7.0,19255,3.610486,3.610486
2026-09-24T13:41:46.152626,9.33,0.933,3888,7.0,19268,3.613046,3.613046
2026-09-24T13:41:46.160626,9.33,0.933,3896,7.0,19263,3.61197,3.61197
2026-09-24T13:41:46.168626,9.33,0.933,3904,7.0,19243,3.608272,3.608272
2026-09-24T13:41:46.176626,9.33,0.933,3912,7.0,19281,3.615461,3.615461
2026-09-24T13:41:46.184626,9.33,0.933,3920,7.0,19261,3.611721,3.611721
2026-09-24T13:41:46.192626,9.33,0.933,3928,7.0,19229,3.605695,3.605695
2026-09-24T13:41:46.200626,9.33,0.933,3936,7.0,19280,3.615288,3.615288
2026-09-24T13:41:46.208626,9.33,0.933,3944,7.0,19238,3.607283,3.607283
2026-09-24T13:41:46.216626,9.33,0.933,3952,7.0,19243,3.608281,3.608281
2026-09-24T13:41:46.224626,9.33,0.933,3960,7.0,19249,3.609416,3.609416
2026-09-24T13:41:46.232626,9.33,0.933,3968,7.0,19266,3.612645,3.612645
2026-09-24T13:41:46.240626,9.33,0.933,3976,7.0,19251,3.609762,3.609762
2026-09-24T13:41:46.248626,9.33,0.933,3984,7.0,19240,3.607797,3.607797
2026-09-24T13:41:46.256626,9.33,0.933,3992,7.0,19248,3.609217,3.609217
2026-09-24T13:41:46.264626,9.33,0.933,4000,7.0,19265,3.612302,3.612302
2026-09-24T13:41:46.272626,9.33,0.933,4008,7.0,19221,3.604183,3.604183
2026-09-24T13:41:46.280626,9.33,0.933,4016,7.0,19249,3.609347,3.609347
2026-09-24T13:41:46.288626,9.33,0.933,4024,7.0,19233,3.60644,3.60644
2026-09-24T13:41:46.296626,9.33,0.933,4032,7.0,19258,3.611078,3.611078
2026-09-24T13:41:46.304626,9.33,0.933,4040,7.0,19237,3.607126,3.607126
2026-09-24T13:41:46.312626,9.33,0.933,4048,7.0,19252,3.609968,3.609968
2026-09-24T13:41:46.320626,9.33,0.933,4056,7.0,19233,3.60644,3.60644
2026-09-24T13:41:46.328626,9.33,0.933,4064,7.0,19267,3.612793,3.612793
2026-09-24T13:41:46.336626,9.33,0.933,4072,7.0,19239,3.607563,3.607563
2026-09-24T13:41:46.344626,9.33,0.933,4080,7.0,19218,3.603668,3.603668
2026-09-24T13:41:46.352626,9.33,0.933,4088,7.0,19238,3.607313,3.607313
2026-09-24T13:41:46.360626,9.33,0.933,4096,7.0,19266,3.612533,3.612533
2026-09-24T13:41:46.368626,9.33,0.933,4104,7.0,19258,3.61103,3.61103
2026-09-24T13:41:46.376626,9.33,0.933,4112,7.0,19255,3.610605,3.610605
2026-09-24T13:41:46.384626,9.33,0.933,4120,7.0,19243,3.608228,3.608228
2026-09-24T13:41:46.392626,9.33,0.933,4128,7.0,19256,3.610713,3.610713
2026-09-24T13:41:46.400626,9.33,0.933,4136,7.0,19237,3.607108,3.607108
2026-09-24T13:41:46.408626,9.33,0.933,4144,7.0,19282,3.615508,3.615508
2026-09-24T13:41:46.416626,9.33,0.933,4152,7.0,19221,3.604109,3.604109
2026-09-24T13:41:46.424626,9.33,0.933,4160,7.0,19254,3.610375,3.610375
2026-09-24T13:41:46.432626,9.33,0.933,4168,7.0,19246,3.608905,3.608905
2026-09-24T13:41:46.440626,9.33,0.933,4176,7.0,19233,3.606477,3.606477
2026-09-24T13:41:46.448626,9.33,0.933,4184,7.0,19272,3.613708,3.613708
2026-09-24T13:41:46.456626,9.33,0.933,4192,7.0,19272,3.613646,3.613646
2026-09-24T13:41:46.464626,9.33,0.933,4200,7.0,19277,3.614571,3.614571
2026-09-24T13:41:46.472626,9.33,0.933,4208,7.0,19263,3.611979,3.611979
2026-09-24T13:41:46.480626,9.33,0.933,4216,7.0,19243,3.608332,3.608332
2026-09-24T13:41:46.488626,9.33,0.933,4224,7.0,19252,3.609917,3.609917
2026-09-24T13:41:46.496626,9.33,0.933,4232,7.0,19238,3.607264,3.607264
2026-09-24T13:41:46.504626,9.33,0.933,4240,7.0,19219,3.603737,3.603737
2026-09-24T13:41:46.512626,9.33,0.933,4248,7.0,19228,3.605443,3.605443
2026-09-24T13:41:46.520626,9.33,0.933,4256,7.0,19245,3.608675,3.608675
2026-09-24T13:41:46.528626,9.33,0.933,4264,7.0,19247,3.608948,3.608948
2026-09-24T13:41:46.536626,9.33,0.933,4272,7.0,19234,3.606578,3.606578
2026-09-24T13:41:46.544626,9.33,0.933,4280,7.0,19237,3.607196,3.607196
2026-09-24T13:41:46.552626,9.33,0.933,4288,7.0,19242,3.608059,3.608059
2026-09-24T13:41:46.560626,9.33,0.933,4296,7.0,19240,3.607627,3.607627
2026-09-24T13:41:46.568626,9.33,0.933,4304,7.0,19257,3.610904,3.610904
2026-09-24T13:41:46.576626,9.33,0.933,4312,7.0,19250,3.609658,3.609658
2026-09-24T13:41:46.584626,9.33,0.933,4320,7.0,19223,3.604468,3.604468
2026-09-24T13:41:46.592626,9.33,0.933,4328,7.0,19262,3.611744,3.611744
2026-09-24T13:41:46.600626,9.33,0.933,4336,7.0,19264,3.612178,3.612178
2026-09-24T13:41:46.608626,9.33,0.933,4344,7.0,19247,3.609096,3.609096
2026-09-24T13:41:46.616626,9.33,0.933,4352,7.0,19262,3.611838,3.611838
2026-09-24T13:41:46.624626,9.33,0.933,4360,7.0,19254,3.610336,3.610336
2026-09-24T13:41:46.632626,9.33,0.933,4368,7.0,19243,3.608176,3.608176
2026-09-24T13:41:46.640626,9.33,0.933,4376,7.0,19249,3.609352,3.609352
2026-09-24T13:41:46.648626,9.33,0.933,4384,7.0,19261,3.611633,3.611633
2026-09-24T13:41:46.656626,9.33,0.933,4392,7.0,19230,3.605895,3.605895
2026-09-24T13:41:46.664626,9.33,0.933,4400,7.0,19273,3.613878,3.613878
2026-09-24T13:41:46.672626,9.33,0.933,4408,7.0,19262,3.611784,3.611784
2026-09-24T13:41:46.680626,9.33,0.933,4416,7.0,19235,3.606794,3.606794
2026-09-24T13:41:46.688626,9.33,0.933,4424,7.0,19254,3.610417,3.610417
2026-09-24T13:41:46.696626,9.33,0.933,4432,7.0,19242,3.608003,3.608003
2026-09-24T13:41:46.704626,9.33,0.933,4440,7.0,19208,3.601695,3.601695
2026-09-24T13:41:46.712626,9.33,0.933,4448,7.0,19273,3.613917,3.613917
2026-09-24T13:41:46.720626,9.33,0.933,4456,7.0,19235,3.606832,3.606832
2026-09-24T13:41:46.728626,9.33,0.933,4464,7.0,19267,3.612812,3.612812
2026-09-24T13:41:46.736626,9.33,0.933,4472,7.0,19259,3.611359,3.611359
2026-09-24T13:41:46.744626,9.33,0.933,4480,7.0,19216,3.603271,3.603271
2026-09-24T13:41:46.752626,9.33,0.933,4488,7.0,19284,3.615903,3.615903
2026-09-24T13:41:46.760626,9.33,0.933,4496,7.0,19214,3.602848,3.602848
2026-09-24T13:41:46.768626,9.33,0.933,4504,7.0,19220,3.604034,3.604034
2026-09-24T13:41:46.776626,9.33,0.933,4512,7.0,19249,3.609301,3.609301
2026-09-24T13:41:46.784626,9.33,0.933,4520,7.0,19246,3.60881,3.60881
2026-09-24T13:41:46.792626,9.33,0.933,4528,7.0,19199,3.599946,3.599946
2026-09-24T13:41:46.800626,9.33,0.933,4536,7.0,19237,3.607215,3.607215
2026-09-24T13:41:46.808626,9.33,0.933,4544,7.0,19228,3.605445,3.605445
2026-09-24T13:41:46.816626,9.33,0.933,4552,7.0,19247,3.608968,3.608968
2026-09-24T13:41:46.824626,9.33,0.933,4560,7.0,19228,3.605398,3.605398
2026-09-24T13:41:46.832626,9.33,0.933,4568,7.0,19213,3.602648,3.602648
2026-09-24T13:41:46.840626,9.33,0.933,4576,7.0,19242,3.608171,3.608171
2026-09-24T13:41:46.848626,9.33,0.933,4584,7.0,19228,3.605531,3.605531
2026-09-24T13:41:46.856626,9.33,0.933,4592,7.0,19251,3.609828,3.609828
2026-09-24T13:41:46.864626,9.33,0.933,4600,7.0,19222,3.604403,3.604403
2026-09-24T13:41:46.872626,9.33,0.933,4608,7.0,19244,3.608466,3.608466
2026-09-24T13:41:46.880626,9.33,0.933,4616,7.0,19248,3.609197,3.609197
2026-09-24T13:41:46.888626,9.33,0.933,4624,7.0,19253,3.610192,3.610192
2026-09-24T13:41:46.896626,9.33,0.933,4632,7.0,19260,3.611416,3.611416
2026-09-24T13:41:46.904626,9.33,0.933,4640,7.0,19247,3.609036,3.609036
2026-09-24T13:41:46.912626,9.33,0.933,4648,7.0,19226,3.605131,3.605131
2026-09-24T13:41:46.920626,9.33,0.933,4656,7.0,19269,3.613055,3.613055
2026-09-24T13:41:46.928626,9.33,0.933,4664,7.0,19229,3.605549,3.605549
2026-09-24T13:41:46.936626,9.33,0.933,4672,7.0,19228,3.605482,3.605482
2026-09-24T13:41:46.944626,9.33,0.933,4680,7.0,19253,3.610143,3.610143
2026-09-24T13:41:46.952626,9.33,0.933,4688,7.0,19286,3.616333,3.616333
2026-09-24T13:41:46.960626,9.33,0.933,4696,7.0,19228,3.6054,3.6054
2026-09-24T13:41:46.968626,9.33,0.933,4704,7.0,19240,3.607674,3.607674
2026-09-24T13:41:46.976626,9.33,0.933,4712,7.0,19254,3.610319,3.610319
2026-09-24T13:41:46.984626,9.33,0.933,4720,7.0,19228,3.605389,3.605389
2026-09-24T13:41:46.992626,9.33,0.933,4728,7.0,19252,3.609897,3.609897
2026-09-24T13:41:47.000626,9.33,0.933,4736,7.0,19299,3.618759,3.618759
2026-09-24T13:41:47.008626,9.33,0.933,4744,7.0,19257,3.610815,3.610815
2026-09-24T13:41:47.016626,9.33,0.933,4752,7.0,19247,3.608954,3.608954
2026-09-24T13:41:47.024626,9.33,0.933,4760,7.0,19285,3.61608,3.61608
2026-09-24T13:41:47.032626,9.33,0.933,4768,7.0,19255,3.610546,3.610546
2026-09-24T13:41:47.040626,9.33,0.933,4776,7.0,19227,3.605185,3.605185
2026-09-24T13:41:47.048626,9.33,0.933,4784,7.0,19240,3.607743,3.607743
2026-09-24T13:41:47.056626,9.33,0.933,4792,7.0,19224,3.604759,3.604759
2026-09-24T13:41:47.064626,9.33,0.933,4800,7.0,19246,3.608752,3.608752
2026-09-24T13:41:47.072626,9.33,0.933,4808,7.0,19255,3.61058,3.61058
2026-09-24T13:41:47.080626,9.33,0.933,4816,7.0,19260,3.611435,3.611435
2026-09-24T13:41:47.088626,9.33,0.933,4824,7.0,19252,3.609954,3.609954
2026-09-24T13:41:47.096626,9.33,0.933,4832,7.0,19260,3.611488,3.611488
2026-09-24T13:41:47.104626,9.33,0.933,4840,7.0,19272,3.613683,3.613683
2026-09-24T13:41:47.112626,9.33,0.933,4848,7.0,19234,3.606647,3.606647
2026-09-24T13:41:47.120626,9.33,0.933,4856,7.0,19273,3.613969,3.613969
2026-09-24T13:41:47.128626,9.33,0.933,4864,7.0,19226,3.60499,3.60499
2026-09-24T13:41:47.136626,9.33,0.933,4872,7.0,19249,3.609333,3.609333
2026-09-24T13:41:47.144626,9.33,0.933,4880,7.0,19219,3.603713,3.603713
2026-09-24T13:41:47.152626,9.33,0.933,4888,7.0,19250,3.609622,3.609622
2026-09-24T13:41:47.160626,9.33,0.933,4896,7.0,19271,3.61361,3.61361
2026-09-24T13:41:47.168626,9.33,0.933,4904,7.0,19274,3.614072,3.614072
2026-09-24T13:41:47.176626,9.33,0.933,4912,7.0,19214,3.60279,3.60279
2026-09-24T13:41:47.184626,9.33,0.933,4920,7.0,19250,3.609649,3.609649
2026-09-24T13:41:47.192626,9.33,0.933,4928,7.0,19249,3.609305,3.609305
2026-09-24T13:41:47.200626,9.33,0.933,4936,7.0,19252,3.609973,3.609973
2026-09-24T13:41:47.208626,9.33,0.933,4944,7.0,19247,3.608934,3.608934
2026-09-24T13:41:47.216626,9.33,0.933,4952,7.0,19248,3.609251,3.609251
2026-09-24T13:41:47.224626,9.33,0.933,4960,7.0,19246,3.60882,3.60882
2026-09-24T13:41:47.232626,9.33,0.933,4968,7.0,19272,3.613731,3.613731
2026-09-24T13:41:47.240626,9.33,0.933,4976,7.0,19230,3.605815,3.605815
2026-09-24T13:41:47.248626,9.33,0.933,4984,7.0,19245,3.608733,3.608733
2026-09-24T13:41:47.256626,9.33,0.933,4992,7.0,19264,3.612147,3.612147
2026-09-24T13:41:47.264626,9.33,0.933,5000,7.0,19230,3.605832,3.605832
2026-09-24T13:41:47.272626,9.33,0.933,5008,7.0,19258,3.611058,3.611058
2026-09-24T13:41:47.280626,9.33,0.933,5016,7.0,19248,3.6092,3.6092
2026-09-24T13:41:47.288626,9.33,0.933,5024,7.0,19253,3.610195,3.610195
2026-09-24T13:41:47.296626,9.33,0.933,5032,7.0,19270,3.613295,3.613295
2026-09-24T13:41:47.304626,9.33,0.933,5040,7.0,19226,3.604986,3.604986
2026-09-24T13:41:47.312626,9.33,0.933,5048,7.0,19244,3.60854,3.60854
2026-09-24T13:41:47.320626,9.33,0.933,5056,7.0,19246,3.608838,3.608838
2026-09-24T13:41:47.328626,9.33,0.933,5064,7.0,19248,3.609225,3.609225
2026-09-24T13:41:47.336626,9.33,0.933,5072,7.0,19255,3.610427,3.610427
2026-09-24T13:41:47.344626,9.33,0.933,5080,7.0,19266,3.612607,3.612607
2026-09-24T13:41:47.352626,9.33,0.933,5088,7.0,19231,3.606018,3.606018
2026-09-24T13:41:47.360626,9.33,0.933,5096,7.0,19238,3.607403,3.607403
2026-09-24T13:41:47.368626,9.33,0.933,5104,7.0,19274,3.614165,3.614165
2026-09-24T13:41:47.376626,9.33,0.933,5112,7.0,19260,3.611369,3.611369
2026-09-24T13:42:42.264626,12.0,1.2,0,9.0,20317,3.809639,3.809639
2026-09-24T13:42:42.272626,12.0,1.2,8,9.0,20325,3.811113,3.811113
2026-09-24T13:42:42.280626,12.0,1.2,16,9.0,20320,3.810261,3.810261
2026-09-24T13:42:42.288626,12.0,1.2,24,9.0,20325,3.811217,3.811217
2026-09-24T13:42:42.296626,12.0,1.2,32,9.0,20358,3.817375,3.817375
2026-09-24T13:42:42.304626,12.0,1.2,40,9.0,20312,3.808636,3.808636
2026-09-24T13:42:42.312626,12.0,1.2,48,9.0,20351,3.816094,3.816094
2026-09-24T13:42:42.320626,12.0,1.2,56,9.0,20325,3.81107,3.81107
2026-09-24T13:42:42.328626,12.0,1.2,64,9.0,20326,3.811408,3.811408
2026-09-24T13:42:42.336626,12.0,1.2,72,9.0,20296,3.805767,3.805767
2026-09-24T13:42:42.344626,12.0,1.2,80,9.0,20324,3.811036,3.811036
2026-09-24T13:42:42.352626,12.0,1.2,88,9.0,20363,3.818194,3.818194
2026-09-24T13:42:42.360626,12.0,1.2,96,9.0,20293,3.805239,3.805239
2026-09-24T13:42:42.368626,12.0,1.2,104,9.0,20323,3.810741,3.810741
2026-09-24T13:42:42.376626,12.0,1.2,112,9.0,20328,3.811641,3.811641
2026-09-24T13:42:42.384626,12.0,1.2,120,9.0,20303,3.80701,3.80701
2026-09-24T13:42:42.392626,12.0,1.2,128,9.0,20339,3.813831,3.813831
2026-09-24T13:42:42.400626,12.0,1.2,136,9.0,20305,3.807322,3.807322
2026-09-24T13:42:42.408626,12.0,1.2,144,9.0,20326,3.81128,3.81128
2026-09-24T13:42:42.416626,12.0,1.2,152,9.0,20332,3.812382,3.812382
2026-09-24T13:42:42.424626,12.0,1.2,160,9.0,20360,3.817679,3.817679
2026-09-24T13:42:42.432626,12.0,1.2,168,9.0,20309,3.808118,3.808118
2026-09-24T13:42:42.440626,12.0,1.2,176,9.0,20323,3.810689,3.810689
2026-09-24T13:42:42.448626,12.0,1.2,184,9.0,20327,3.811475,3.811475
2026-09-24T13:42:42.456626,12.0,1.2,192,9.0,20305,3.807326,3.807326
2026-09-24T13:42:42.464626,12.0,1.2,200,9.0,20315,3.809197,3.809197
2026-09-24T13:42:42.472626,12.0,1.2,208,9.0,20325,3.811155,3.811155
2026-09-24T13:42:42.480626,12.0,1.2,216,9.0,20328,3.811726,3.811726
2026-09-24T13:42:42.488626,12.0,1.2,224,9.0,20329,3.811809,3.811809
2026-09-24T13:42:42.496626,12.0,1.2,232,9.0,20314,3.809079,3.809079
2026-09-24T13:42:42.504626,12.0,1.2,240,9.0,20344,3.814788,3.814788
2026-09-24T13:42:42.512626,12.0,1.2,248,9.0,20310,3.808265,3.808265
2026-09-24T13:42:42.520626,12.0,1.2,256,9.0,20307,3.807817,3.807817
2026-09-24T13:42:42.528626,12.0,1.2,264,9.0,20335,3.813018,3.813018
2026-09-24T13:42:42.536626,12.0,1.2,272,9.0,20331,3.812254,3.812254
2026-09-24T13:42:42.544626,12.0,1.2,280,9.0,20355,3.816786,3.816786
2026-09-24T13:42:42.552626,12.0,1.2,288,9.0,20331,3.812266,3.812266
2026-09-24T13:42:42.560626,12.0,1.2,296,9.0,20322,3.81053,3.81053
2026-09-24T13:42:42.568626,12.0,1.2,304,9.0,20323,3.810806,3.810806
2026-09-24T13:42:42.576626,12.0,1.2,312,9.0,20335,3.812995,3.812995
2026-09-24T13:42:42.584626,12.0,1.2,320,9.0,20309,3.808165,3.808165
2026-09-24T13:42:42.592626,12.0,1.2,328,9.0,20328,3.811721,3.811721
2026-09-24T13:42:42.600626,12.0,1.2,336,9.0,20311,3.808508,3.808508
2026-09-24T13:42:42.608626,12.0,1.2,344,9.0,20304,3.807153,3.807153
2026-09-24T13:42:42.616626,12.0,1.2,352,9.0,20336,3.813233,3.813233
2026-09-24T13:42:42.624626,12.0,1.2,360,9.0,20323,3.81086,3.81086
2026-09-24T13:42:42.632626,12.0,1.2,368,9.0,20341,3.814134,3.814134
2026-09-24T13:42:42.640626,12.0,1.2,376,9.0,20341,3.814102,3.814102
2026-09-24T13:42:42.648626,12.0,1.2,384,9.0,20341,3.814197,3.814197
2026-09-24T13:42:42.656626,12.0,1.2,392,9.0,20315,3.809233,3.809233
2026-09-24T13:42:42.664626,12.0,1.2,400,9.0,20364,3.818483,3.818483
2026-09-24T13:42:42.672626,12.0,1.2,408,9.0,20320,3.810151,3.810151
2026-09-24T13:42:42.680626,12.0,1.2,416,9.0,20344,3.814661,3.814661
2026-09-24T13:42:42.688626,12.0,1.2,424,9.0,20297,3.80586,3.80586
2026-09-24T13:42:42.696626,12.0,1.2,432,9.0,20304,3.80726,3.80726
2026-09-24T13:42:42.704626,12.0,1.2,440,9.0,20344,3.814676,3.814676
2026-09-24T13:42:42.712626,12.0,1.2,448,9.0,20342,3.814397,3.814397
2026-09-24T13:42:42.720626,12.0,1.2,456,9.0,20304,3.807288,3.807288
2026-09-24T13:42:42.728626,12.0,1.2,464,9.0,20353,3.816465,3.816465
2026-09-24T13:42:42.736626,12.0,1.2,472,9.0,20329,3.811831,3.811831
2026-09-24T13:42:42.744626,12.0,1.2,480,9.0,20300,3.806533,3.806533
2026-09-24T13:42:42.752626,12.0,1.2,488,9.0,20306,3.807497,3.807497
2026-09-24T13:42:42.760626,12.0,1.2,496,9.0,20353,3.816379,3.816379
2026-09-24T13:42:42.768626,12.0,1.2,504,9.0,20327,3.811442,3.811442
2026-09-24T13:42:42.776626,12.0,1.2,512,9.0,20354,3.816627,3.816627
2026-09-24T13:42:42.784626,12.0,1.2,520,9.0,20318,3.809814,3.809814
2026-09-24T13:42:42.792626,12.0,1.2,528,9.0,20334,3.812902,3.812902
2026-09-24T13:42:42.800626,12.0,1.2,536,9.0,20322,3.810658,3.810658
2026-09-24T13:42:42.808626,12.0,1.2,544,9.0,20322,3.810511,3.810511
2026-09-24T13:42:42.816626,12.0,1.2,552,9.0,20313,3.808919,3.808919
2026-09-24T13:42:42.824626,12.0,1.2,560,9.0,20333,3.812662,3.812662
2026-09-24T13:42:42.832626,12.0,1.2,568,9.0,20333,3.812669,3.812669
2026-09-24T13:42:42.840626,12.0,1.2,576,9.0,20329,3.811885,3.811885
2026-09-24T13:42:42.848626,12.0,1.2,584,9.0,20315,3.809351,3.809351
2026-09-24T13:42:42.856626,12.0,1.2,592,9.0,20312,3.808641,3.808641
2026-09-24T13:42:42.864626,12.0,1.2,600,9.0,20291,3.8047,3.8047
2026-09-24T13:42:42.872626,12.0,1.2,608,9.0,20361,3.817806,3.817806
2026-09-24T13:42:42.880626,12.0,1.2,616,9.0,20345,3.814944,3.814944
2026-09-24T13:42:42.888626,12.0,1.2,624,9.0,20321,3.81044,3.81044
2026-09-24T13:42:42.896626,12.0,1.2,632,9.0,20322,3.81063,3.81063
2026-09-24T13:42:42.904626,12.0,1.2,640,9.0,20298,3.805996,3.805996
2026-09-24T13:42:42.912626,12.0,1.2,648,9.0,20296,3.805642,3.805642
2026-09-24T13:42:42.920626,12.0,1.2,656,9.0,20337,3.813326,3.813326
2026-09-24T13:42:42.928626,12.0,1.2,664,9.0,20335,3.81293,3.81293
2026-09-24T13:42:42.936626,12.0,1.2,672,9.0,20324,3.810953,3.810953
2026-09-24T13:42:42.944626,12.0,1.2,680,9.0,20346,3.815131,3.815131
2026-09-24T13:42:42.952626,12.0,1.2,688,9.0,20306,3.807589,3.807589
2026-09-24T13:42:42.960626,12.0,1.2,696,9.0,20292,3.804891,3.804891
2026-09-24T13:42:42.968626,12.0,1.2,704,9.0,20305,3.807491,3.807491
2026-09-24T13:42:42.976626,12.0,1.2,712,9.0,20353,3.816451,3.816451
2026-09-24T13:42:42.984626,12.0,1.2,720,9.0,20325,3.811219,3.811219
2026-09-24T13:42:42.992626,12.0,1.2,728,9.0,20357,3.817126,3.817126
2026-09-24T13:42:43.000626,12.0,1.2,736,9.0,20345,3.814872,3.814872
2026-09-24T13:42:43.008626,12.0,1.2,744,9.0,20339,3.813765,3.813765
2026-09-24T13:42:43.016626,12.0,1.2,752,9.0,20348,3.815532,3.815532
2026-09-24T13:42:43.024626,12.0,1.2,760,9.0,20330,3.81214,3.81214
2026-09-24T13:42:43.032626,12.0,1.2,768,9.0,20345,3.814949,3.814949
2026-09-24T13:42:43.040626,12.0,1.2,776,9.0,20347,3.815255,3.815255
2026-09-24T13:42:43.048626,12.0,1.2,784,9.0,20340,3.813919,3.813919
2026-09-24T13:42:43.056626,12.0,1.2,792,9.0,20316,3.809472,3.809472
2026-09-24T13:42:43.064626,12.0,1.2,800,9.0,20287,3.804052,3.804052
2026-09-24T13:42:43.072626,12.0,1.2,808,9.0,20317,3.80967,3.80967
2026-09-24T13:42:43.080626,12.0,1.2,816,9.0,20339,3.813762,3.813762
2026-09-24T13:42:43.088626,12.0,1.2,824,9.0,20338,3.813551,3.813551
2026-09-24T13:42:43.096626,12.0,1.2,832,9.0,20277,3.802089,3.802089
2026-09-24T13:42:43.104626,12.0,1.2,840,9.0,20296,3.805625,3.805625
2026-09-24T13:42:43.112626,12.0,1.2,848,9.0,20278,3.802287,3.802287
2026-09-24T13:42:43.120626,12.0,1.2,856,9.0,20266,3.800079,3.800079
2026-09-24T13:42:43.128626,12.0,1.2,864,9.0,20309,3.808132,3.808132
2026-09-24T13:42:43.136626,12.0,1.2,872,9.0,20335,3.812983,3.812983
2026-09-24T13:42:43.144626,12.0,1.2,880,9.0,20325,3.811207,3.811207
2026-09-24T13:42:43.152626,12.0,1.2,888,9.0,20348,3.815419,3.815419
2026-09-24T13:42:43.160626,12.0,1.2,896,9.0,20335,3.813063,3.813063
2026-09-24T13:42:43.168626,12.0,1.2,904,9.0,20331,3.812328,3.812328
2026-09-24T13:42:43.176626,12.0,1.2,912,9.0,20313,3.808902,3.808902
2026-09-24T13:42:43.184626,12.0,1.2,920,9.0,20300,3.806447,3.806447
2026-09-24T13:42:43.192626,12.0,1.2,928,9.0,20294,3.805334,3.805334
2026-09-24T13:42:43.200626,12.0,1.2,936,9.0,20327,3.811459,3.811459
2026-09-24T13:42:43.208626,12.0,1.2,944,9.0,20310,3.808273,3.808273
2026-09-24T13:42:43.216626,12.0,1.2,952,9.0,20327,3.811545,3.811545
2026-09-24T13:42:43.224626,12.0,1.2,960,9.0,20306,3.807568,3.807568
2026-09-24T13:42:43.232626,12.0,1.2,968,9.0,20304,3.807213,3.807213
2026-09-24T13:42:43.240626,12.0,1.2,976,9.0,20322,3.810636,3.810636
2026-09-24T13:42:43.248626,12.0,1.2,984,9.0,20309,3.808172,3.808172
2026-09-24T13:42:43.256626,12.0,1.2,992,9.0,20328,3.81168,3.81168
2026-09-24T13:42:43.264626,12.0,1.2,1000,9.0,20339,3.813727,3.813727
2026-09-24T13:42:43.272626,12.0,1.2,1008,9.0,20307,3.807757,3.807757
2026-09-24T13:42:43.280626,12.0,1.2,1016,9.0,20324,3.810919,3.810919
2026-09-24T13:42:43.288626,12.0,1.2,1024,9.0,20350,3.815761,3.815761
2026-09-24T13:42:43.296626,12.0,1.2,1032,9.0,20296,3.805779,3.805779
2026-09-24T13:42:43.304626,12.0,1.2,1040,9.0,20341,3.814212,3.814212
2026-09-24T13:42:43.312626,12.0,1.2,1048,9.0,20298,3.806064,3.806064
2026-09-24T13:42:43.320626,12.0,1.2,1056,9.0,20344,3.814656,3.814656
2026-09-24T13:42:43.328626,12.0,1.2,1064,9.0,20348,3.815423,3.815423
2026-09-24T13:42:43.336626,12.0,1.2,1072,9.0,20345,3.814916,3.814916
2026-09-24T13:42:43.344626,12.0,1.2,1080,9.0,20281,3.802871,3.802871
2026-09-24T13:42:43.352626,12.0,1.2,1088,9.0,20359,3.817527,3.817527
2026-09-24T13:42:43.360626,12.0,1.2,1096,9.0,20285,3.803736,3.803736
2026-09-24T13:42:43.368626,12.0,1.2,1104,9.0,20323,3.81077,3.81077
2026-09-24T13:42:43.376626,12.0,1.2,1112,9.0,20331,3.8122,3.8122
2026-09-24T13:42:43.384626,12.0,1.2,1120,9.0,20327,3.811521,3.811521
2026-09-24T13:42:43.392626,12.0,1.2,1128,9.0,20327,3.811525,3.811525
2026-09-24T13:42:43.400626,12.0,1.2,1136,9.0,20340,3.813872,3.813872
2026-09-24T13:42:43.408626,12.0,1.2,1144,9.0,20337,3.813445,3.813445
2026-09-24T13:42:43.416626,12.0,1.2,1152,9.0,20297,3.805873,3.805873
2026-09-24T13:42:43.424626,12.0,1.2,1160,9.0,20329,3.811842,3.811842
2026-09-24T13:42:43.432626,12.0,1.2,1168,9.0,20323,3.810838,3.810838
2026-09-24T13:42:43.440626,12.0,1.2,1176,9.0,20299,3.806261,3.806261
2026-09-24T13:42:43.448626,12.0,1.2,1184,9.0,20306,3.807609,3.807609
2026-09-24T13:42:43.456626,12.0,1.2,1192,9.0,20328,3.811622,3.811622
2026-09-24T13:42:43.464626,12.0,1.2,1200,9.0,20339,3.813722,3.813722
2026-09-24T13:42:43.472626,12.0,1.2,1208,9.0,20327,3.811494,3.811494
2026-09-24T13:42:43.480626,12.0,1.2,1216,9.0,20307,3.807743,3.807743
2026-09-24T13:42:43.488626,12.0,1.2,1224,9.0,20327,3.811505,3.811505
2026-09-24T13:42:43.496626,12.0,1.2,1232,9.0,20304,3.807133,3.807133
2026-09-24T13:42:43.504626,12.0,1.2,1240,9.0,20341,3.814117,3.814117
2026-09-24T13:42:43.512626,12.0,1.2,1248,9.0,20352,3.816175,3.816175
2026-09-24T13:42:43.520626,12.0,1.2,1256,9.0,20301,3.806697,3.806697
2026-09-24T13:42:43.528626,12.0,1.2,1264,9.0,20339,3.813833,3.813833
2026-09-24T13:42:43.536626,12.0,1.2,1272,9.0,20298,3.806132,3.806132
2026-09-24T13:42:43.544626,12.0,1.2,1280,9.0,20286,3.803782,3.803782
2026-09-24T13:42:43.552626,12.0,1.2,1288,9.0,20288,3.804214,3.804214
2026-09-24T13:42:43.560626,12.0,1.2,1296,9.0,20359,3.817521,3.817521
2026-09-24T13:42:43.568626,12.0,1.2,1304,9.0,20323,3.81081,3.81081
2026-09-24T13:42:43.576626,12.0,1.2,1312,9.0,20342,3.814251,3.814251
2026-09-24T13:42:43.584626,12.0,1.2,1320,9.0,20311,3.808589,3.808589
2026-09-24T13:42:43.592626,12.0,1.2,1328,9.0,20347,3.815354,3.815354
2026-09-24T13:42:43.600626,12.0,1.2,1336,9.0,20311,3.808533,3.808533
2026-09-24T13:42:43.608626,12.0,1.2,1344,9.0,20273,3.801348,3.801348
2026-09-24T13:42:43.616626,12.0,1.2,1352,9.0,20317,3.809669,3.809669
2026-09-24T13:42:43.624626,12.0,1.2,1360,9.0,20322,3.810499,3.810499
2026-09-24T13:42:43.632626,12.0,1.2,1368,9.0,20339,3.813852,3.813852
2026-09-24T13:42:43.640626,12.0,1.2,1376,9.0,20301,3.806665,3.806665
2026-09-24T13:42:43.648626,12.0,1.2,1384,9.0,20348,3.815509,3.815509
2026-09-24T13:42:43.656626,12.0,1.2,1392,9.0,20318,3.809917,3.809917
2026-09-24T13:42:43.664626,12.0,1.2,1400,9.0,20318,3.809867,3.809867
2026-09-24T13:42:43.672626,12.0,1.2,1408,9.0,20318,3.809756,3.809756
2026-09-24T13:42:43.680626,12.0,1.2,1416,9.0,20335,3.813091,3.813091
2026-09-24T13:42:43.688626,12.0,1.2,1424,9.0,20322,3.810537,3.810537
2026-09-24T13:42:43.696626,12.0,1.2,1432,9.0,20332,3.812443,3.812443
2026-09-24T13:42:43.704626,12.0,1.2,1440,9.0,20330,3.81201,3.81201
2026-09-24T13:42:43.712626,12.0,1.2,1448,9.0,20309,3.808184,3.808184
2026-09-24T13:42:43.720626,12.0,1.2,1456,9.0,20318,3.809839,3.809839
2026-09-24T13:42:43.728626,12.0,1.2,1464,9.0,20307,3.80775,3.80775
2026-09-24T13:42:43.736626,12.0,1.2,1472,9.0,20353,3.816437,3.816437
2026-09-24T13:42:43.744626,12.0,1.2,1480,9.0,20323,3.810818,3.810818
2026-09-24T13:42:43.752626,12.0,1.2,1488,9.0,20344,3.814677,3.814677
2026-09-24T13:42:43.760626,12.0,1.2,1496,9.0,20321,3.810317,3.810317
2026-09-24T13:42:43.768626,12.0,1.2,1504,9.0,20331,3.812216,3.812216
2026-09-24T13:42:43.776626,12.0,1.2,1512,9.0,20311,3.80855,3.80855
2026-09-24T13:42:43.784626,12.0,1.2,1520,9.0,20361,3.817819,3.817819
2026-09-24T13:42:43.792626,12.0,1.2,1528,9.0,20345,3.814927,3.814927
2026-09-24T13:42:43.800626,12.0,1.2,1536,9.0,20356,3.817003,3.817003
2026-09-24T13:42:43.808626,12.0,1.2,1544,9.0,20318,3.809797,3.809797
2026-09-24T13:42:43.816626,12.0,1.2,1552,9.0,20349,3.815618,3.815618
2026-09-24T13:42:43.824626,12.0,1.2,1560,9.0,20304,3.807212,3.807212
2026-09-24T13:42:43.832626,12.0,1.2,1568,9.0,20342,3.814355,3.814355
2026-09-24T13:42:43.840626,12.0,1.2,1576,9.0,20304,3.807198,3.807198
2026-09-24T13:42:43.848626,12.0,1.2,1584,9.0,20321,3.810373,3.810373
2026-09-24T13:42:43.856626,12.0,1.2,1592,9.0,20353,3.816489,3.816489
2026-09-24T13:42:43.864626,12.0,1.2,1600,9.0,20335,3.813073,3.813073
2026-09-24T13:42:43.872626,12.0,1.2,1608,9.0,20321,3.810483,3.810483
2026-09-24T13:42:43.880626,12.0,1.2,1616,9.0,20298,3.806122,3.806122
2026-09-24T13:42:43.888626,12.0,1.2,1624,9.0,20299,3.806252,3.806252
2026-09-24T13:42:43.896626,12.0,1.2,1632,9.0,20342,3.814423,3.814423
2026-09-24T13:42:43.904626,12.0,1.2,1640,9.0,20333,3.81266,3.81266
2026-09-24T13:42:43.912626,12.0,1.2,1648,9.0,20295,3.805435,3.805435
2026-09-24T13:42:43.920626,12.0,1.2,1656,9.0,20319,3.810114,3.810114
2026-09-24T13:42:43.928626,12.0,1.2,1664,9.0,20290,3.804589,3.804589
2026-09-24T13:42:43.936626,12.0,1.2,1672,9.0,20325,3.811144,3.811144
2026-09-24T13:42:43.944626,12.0,1.2,1680,9.0,20360,3.817647,3.817647
2026-09-24T13:42:43.952626,12.0,1.2,1688,9.0,20303,3.807103,3.807103
2026-09-24T13:42:43.960626,12.0,1.2,1696,9.0,20343,3.814601,3.814601
2026-09-24T13:42:43.968626,12.0,1.2,1704,9.0,20342,3.814344,3.814344
2026-09-24T13:42:43.976626,12.0,1.2,1712,9.0,20289,3.804484,3.804484
2026-09-24T13:42:43.984626,12.0,1.2,1720,9.0,20332,3.812538,3.812538
2026-09-24T13:42:43.992626,12.0,1.2,1728,9.0,20313,3.80897,3.80897
2026-09-24T13:42:44.000626,12.0,1.2,1736,9.0,20354,3.816497,3.816497
2026-09-24T13:42:44.008626,12.0,1.2,1744,9.0,20337,3.813336,3.813336
2026-09-24T13:42:44.016626,12.0,1.2,1752,9.0,20347,3.815362,3.815362
2026-09-24T13:42:44.024626,12.0,1.2,1760,9.0,20322,3.81058,3.81058
2026-09-24T13:42:44.032626,12.0,1.2,1768,9.0,20342,3.814386,3.814386
2026-09-24T13:42:44.040626,12.0,1.2,1776,9.0,20317,3.809612,3.809612
2026-09-24T13:42:44.048626,12.0,1.2,1784,9.0,20332,3.81252,3.81252
2026-09-24T13:42:44.056626,12.0,1.2,1792,9.0,20323,3.8108,3.8108
2026-09-24T13:42:44.064626,12.0,1.2,1800,9.0,20324,3.811039,3.811039
2026-09-24T13:42:44.072626,12.0,1.2,1808,9.0,20251,3.797203,3.797203
2026-09-24T13:42:44.080626,12.0,1.2,1816,9.0,20324,3.810922,3.810922
2026-09-24T13:42:44.088626,12.0,1.2,1824,9.0,20314,3.809128,3.809128
2026-09-24T13:42:44.096626,12.0,1.2,1832,9.0,20322,3.81054,3.81054
2026-09-24T13:42:44.104626,12.0,1.2,1840,9.0,20336,3.813162,3.813162
2026-09-24T13:42:44.112626,12.0,1.2,1848,9.0,20333,3.81266,3.81266
2026-09-24T13:42:44.120626,12.0,1.2,1856,9.0,20301,3.806638,3.806638
2026-09-24T13:42:44.128626,12.0,1.2,1864,9.0,20292,3.804997,3.804997
2026-09-24T13:42:44.136626,12.0,1.2,1872,9.0,20322,3.81057,3.81057
2026-09-24T13:42:44.144626,12.0,1.2,1880,9.0,20337,3.813398,3.813398
2026-09-24T13:42:44.152626,12.0,1.2,1888,9.0,20310,3.808318,3.808318
2026-09-24T13:42:44.160626,12.0,1.2,1896,9.0,20342,3.814392,3.814392
2026-09-24T13:42:44.168626,12.0,1.2,1904,9.0,20317,3.809654,3.809654
2026-09-24T13:42:44.176626,12.0,1.2,1912,9.0,20338,3.813514,3.813514
2026-09-24T13:42:44.184626,12.0,1.2,1920,9.0,20300,3.806388,3.806388
2026-09-24T13:42:44.192626,12.0,1.2,1928,9.0,20323,3.810829,3.810829
2026-09-24T13:42:44.200626,12.0,1.2,1936,9.0,20282,3.803095,3.803095
2026-09-24T13:42:44.208626,12.0,1.2,1944,9.0,20337,3.813478,3.813478
2026-09-24T13:42:44.216626,12.0,1.2,1952,9.0,20303,3.807085,3.807085
2026-09-24T13:42:44.224626,12.0,1.2,1960,9.0,20336,3.813175,3.813175
2026-09-24T13:42:44.232626,12.0,1.2,1968,9.0,20319,3.810015,3.810015
2026-09-24T13:42:44.240626,12.0,1.2,1976,9.0,20324,3.810927,3.810927
2026-09-24T13:42:44.248626,12.0,1.2,1984,9.0,20314,3.80907,3.80907
2026-09-24T13:42:44.256626,12.0,1.2,1992,9.0,20339,3.813831,3.813831
2026-09-24T13:42:44.264626,12.0,1.2,2000,9.0,20328,3.811783,3.811783
2026-09-24T13:42:44.272626,12.0,1.2,2008,9.0,20328,3.811627,3.811627
2026-09-24T13:42:44.280626,12.0,1.2,2016,9.0,20346,3.815154,3.815154
2026-09-24T13:42:44.288626,12.0,1.2,2024,9.0,20318,3.809765,3.809765
2026-09-24T13:42:44.296626,12.0,1.2,2032,9.0,20332,3.812393,3.812393
2026-09-24T13:42:44.304626,12.0,1.2,2040,9.0,20331,3.812317,3.812317
2026-09-24T13:42:44.312626,12.0,1.2,2048,9.0,20324,3.811038,3.811038
2026-09-24T13:42:44.320626,12.0,1.2,2056,9.0,20304,3.807239,3.807239
2026-09-24T13:42:44.328626,12.0,1.2,2064,9.0,20353,3.816319,3.816319
2026-09-24T13:42:44.336626,12.0,1.2,2072,9.0,20315,3.809236,3.809236
2026-09-24T13:42:44.344626,12.0,1.2,2080,9.0,20350,3.815881,3.815881
2026-09-24T13:42:44.352626,12.0,1.2,2088,9.0,20315,3.809351,3.809351
2026-09-24T13:42:44.360626,12.0,1.2,2096,9.0,20318,3.809911,3.809911
2026-09-24T13:42:44.368626,12.0,1.2,2104,9.0,20285,3.803646,3.803646
2026-09-24T13:42:44.376626,12.0,1.2,2112,9.0,20321,3.810455,3.810455
2026-09-24T13:42:44.384626,12.0,1.2,2120,9.0,20315,3.809257,3.809257
2026-09-24T13:42:44.392626,12.0,1.2,2128,9.0,20317,3.809736,3.809736
2026-09-24T13:42:44.400626,12.0,1.2,2136,9.0,20338,3.81352,3.81352
2026-09-24T13:42:44.408626,12.0,1.2,2144,9.0,20297,3.805821,3.805821
2026-09-24T13:42:44.416626,12.0,1.2,2152,9.0,20346,3.815171,3.815171
2026-09-24T13:42:44.424626,12.0,1.2,2160,9.0,20295,3.80554,3.80554
2026-09-24T13:42:44.432626,12.0,1.2,2168,9.0,20319,3.810028,3.810028
2026-09-24T13:42:44.440626,12.0,1.2,2176,9.0,20324,3.810897,3.810897
2026-09-24T13:42:44.448626,12.0,1.2,2184,9.0,20326,3.811331,3.811331
2026-09-24T13:42:44.456626,12.0,1.2,2192,9.0,20343,3.814434,3.814434
2026-09-24T13:42:44.464626,12.0,1.2,2200,9.0,20356,3.816879,3.816879
2026-09-24T13:42:44.472626,12.0,1.2,2208,9.0,20307,3.807779,3.807779
2026-09-24T13:42:44.480626,12.0,1.2,2216,9.0,20330,3.812038,3.812038
2026-09-24T13:42:44.488626,12.0,1.2,2224,9.0,20351,3.81606,3.81606
2026-09-24T13:42:44.496626,12.0,1.2,2232,9.0,20330,3.812043,3.812043
2026-09-24T13:42:44.504626,12.0,1.2,2240,9.0,20341,3.814199,3.814199
2026-09-24T13:42:44.512626,12.0,1.2,2248,9.0,20304,3.807118,3.807118
2026-09-24T13:42:44.520626,12.0,1.2,2256,9.0,20316,3.80942,3.80942
2026-09-24T13:42:44.528626,12.0,1.2,2264,9.0,20287,3.804016,3.804016
2026-09-24T13:42:44.536626,12.0,1.2,2272,9.0,20338,3.813555,3.813555
2026-09-24T13:42:44.544626,12.0,1.2,2280,9.0,20294,3.805298,3.805298
2026-09-24T13:42:44.552626,12.0,1.2,2288,9.0,20319,3.809991,3.809991
2026-09-24T13:42:44.560626,12.0,1.2,2296,9.0,20314,3.809059,3.809059
2026-09-24T13:42:44.568626,12.0,1.2,2304,9.0,20339,3.813731,3.813731
2026-09-24T13:42:44.576626,12.0,1.2,2312,9.0,20342,3.814342,3.814342
2026-09-24T13:42:44.584626,12.0,1.2,2320,9.0,20312,3.808634,3.808634
2026-09-24T13:42:44.592626,12.0,1.2,2328,9.0,20308,3.807924,3.807924
2026-09-24T13:42:44.600626,12.0,1.2,2336,9.0,20319,3.809985,3.809985
2026-09-24T13:42:44.608626,12.0,1.2,2344,9.0,20330,3.812128,3.812128
2026-09-24T13:42:44.616626,12.0,1.2,2352,9.0,20333,3.81265,3.81265
2026-09-24T13:42:44.624626,12.0,1.2,2360,9.0,20345,3.814846,3.814846
2026-09-24T13:42:44.632626,12.0,1.2,2368,9.0,20290,3.804643,3.804643
2026-09-24T13:42:44.640626,12.0,1.2,2376,9.0,20357,3.817115,3.817115
2026-09-24T13:42:44.648626,12.0,1.2,2384,9.0,20308,3.807957,3.807957
2026-09-24T13:42:44.656626,12.0,1.2,2392,9.0,20333,3.812639,3.812639
2026-09-24T13:42:44.664626,12.0,1.2,2400,9.0,20329,3.811848,3.811848
2026-09-24T13:42:44.672626,12.0,1.2,2408,9.0,20337,3.813438,3.813438
2026-09-24T13:42:44.680626,12.0,1.2,2416,9.0,20320,3.81017,3.81017
2026-09-24T13:42:44.688626,12.0,1.2,2424,9.0,20305,3.807456,3.807456
2026-09-24T13:42:44.696626,12.0,1.2,2432,9.0,20323,3.81085,3.81085
2026-09-24T13:42:44.704626,12.0,1.2,2440,9.0,20314,3.809022,3.809022
2026-09-24T13:42:44.712626,12.0,1.2,2448,9.0,20342,3.81442,3.81442
2026-09-24T13:42:44.720626,12.0,1.2,2456,9.0,20336,3.813188,3.813188
2026-09-24T13:42:44.728626,12.0,1.2,2464,9.0,20348,3.815541,3.815541
2026-09-24T13:42:44.736626,12.0,1.2,2472,9.0,20319,3.809964,3.809964
2026-09-24T13:42:44.744626,12.0,1.2,2480,9.0,20303,3.806946,3.806946
2026-09-24T13:42:44.752626,12.0,1.2,2488,9.0,20339,3.813719,3.813719
2026-09-24T13:42:44.760626,12.0,1.2,2496,9.0,20311,3.80853,3.80853
2026-09-24T13:42:44.768626,12.0,1.2,2504,9.0,20333,3.812716,3.812716
2026-09-24T13:42:44.776626,12.0,1.2,2512,9.0,20310,3.808277,3.808277
2026-09-24T13:42:44.784626,12.0,1.2,2520,9.0,20321,3.810366,3.810366
2026-09-24T13:42:44.792626,12.0,1.2,2528,9.0,20333,3.812672,3.812672
2026-09-24T13:42:44.800626,12.0,1.2,2536,9.0,20342,3.814323,3.814323
2026-09-24T13:42:44.808626,12.0,1.2,2544,9.0,20346,3.815041,3.815041
2026-09-24T13:42:44.816626,12.0,1.2,2552,9.0,20333,3.812613,3.812613
2026-09-24T13:42:44.824626,12.0,1.2,2560,9.0,20319,3.810092,3.810092
2026-09-24T13:42:44.832626,12.0,1.2,2568,9.0,20357,3.817198,3.817198
2026-09-24T13:42:44.840626,12.0,1.2,2576,9.0,20304,3.807258,3.807258
2026-09-24T13:42:44.848626,12.0,1.2,2584,9.0,20292,3.804904,3.804904
2026-09-24T13:42:44.856626,12.0,1.2,2592,9.0,20321,3.810304,3.810304
2026-09-24T13:42:44.864626,12.0,1.2,2600,9.0,20341,3.814203,3.814203
2026-09-24T13:42:44.872626,12.0,1.2,2608,9.0,20357,3.81722,3.81722
2026-09-24T13:42:44.880626,12.0,1.2,2616,9.0,20301,3.806612,3.806612
2026-09-24T13:42:44.888626,12.0,1.2,2624,9.0,20299,3.806253,3.806253
2026-09-24T13:42:44.896626,12.0,1.2,2632,9.0,20306,3.807586,3.807586
2026-09-24T13:42:44.904626,12.0,1.2,2640,9.0,20286,3.803914,3.803914
2026-09-24T13:42:44.912626,12.0,1.2,2648,9.0,20350,3.815813,3.815813
2026-09-24T13:42:44.920626,12.0,1.2,2656,9.0,20285,3.803608,3.803608
2026-09-24T13:42:44.928626,12.0,1.2,2664,9.0,20314,3.809149,3.809149
2026-09-24T13:42:44.936626,12.0,1.2,2672,9.0,20336,3.81325,3.81325
2026-09-24T13:42:44.944626,12.0,1.2,2680,9.0,20295,3.805584,3.805584
2026-09-24T13:42:44.952626,12.0,1.2,2688,9.0,20340,3.813887,3.813887
2026-09-24T13:42:44.960626,12.0,1.2,2696,9.0,20323,3.810818,3.810818
2026-09-24T13:42:44.968626,12.0,1.2,2704,9.0,20348,3.815376,3.815376
2026-09-24T13:42:44.976626,12.0,1.2,2712,9.0,20337,3.813463,3.813463
2026-09-24T13:42:44.984626,12.0,1.2,2720,9.0,20324,3.811042,3.811042
2026-09-24T13:42:44.992626,12.0,1.2,2728,9.0,20303,3.806955,3.806955
2026-09-24T13:42:45.000626,12.0,1.2,2736,9.0,20340,3.813898,3.813898
2026-09-24T13:42:45.008626,12.0,1.2,2744,9.0,20311,3.808605,3.808605
2026-09-24T13:42:45.016626,12.0,1.2,2752,9.0,20318,3.809783,3.809783
2026-09-24T13:42:45.024626,12.0,1.2,2760,9.0,20358,3.817268,3.817268
2026-09-24T13:42:45.032626,12.0,1.2,2768,9.0,20364,3.818435,3.818435
2026-09-24T13:42:45.040626,12.0,1.2,2776,9.0,20304,3.807187,3.807187
2026-09-24T13:42:45.048626,12.0,1.2,2784,9.0,20349,3.81559,3.81559
2026-09-24T13:42:45.056626,12.0,1.2,2792,9.0,20324,3.810966,3.810966
2026-09-24T13:42:45.064626,12.0,1.2,2800,9.0,20296,3.805636,3.805636
2026-09-24T13:42:45.072626,12.0,1.2,2808,9.0,20316,3.809442,3.809442
2026-09-24T13:42:45.080626,12.0,1.2,2816,9.0,20321,3.810435,3.810435
2026-09-24T13:42:45.088626,12.0,1.2,2824,9.0,20285,3.803679,3.803679
2026-09-24T13:42:45.096626,12.0,1.2,2832,9.0,20324,3.810896,3.810896
2026-09-24T13:42:45.104626,12.0,1.2,2840,9.0,20306,3.807534,3.807534
2026-09-24T13:42:45.112626,12.0,1.2,2848,9.0,20313,3.808817,3.808817
2026-09-24T13:42:45.120626,12.0,1.2,2856,9.0,20312,3.808719,3.808719
2026-09-24T13:42:45.128626,12.0,1.2,2864,9.0,20294,3.805379,3.805379
2026-09-24T13:42:45.136626,12.0,1.2,2872,9.0,20326,3.811417,3.811417
2026-09-24T13:42:45.144626,12.0,1.2,2880,9.0,20332,3.812476,3.812476
2026-09-24T13:42:45.152626,12.0,1.2,2888,9.0,20289,3.804321,3.804321
2026-09-24T13:42:45.160626,12.0,1.2,2896,9.0,20321,3.810312,3.810312
2026-09-24T13:42:45.168626,12.0,1.2,2904,9.0,20308,3.807938,3.807938
2026-09-24T13:42:45.176626,12.0,1.2,2912,9.0,20325,3.811202,3.811202
2026-09-24T13:42:45.184626,12.0,1.2,2920,9.0,20288,3.80423,3.80423
2026-09-24T13:42:45.192626,12.0,1.2,2928,9.0,20356,3.817039,3.817039
2026-09-24T13:42:45.200626,12.0,1.2,2936,9.0,20299,3.806256,3.806256
2026-09-24T13:42:45.208626,12.0,1.2,2944,9.0,20297,3.805867,3.805867
2026-09-24T13:42:45.216626,12.0,1.2,2952,9.0,20347,3.815285,3.815285
2026-09-24T13:42:45.224626,12.0,1.2,2960,9.0,20317,3.809714,3.809714
2026-09-24T13:42:45.232626,12.0,1.2,2968,9.0,20335,3.813114,3.813114
2026-09-24T13:42:45.240626,12.0,1.2,2976,9.0,20329,3.811804,3.811804
2026-09-24T13:42:45.248626,12.0,1.2,2984,9.0,20313,3.808911,3.808911
2026-09-24T13:42:45.256626,12.0,1.2,2992,9.0,20316,3.809494,3.809494
2026-09-24T13:42:45.264626,12.0,1.2,3000,9.0,20288,3.804163,3.804163
2026-09-24T13:42:45.272626,12.0,1.2,3008,9.0,20345,3.81499,3.81499
2026-09-24T13:42:45.280626,12.0,1.2,3016,9.0,20319,3.81008,3.81008
2026-09-24T13:42:45.288626,12.0,1.2,3024,9.0,20312,3.808695,3.808695
2026-09-24T13:42:45.296626,12.0,1.2,3032,9.0,20300,3.806424,3.806424
2026-09-24T13:42:45.304626,12.0,1.2,3040,9.0,20352,3.816234,3.816234
2026-09-24T13:42:45.312626,12.0,1.2,3048,9.0,20312,3.808679,3.808679
2026-09-24T13:42:45.320626,12.0,1.2,3056,9.0,20278,3.802321,3.802321
2026-09-24T13:42:45.328626,12.0,1.2,3064,9.0,20356,3.816895,3.816895
2026-09-24T13:42:45.336626,12.0,1.2,3072,9.0,20347,3.815299,3.815299
2026-09-24T13:42:45.344626,12.0,1.2,3080,9.0,20344,3.814629,3.814629
2026-09-24T13:42:45.352626,12.0,1.2,3088,9.0,20303,3.806958,3.806958
2026-09-24T13:42:45.360626,12.0,1.2,3096,9.0,20319,3.810076,3.810076
2026-09-24T13:42:45.368626,12.0,1.2,3104,9.0,20295,3.805473,3.805473
2026-09-24T13:42:45.376626,12.0,1.2,3112,9.0,20326,3.811344,3.811344
2026-09-24T13:42:45.384626,12.0,1.2,3120,9.0,20309,3.80824,3.80824
2026-09-24T13:42:45.392626,12.0,1.2,3128,9.0,20308,3.808028,3.808028
2026-09-24T13:42:45.400626,12.0,1.2,3136,9.0,20338,3.813623,3.813623
2026-09-24T13:42:45.408626,12.0,1.2,3144,9.0,20321,3.810342,3.810342
2026-09-24T13:42:45.416626,12.0,1.2,3152,9.0,20303,3.807029,3.807029
2026-09-24T13:42:45.424626,12.0,1.2,3160,9.0,20317,3.809713,3.809713
2026-09-24T13:42:45.432626,12.0,1.2,3168,9.0,20345,3.814837,3.814837
2026-09-24T13:42:45.440626,12.0,1.2,3176,9.0,20318,3.809782,3.809782
2026-09-24T13:42:45.448626,12.0,1.2,3184,9.0,20329,3.811958,3.811958
2026-09-24T13:42:45.456626,12.0,1.2,3192,9.0,20346,3.815131,3.815131
2026-09-24T13:42:45.464626,12.0,1.2,3200,9.0,20300,3.806419,3.806419
2026-09-24T13:42:45.472626,12.0,1.2,3208,9.0,20324,3.810883,3.810883
2026-09-24T13:42:45.480626,12.0,1.2,3216,9.0,20306,3.807671,3.807671
2026-09-24T13:42:45.488626,12.0,1.2,3224,9.0,20290,3.804598,3.804598
2026-09-24T13:42:45.496626,12.0,1.2,3232,9.0,20324,3.810934,3.810934
2026-09-24T13:42:45.504626,12.0,1.2,3240,9.0,20345,3.814925,3.814925
2026-09-24T13:42:45.512626,12.0,1.2,3248,9.0,20274,3.801633,3.801633
2026-09-24T13:42:45.520626,12.0,1.2,3256,9.0,20353,3.816327,3.816327
2026-09-24T13:42:45.528626,12.0,1.2,3264,9.0,20309,3.808237,3.808237
2026-09-24T13:42:45.536626,12.0,1.2,3272,9.0,20317,3.80959,3.80959
2026-09-24T13:42:45.544626,12.0,1.2,3280,9.0,20316,3.809532,3.809532
2026-09-24T13:42:45.552626,12.0,1.2,3288,9.0,20301,3.80665,3.80665
2026-09-24T13:42:45.560626,12.0,1.2,3296,9.0,20321,3.810371,3.810371
2026-09-24T13:42:45.568626,12.0,1.2,3304,9.0,20327,3.811509,3.811509
2026-09-24T13:42:45.576626,12.0,1.2,3312,9.0,20326,3.811354,3.811354
2026-09-24T13:42:45.584626,12.0,1.2,3320,9.0,20320,3.810137,3.810137
2026-09-24T13:42:45.592626,12.0,1.2,3328,9.0,20297,3.805842,3.805842
2026-09-24T13:42:45.600626,12.0,1.2,3336,9.0,20292,3.804936,3.804936
2026-09-24T13:42:45.608626,12.0,1.2,3344,9.0,20306,3.807575,3.807575
2026-09-24T13:42:45.616626,12.0,1.2,3352,9.0,20316,3.809405,3.809405
2026-09-24T13:42:45.624626,12.0,1.2,3360,9.0,20285,3.803575,3.803575
2026-09-24T13:42:45.632626,12.0,1.2,3368,9.0,20305,3.807317,3.807317
2026-09-24T13:42:45.640626,12.0,1.2,3376,9.0,20355,3.816785,3.816785
2026-09-24T13:42:45.648626,12.0,1.2,3384,9.0,20335,3.81304,3.81304
2026-09-24T13:42:45.656626,12.0,1.2,3392,9.0,20346,3.814996,3.814996
2026-09-24T13:42:45.664626,12.0,1.2,3400,9.0,20319,3.80997,3.80997
2026-09-24T13:42:45.672626,12.0,1.2,3408,9.0,20312,3.808713,3.808713
2026-09-24T13:42:45.680626,12.0,1.2,3416,9.0,20277,3.802228,3.802228
2026-09-24T13:42:45.688626,12.0,1.2,3424,9.0,20307,3.807842,3.807842
2026-09-24T13:42:45.696626,12.0,1.2,3432,9.0,20327,3.811521,3.811521
2026-09-24T13:42:45.704626,12.0,1.2,3440,9.0,20341,3.814116,3.814116
2026-09-24T13:42:45.712626,12.0,1.2,3448,9.0,20286,3.803903,3.803903
2026-09-24T13:42:45.720626,12.0,1.2,3456,9.0,20333,3.812574,3.812574
2026-09-24T13:42:45.728626,12.0,1.2,3464,9.0,20332,3.812406,3.812406
2026-09-24T13:42:45.736626,12.0,1.2,3472,9.0,20307,3.80772,3.80772
2026-09-24T13:42:45.744626,12.0,1.2,3480,9.0,20315,3.809184,3.809184
2026-09-24T13:42:45.752626,12.0,1.2,3488,9.0,20318,3.809851,3.809851
2026-09-24T13:42:45.760626,12.0,1.2,3496,9.0,20338,3.813496,3.813496
2026-09-24T13:42:45.768626,12.0,1.2,3504,9.0,20304,3.807138,3.807138
2026-09-24T13:42:45.776626,12.0,1.2,3512,9.0,20323,3.810708,3.810708
2026-09-24T13:42:45.784626,12.0,1.2,3520,9.0,20312,3.808727,3.808727
2026-09-24T13:42:45.792626,12.0,1.2,3528,9.0,20350,3.815834,3.815834
2026-09-24T13:42:45.800626,12.0,1.2,3536,9.0,20329,3.811913,3.811913
2026-09-24T13:42:45.808626,12.0,1.2,3544,9.0,20343,3.81443,3.81443
2026-09-24T13:42:45.816626,12.0,1.2,3552,9.0,20291,3.804698,3.804698
2026-09-24T13:42:45.824626,12.0,1.2,3560,9.0,20331,3.812326,3.812326
2026-09-24T13:42:45.832626,12.0,1.2,3568,9.0,20318,3.809919,3.809919
2026-09-24T13:42:45.840626,12.0,1.2,3576,9.0,20330,3.812113,3.812113
2026-09-24T13:42:45.848626,12.0,1.2,3584,9.0,20306,3.807642,3.807642
2026-09-24T13:42:45.856626,12.0,1.2,3592,9.0,20322,3.81056,3.81056
2026-09-24T13:42:45.864626,12.0,1.2,3600,9.0,20326,3.811378,3.811378
2026-09-24T13:42:45.872626,12.0,1.2,3608,9.0,20320,3.810219,3.810219
2026-09-24T13:42:45.880626,12.0,1.2,3616,9.0,20321,3.810479,3.810479
2026-09-24T13:42:45.888626,12.0,1.2,3624,9.0,20356,3.81696,3.81696
2026-09-24T13:42:45.896626,12.0,1.2,3632,9.0,20340,3.813944,3.813944
2026-09-24T13:42:45.904626,12.0,1.2,3640,9.0,20342,3.814385,3.814385
2026-09-24T13:42:45.912626,12.0,1.2,3648,9.0,20345,3.814935,3.814935
2026-09-24T13:42:45.920626,12.0,1.2,3656,9.0,20346,3.815043,3.815043
2026-09-24T13:42:45.928626,12.0,1.2,3664,9.0,20328,3.811643,3.811643
2026-09-24T13:42:45.936626,12.0,1.2,3672,9.0,20308,3.80787,3.80787
2026-09-24T13:42:45.944626,12.0,1.2,3680,9.0,20327,3.811501,3.811501
2026-09-24T13:42:45.952626,12.0,1.2,3688,9.0,20327,3.81151,3.81151
2026-09-24T13:42:45.960626,12.0,1.2,3696,9.0,20321,3.810376,3.810376
2026-09-24T13:42:45.968626,12.0,1.2,3704,9.0,20308,3.808029,3.808029
2026-09-24T13:42:45.976626,12.0,1.2,3712,9.0,20336,3.813286,3.813286
2026-09-24T13:42:45.984626,12.0,1.2,3720,9.0,20352,3.816157,3.816157
2026-09-24T13:42:45.992626,12.0,1.2,3728,9.0,20308,3.807985,3.807985
2026-09-24T13:42:46.000626,12.0,1.2,3736,9.0,20306,3.807567,3.807567
2026-09-24T13:42:46.008626,12.0,1.2,3744,9.0,20307,3.807715,3.807715
2026-09-24T13:42:46.016626,12.0,1.2,3752,9.0,20354,3.816509,3.816509
2026-09-24T13:42:46.024626,12.0,1.2,3760,9.0,20304,3.807225,3.807225
2026-09-24T13:42:46.032626,12.0,1.2,3768,9.0,20346,3.815037,3.815037
2026-09-24T13:42:46.040626,12.0,1.2,3776,9.0,20319,3.810041,3.810041
2026-09-24T13:42:46.048626,12.0,1.2,3784,9.0,20331,3.8123,3.8123
2026-09-24T13:42:46.056626,12.0,1.2,3792,9.0,20348,3.815549,3.815549
2026-09-24T13:42:46.064626,12.0,1.2,3800,9.0,20329,3.811915,3.811915
2026-09-24T13:42:46.072626,12.0,1.2,3808,9.0,20314,3.809126,3.809126
2026-09-24T13:42:46.080626,12.0,1.2,3816,9.0,20319,3.809964,3.809964
2026-09-24T13:42:46.088626,12.0,1.2,3824,9.0,20316,3.809518,3.809518
2026-09-24T13:42:46.096626,12.0,1.2,3832,9.0,20339,3.813783,3.813783
2026-09-24T13:42:46.104626,12.0,1.2,3840,9.0,20306,3.807575,3.807575
2026-09-24T13:42:46.112626,12.0,1.2,3848,9.0,20336,3.813168,3.813168
2026-09-24T13:42:46.120626,12.0,1.2,3856,9.0,20318,3.80984,3.80984
2026-09-24T13:42:46.128626,12.0,1.2,3864,9.0,20342,3.814329,3.814329
2026-09-24T13:42:46.136626,12.0,1.2,3872,9.0,20318,3.809773,3.809773
2026-09-24T13:42:46.144626,12.0,1.2,3880,9.0,20317,3.809646,3.809646
2026-09-24T13:42:46.152626,12.0,1.2,3888,9.0,20349,3.815625,3.815625
2026-09-24T13:42:46.160626,12.0,1.2,3896,9.0,20316,3.809512,3.809512
2026-09-24T13:42:46.168626,12.0,1.2,3904,9.0,20313,3.808984,3.808984
2026-09-24T13:42:46.176626,12.0,1.2,3912,9.0,20326,3.811352,3.811352
2026-09-24T13:42:46.184626,12.0,1.2,3920,9.0,20343,3.814615,3.814615
2026-09-24T13:42:46.192626,12.0,1.2,3928,9.0,20330,3.812053,3.812053
2026-09-24T13:42:46.200626,12.0,1.2,3936,9.0,20317,3.809673,3.809673
2026-09-24T13:42:46.208626,12.0,1.2,3944,9.0,20338,3.813528,3.813528
2026-09-24T13:42:46.216626,12.0,1.2,3952,9.0,20317,3.80973,3.80973
2026-09-24T13:42:46.224626,12.0,1.2,3960,9.0,20283,3.803231,3.803231
2026-09-24T13:42:46.232626,12.0,1.2,3968,9.0,20349,3.815676,3.815676
2026-09-24T13:42:46.240626,12.0,1.2,3976,9.0,20297,3.805809,3.805809
2026-09-24T13:42:46.248626,12.0,1.2,3984,9.0,20337,3.813442,3.813442
2026-09-24T13:42:46.256626,12.0,1.2,3992,9.0,20304,3.807171,3.807171
2026-09-24T13:42:46.264626,12.0,1.2,4000,9.0,20355,3.816834,3.816834
2026-09-24T13:42:46.272626,12.0,1.2,4008,9.0,20318,3.80987,3.80987
2026-09-24T13:42:46.280626,12.0,1.2,4016,9.0,20330,3.812049,3.812049
2026-09-24T13:42:46.288626,12.0,1.2,4024,9.0,20318,3.809913,3.809913
2026-09-24T13:42:46.296626,12.0,1.2,4032,9.0,20318,3.809774,3.809774
2026-09-24T13:42:46.304626,12.0,1.2,4040,9.0,20283,3.803341,3.803341
2026-09-24T13:42:46.312626,12.0,1.2,4048,9.0,20334,3.812873,3.812873
2026-09-24T13:42:46.320626,12.0,1.2,4056,9.0,20358,3.817265,3.817265
2026-09-24T13:42:46.328626,12.0,1.2,4064,9.0,20328,3.811704,3.811704
2026-09-24T13:42:46.336626,12.0,1.2,4072,9.0,20317,3.809721,3.809721
2026-09-24T13:42:46.344626,12.0,1.2,4080,9.0,20301,3.806658,3.806658
2026-09-24T13:42:46.352626,12.0,1.2,4088,9.0,20356,3.816883,3.816883
2026-09-24T13:42:46.360626,12.0,1.2,4096,9.0,20307,3.807733,3.807733
2026-09-24T13:42:46.368626,12.0,1.2,4104,9.0,20328,3.81177,3.81177
2026-09-24T13:42:46.376626,12.0,1.2,4112,9.0,20318,3.809852,3.809852
2026-09-24T13:42:46.384626,12.0,1.2,4120,9.0,20310,3.808363,3.808363
2026-09-24T13:42:46.392626,12.0,1.2,4128,9.0,20342,3.814311,3.814311
2026-09-24T13:42:46.400626,12.0,1.2,4136,9.0,20297,3.805947,3.805947
2026-09-24T13:42:46.408626,12.0,1.2,4144,9.0,20312,3.808672,3.808672
2026-09-24T13:42:46.416626,12.0,1.2,4152,9.0,20296,3.805796,3.805796
2026-09-24T13:42:46.424626,12.0,1.2,4160,9.0,20323,3.810801,3.810801
2026-09-24T13:42:46.432626,12.0,1.2,4168,9.0,20320,3.810171,3.810171
2026-09-24T13:42:46.440626,12.0,1.2,4176,9.0,20336,3.813161,3.813161
2026-09-24T13:42:46.448626,12.0,1.2,4184,9.0,20327,3.811583,3.811583
2026-09-24T13:42:46.456626,12.0,1.2,4192,9.0,20329,3.811933,3.811933
2026-09-24T13:42:46.464626,12.0,1.2,4200,9.0,20313,3.808984,3.808984
2026-09-24T13:42:46.472626,12.0,1.2,4208,9.0,20349,3.815647,3.815647
2026-09-24T13:42:46.480626,12.0,1.2,4216,9.0,20304,3.807124,3.807124
2026-09-24T13:42:46.488626,12.0,1.2,4224,9.0,20323,3.810716,3.810716
2026-09-24T13:42:46.496626,12.0,1.2,4232,9.0,20308,3.807966,3.807966
2026-09-24T13:42:46.504626,12.0,1.2,4240,9.0,20345,3.81487,3.81487
2026-09-24T13:42:46.512626,12.0,1.2,4248,9.0,20333,3.812679,3.812679
2026-09-24T13:42:46.520626,12.0,1.2,4256,9.0,20320,3.810294,3.810294
2026-09-24T13:42:46.528626,12.0,1.2,4264,9.0,20279,3.802541,3.802541
2026-09-24T13:42:46.536626,12.0,1.2,4272,9.0,20296,3.805692,3.805692
2026-09-24T13:42:46.544626,12.0,1.2,4280,9.0,20314,3.809037,3.809037
2026-09-24T13:42:46.552626,12.0,1.2,4288,9.0,20335,3.812965,3.812965
2026-09-24T13:42:46.560626,12.0,1.2,4296,9.0,20327,3.811438,3.811438
2026-09-24T13:42:46.568626,12.0,1.2,4304,9.0,20333,3.812573,3.812573
2026-09-24T13:42:46.576626,12.0,1.2,4312,9.0,20332,3.812487,3.812487
2026-09-24T13:42:46.584626,12.0,1.2,4320,9.0,20317,3.809632,3.809632
2026-09-24T13:42:46.592626,12.0,1.2,4328,9.0,20312,3.808688,3.808688
2026-09-24T13:42:46.600626,12.0,1.2,4336,9.0,20326,3.811384,3.811384
2026-09-24T13:42:46.608626,12.0,1.2,4344,9.0,20299,3.806298,3.806298
2026-09-24T13:42:46.616626,12.0,1.2,4352,9.0,20329,3.811854,3.811854
2026-09-24T13:42:46.624626,12.0,1.2,4360,9.0,20345,3.814882,3.814882
2026-09-24T13:42:46.632626,12.0,1.2,4368,9.0,20317,3.809581,3.809581
2026-09-24T13:42:46.640626,12.0,1.2,4376,9.0,20363,3.818234,3.818234
2026-09-24T13:42:46.648626,12.0,1.2,4384,9.0,20320,3.810238,3.810238
2026-09-24T13:42:46.656626,12.0,1.2,4392,9.0,20298,3.806145,3.806145
2026-09-24T13:42:46.664626,12.0,1.2,4400,9.0,20319,3.810104,3.810104
2026-09-24T13:42:46.672626,12.0,1.2,4408,9.0,20358,3.81736,3.81736
2026-09-24T13:42:46.680626,12.0,1.2,4416,9.0,20346,3.815061,3.815061
2026-09-24T13:42:46.688626,12.0,1.2,4424,9.0,20336,3.813161,3.813161
2026-09-24T13:42:46.696626,12.0,1.2,4432,9.0,20310,3.808387,3.808387
2026-09-24T13:42:46.704626,12.0,1.2,4440,9.0,20332,3.812498,3.812498
2026-09-24T13:42:46.712626,12.0,1.2,4448,9.0,20327,3.811526,3.811526
2026-09-24T13:42:46.720626,12.0,1.2,4456,9.0,20329,3.811981,3.811981
2026-09-24T13:42:46.728626,12.0,1.2,4464,9.0,20329,3.811866,3.811866
2026-09-24T13:42:46.736626,12.0,1.2,4472,9.0,20297,3.80599,3.80599
2026-09-24T13:42:46.744626,12.0,1.2,4480,9.0,20321,3.810393,3.810393
2026-09-24T13:42:46.752626,12.0,1.2,4488,9.0,20305,3.807387,3.807387
2026-09-24T13:42:46.760626,12.0,1.2,4496,9.0,20325,3.811083,3.811083
2026-09-24T13:42:46.768626,12.0,1.2,4504,9.0,20331,3.812205,3.812205
2026-09-24T13:42:46.776626,12.0,1.2,4512,9.0,20341,3.814179,3.814179
2026-09-24T13:42:46.784626,12.0,1.2,4520,9.0,20315,3.809278,3.809278
2026-09-24T13:42:46.792626,12.0,1.2,4528,9.0,20310,3.808276,3.808276
2026-09-24T13:42:46.800626,12.0,1.2,4536,9.0,20320,3.810172,3.810172
2026-09-24T13:42:46.808626,12.0,1.2,4544,9.0,20299,3.806186,3.806186
2026-09-24T13:42:46.816626,12.0,1.2,4552,9.0,20301,3.806617,3.806617
2026-09-24T13:42:46.824626,12.0,1.2,4560,9.0,20315,3.809206,3.809206
2026-09-24T13:42:46.832626,12.0,1.2,4568,9.0,20345,3.814987,3.814987
2026-09-24T13:42:46.840626,12.0,1.2,4576,9.0,20339,3.813748,3.813748
2026-09-24T13:42:46.848626,12.0,1.2,4584,9.0,20322,3.810526,3.810526
2026-09-24T13:42:46.856626,12.0,1.2,4592,9.0,20339,3.813759,3.813759
2026-09-24T13:42:46.864626,12.0,1.2,4600,9.0,20335,3.813098,3.813098
2026-09-24T13:42:46.872626,12.0,1.2,4608,9.0,20312,3.808687,3.808687
2026-09-24T13:42:46.880626,12.0,1.2,4616,9.0,20325,3.811214,3.811214
2026-09-24T13:42:46.888626,12.0,1.2,4624,9.0,20357,3.817217,3.817217
2026-09-24T13:42:46.896626,12.0,1.2,4632,9.0,20329,3.81196,3.81196
2026-09-24T13:42:46.904626,12.0,1.2,4640,9.0,20318,3.809894,3.809894
2026-09-24T13:42:46.912626,12.0,1.2,4648,9.0,20300,3.806424,3.806424
2026-09-24T13:42:46.920626,12.0,1.2,4656,9.0,20293,3.80511,3.80511
2026-09-24T13:42:46.928626,12.0,1.2,4664,9.0,20332,3.812453,3.812453
2026-09-24T13:42:46.936626,12.0,1.2,4672,9.0,20331,3.812274,3.812274
2026-09-24T13:42:46.944626,12.0,1.2,4680,9.0,20314,3.809117,3.809117
2026-09-24T13:42:46.952626,12.0,1.2,4688,9.0,20340,3.813932,3.813932
2026-09-24T13:42:46.960626,12.0,1.2,4696,9.0,20293,3.805209,3.805209
2026-09-24T13:42:46.968626,12.0,1.2,4704,9.0,20335,3.813065,3.813065
2026-09-24T13:42:46.976626,12.0,1.2,4712,9.0,20340,3.813992,3.813992
2026-09-24T13:42:46.984626,12.0,1.2,4720,9.0,20337,3.81338,3.81338
2026-09-24T13:42:46.992626,12.0,1.2,4728,9.0,20344,3.814622,3.814622
2026-09-24T13:42:47.000626,12.0,1.2,4736,9.0,20303,3.807068,3.807068
2026-09-24T13:42:47.008626,12.0,1.2,4744,9.0,20305,3.807394,3.807394
2026-09-24T13:42:47.016626,12.0,1.2,4752,9.0,20338,3.813512,3.813512
2026-09-24T13:42:47.024626,12.0,1.2,4760,9.0,20293,3.805061,3.805061
2026-09-24T13:42:47.032626,12.0,1.2,4768,9.0,20288,3.804194,3.804194
2026-09-24T13:42:47.040626,12.0,1.2,4776,9.0,20329,3.811932,3.811932
2026-09-24T13:42:47.048626,12.0,1.2,4784,9.0,20314,3.809077,3.809077
2026-09-24T13:42:47.056626,12.0,1.2,4792,9.0,20322,3.810558,3.810558
2026-09-24T13:42:47.064626,12.0,1.2,4800,9.0,20347,3.81522,3.81522
2026-09-24T13:42:47.072626,12.0,1.2,4808,9.0,20299,3.806225,3.806225
2026-09-24T13:42:47.080626,12.0,1.2,4816,9.0,20307,3.807829,3.807829
2026-09-24T13:42:47.088626,12.0,1.2,4824,9.0,20312,3.808627,3.808627
2026-09-24T13:42:47.096626,12.0,1.2,4832,9.0,20314,3.809033,3.809033
2026-09-24T13:42:47.104626,12.0,1.2,4840,9.0,20295,3.805481,3.805481
2026-09-24T13:42:47.112626,12.0,1.2,4848,9.0,20330,3.812061,3.812061
2026-09-24T13:42:47.120626,12.0,1.2,4856,9.0,20306,3.807544,3.807544
2026-09-24T13:42:47.128626,12.0,1.2,4864,9.0,20312,3.808766,3.808766
2026-09-24T13:42:47.136626,12.0,1.2,4872,9.0,20335,3.813064,3.813064
2026-09-24T13:42:47.144626,12.0,1.2,4880,9.0,20297,3.805921,3.805921
2026-09-24T13:42:47.152626,12.0,1.2,4888,9.0,20318,3.809839,3.809839
2026-09-24T13:42:47.160626,12.0,1.2,4896,9.0,20340,3.813977,3.813977
2026-09-24T13:42:47.168626,12.0,1.2,4904,9.0,20311,3.80847,3.80847
2026-09-24T13:42:47.176626,12.0,1.2,4912,9.0,20306,3.807528,3.807528
2026-09-24T13:42:47.184626,12.0,1.2,4920,9.0,20291,3.804841,3.804841
2026-09-24T13:42:47.192626,12.0,1.2,4928,9.0,20317,3.80958,3.80958
2026-09-24T13:42:47.200626,12.0,1.2,4936,9.0,20314,3.809105,3.809105
2026-09-24T13:42:47.208626,12.0,1.2,4944,9.0,20306,3.807495,3.807495
2026-09-24T13:42:47.216626,12.0,1.2,4952,9.0,20356,3.817013,3.817013
2026-09-24T13:42:47.224626,12.0,1.2,4960,9.0,20311,3.808494,3.808494
2026-09-24T13:42:47.232626,12.0,1.2,4968,9.0,20331,3.812288,3.812288
2026-09-24T13:42:47.240626,12.0,1.2,4976,9.0,20326,3.811326,3.811326
2026-09-24T13:42:47.248626,12.0,1.2,4984,9.0,20328,3.811771,3.811771
2026-09-24T13:42:47.256626,12.0,1.2,4992,9.0,20305,3.807442,3.807442
2026-09-24T13:42:47.264626,12.0,1.2,5000,9.0,20307,3.807719,3.807719
2026-09-24T13:42:47.272626,12.0,1.2,5008,9.0,20335,3.813036,3.813036
2026-09-24T13:42:47.280626,12.0,1.2,5016,9.0,20336,3.813191,3.813191
2026-09-24T13:42:47.288626,12.0,1.2,5024,9.0,20338,3.813599,3.813599
2026-09-24T13:42:47.296626,12.0,1.2,5032,9.0,20282,3.803059,3.803059
2026-09-24T13:42:47.304626,12.0,1.2,5040,9.0,20327,3.811558,3.811558
2026-09-24T13:42:47.312626,12.0,1.2,5048,9.0,20315,3.809284,3.809284
2026-09-24T13:42:47.320626,12.0,1.2,5056,9.0,20317,3.809633,3.809633
2026-09-24T13:42:47.328626,12.0,1.2,5064,9.0,20303,3.807105,3.807105
2026-09-24T13:42:47.336626,12.0,1.2,5072,9.0,20330,3.81206,3.81206
2026-09-24T13:42:47.344626,12.0,1.2,5080,9.0,20356,3.816882,3.816882
2026-09-24T13:42:47.352626,12.0,1.2,5088,9.0,20330,3.81201,3.81201
2026-09-24T13:42:47.360626,12.0,1.2,5096,9.0,20316,3.809384,3.809384
2026-09-24T13:42:47.368626,12.0,1.2,5104,9.0,20313,3.808973,3.808973
2026-09-24T13:42:47.376626,12.0,1.2,5112,9.0,20319,3.810064,3.810064
2026-09-24T13:43:42.264626,14.0,1.4,0,10.5,20964,3.930982,3.930982
2026-09-24T13:43:42.272626,14.0,1.4,8,10.5,20946,3.92754,3.92754
2026-09-24T13:43:42.280626,14.0,1.4,16,10.5,20957,3.929629,3.929629
2026-09-24T13:43:42.288626,14.0,1.4,24,10.5,20945,3.927427,3.927427
2026-09-24T13:43:42.296626,14.0,1.4,32,10.5,20945,3.927366,3.927366
2026-09-24T13:43:42.304626,14.0,1.4,40,10.5,20962,3.930654,3.930654
2026-09-24T13:43:42.312626,14.0,1.4,48,10.5,20962,3.930597,3.930597
2026-09-24T13:43:42.320626,14.0,1.4,56,10.5,20952,3.928727,3.928727
2026-09-24T13:43:42.328626,14.0,1.4,64,10.5,20906,3.920059,3.920059
2026-09-24T13:43:42.336626,14.0,1.4,72,10.5,20925,3.923578,3.923578
2026-09-24T13:43:42.344626,14.0,1.4,80,10.5,20952,3.928718,3.928718
2026-09-24T13:43:42.352626,14.0,1.4,88,10.5,20963,3.930687,3.930687
2026-09-24T13:43:42.360626,14.0,1.4,96,10.5,20961,3.930354,3.930354
2026-09-24T13:43:42.368626,14.0,1.4,104,10.5,20933,3.925098,3.925098
2026-09-24T13:43:42.376626,14.0,1.4,112,10.5,20940,3.926502,3.926502
2026-09-24T13:43:42.384626,14.0,1.4,120,10.5,20967,3.931548,3.931548
2026-09-24T13:43:42.392626,14.0,1.4,128,10.5,20942,3.926873,3.926873
2026-09-24T13:43:42.400626,14.0,1.4,136,10.5,20918,3.922321,3.922321
2026-09-24T13:43:42.408626,14.0,1.4,144,10.5,20913,3.92147,3.92147
2026-09-24T13:43:42.416626,14.0,1.4,152,10.5,20959,3.930115,3.930115
2026-09-24T13:43:42.424626,14.0,1.4,160,10.5,20921,3.922832,3.922832
2026-09-24T13:43:42.432626,14.0,1.4,168,10.5,20946,3.927613,3.927613
2026-09-24T13:43:42.440626,14.0,1.4,176,10.5,20952,3.928721,3.928721
2026-09-24T13:43:42.448626,14.0,1.4,184,10.5,20915,3.921736,3.921736
2026-09-24T13:43:42.456626,14.0,1.4,192,10.5,20946,3.927567,3.927567
2026-09-24T13:43:42.464626,14.0,1.4,200,10.5,20948,3.927958,3.927958
2026-09-24T13:43:42.472626,14.0,1.4,208,10.5,20941,3.926708,3.926708
2026-09-24T13:43:42.480626,14.0,1.4,216,10.5,20952,3.928698,3.928698
2026-09-24T13:43:42.488626,14.0,1.4,224,10.5,20954,3.928999,3.928999
2026-09-24T13:43:42.496626,14.0,1.4,232,10.5,20952,3.928673,3.928673
2026-09-24T13:43:42.504626,14.0,1.4,240,10.5,20926,3.92375,3.92375
2026-09-24T13:43:42.512626,14.0,1.4,248,10.5,20940,3.926522,3.926522
2026-09-24T13:43:42.520626,14.0,1.4,256,10.5,20970,3.932055,3.932055
2026-09-24T13:43:42.528626,14.0,1.4,264,10.5,20977,3.93349,3.93349
2026-09-24T13:43:42.536626,14.0,1.4,272,10.5,20927,3.924043,3.924043
2026-09-24T13:43:42.544626,14.0,1.4,280,10.5,20940,3.926548,3.926548
2026-09-24T13:43:42.552626,14.0,1.4,288,10.5,20975,3.93294,3.93294
2026-09-24T13:43:42.560626,14.0,1.4,296,10.5,20952,3.92878,3.92878
2026-09-24T13:43:42.568626,14.0,1.4,304,10.5,20956,3.929385,3.929385
2026-09-24T13:43:42.576626,14.0,1.4,312,10.5,20924,3.923537,3.923537
2026-09-24T13:43:42.584626,14.0,1.4,320,10.5,20965,3.9312,3.9312
2026-09-24T13:43:42.592626,14.0,1.4,328,10.5,20933,3.925172,3.925172
2026-09-24T13:43:42.600626,14.0,1.4,336,10.5,20953,3.92897,3.92897
2026-09-24T13:43:42.608626,14.0,1.4,344,10.5,20960,3.930224,3.930224
2026-09-24T13:43:42.616626,14.0,1.4,352,10.5,20940,3.926374,3.926374
2026-09-24T13:43:42.624626,14.0,1.4,360,10.5,20967,3.931497,3.931497
2026-09-24T13:43:42.632626,14.0,1.4,368,10.5,20937,3.925845,3.925845
2026-09-24T13:43:42.640626,14.0,1.4,376,10.5,20927,3.924005,3.924005
2026-09-24T13:43:42.648626,14.0,1.4,384,10.5,20982,3.934424,3.934424
2026-09-24T13:43:42.656626,14.0,1.4,392,10.5,20957,3.929576,3.929576
2026-09-24T13:43:42.664626,14.0,1.4,400,10.5,20953,3.928913,3.928913
2026-09-24T13:43:42.672626,14.0,1.4,408,10.5,20948,3.928046,3.928046
2026-09-24T13:43:42.680626,14.0,1.4,416,10.5,20918,3.922312,3.922312
2026-09-24T13:43:42.688626,14.0,1.4,424,10.5,20951,3.928492,3.928492
2026-09-24T13:43:42.696626,14.0,1.4,432,10.5,20950,3.928306,3.928306
2026-09-24T13:43:42.704626,14.0,1.4,440,10.5,20924,3.923392,3.923392
2026-09-24T13:43:42.712626,14.0,1.4,448,10.5,20933,3.925164,3.925164
2026-09-24T13:43:42.720626,14.0,1.4,456,10.5,20902,3.919348,3.919348
2026-09-24T13:43:42.728626,14.0,1.4,464,10.5,20959,3.930077,3.930077
2026-09-24T13:43:42.736626,14.0,1.4,472,10.5,20925,3.923605,3.923605
2026-09-24T13:43:42.744626,14.0,1.4,480,10.5,20922,3.923094,3.923094
2026-09-24T13:43:42.752626,14.0,1.4,488,10.5,20903,3.919594,3.919594
2026-09-24T13:43:42.760626,14.0,1.4,496,10.5,20931,3.924749,3.924749
2026-09-24T13:43:42.768626,14.0,1.4,504,10.5,20926,3.923852,3.923852
2026-09-24T13:43:42.776626,14.0,1.4,512,10.5,20942,3.926759,3.926759
2026-09-24T13:43:42.784626,14.0,1.4,520,10.5,20918,3.922267,3.922267
2026-09-24T13:43:42.792626,14.0,1.4,528,10.5,20924,3.923492,3.923492
2026-09-24T13:43:42.800626,14.0,1.4,536,10.5,20938,3.926167,3.926167
2026-09-24T13:43:42.808626,14.0,1.4,544,10.5,20964,3.930912,3.930912
2026-09-24T13:43:42.816626,14.0,1.4,552,10.5,20938,3.926054,3.926054
2026-09-24T13:43:42.824626,14.0,1.4,560,10.5,20946,3.927572,3.927572
2026-09-24T13:43:42.832626,14.0,1.4,568,10.5,20951,3.928486,3.928486
2026-09-24T13:43:42.840626,14.0,1.4,576,10.5,20954,3.929089,3.929089
2026-09-24T13:43:42.848626,14.0,1.4,584,10.5,20960,3.930205,3.930205
2026-09-24T13:43:42.856626,14.0,1.4,592,10.5,20923,3.923202,3.923202
2026-09-24T13:43:42.864626,14.0,1.4,600,10.5,20918,3.922252,3.922252
2026-09-24T13:43:42.872626,14.0,1.4,608,10.5,20959,3.930015,3.930015
2026-09-24T13:43:42.880626,14.0,1.4,616,10.5,20943,3.927116,3.927116
2026-09-24T13:43:42.888626,14.0,1.4,624,10.5,20985,3.934847,3.934847
2026-09-24T13:43:42.896626,14.0,1.4,632,10.5,20965,3.931157,3.931157
2026-09-24T13:43:42.904626,14.0,1.4,640,10.5,20933,3.925191,3.925191
2026-09-24T13:43:42.912626,14.0,1.4,648,10.5,20942,3.926756,3.926756
2026-09-24T13:43:42.920626,14.0,1.4,656,10.5,20990,3.935868,3.935868
2026-09-24T13:43:42.928626,14.0,1.4,664,10.5,20930,3.924649,3.924649
2026-09-24T13:43:42.936626,14.0,1.4,672,10.5,20939,3.92626,3.92626
2026-09-24T13:43:42.944626,14.0,1.4,680,10.5,20976,3.933298,3.933298
2026-09-24T13:43:42.952626,14.0,1.4,688,10.5,20959,3.929947,3.929947
2026-09-24T13:43:42.960626,14.0,1.4,696,10.5,20964,3.930937,3.930937
2026-09-24T13:43:42.968626,14.0,1.4,704,10.5,20949,3.928126,3.928126
2026-09-24T13:43:42.976626,14.0,1.4,712,10.5,20938,3.926172,3.926172
2026-09-24T13:43:42.984626,14.0,1.4,720,10.5,20916,3.922,3.922
2026-09-24T13:43:42.992626,14.0,1.4,728,10.5,20967,3.931525,3.931525
2026-09-24T13:43:43.000626,14.0,1.4,736,10.5,20954,3.929031,3.929031
2026-09-24T13:43:43.008626,14.0,1.4,744,10.5,20923,3.923323,3.923323
2026-09-24T13:43:43.016626,14.0,1.4,752,10.5,20966,3.931324,3.931324
2026-09-24T13:43:43.024626,14.0,1.4,760,10.5,20950,3.928352,3.928352
2026-09-24T13:43:43.032626,14.0,1.4,768,10.5,20946,3.927667,3.927667
2026-09-24T13:43:43.040626,14.0,1.4,776,10.5,20944,3.927148,3.927148
2026-09-24T13:43:43.048626,14.0,1.4,784,10.5,20909,3.920673,3.920673
2026-09-24T13:43:43.056626,14.0,1.4,792,10.5,20985,3.934869,3.934869
2026-09-24T13:43:43.064626,14.0,1.4,800,10.5,20972,3.932548,3.932548
2026-09-24T13:43:43.072626,14.0,1.4,808,10.5,20944,3.927232,3.927232
2026-09-24T13:43:43.080626,14.0,1.4,816,10.5,20939,3.926279,3.926279
2026-09-24T13:43:43.088626,14.0,1.4,824,10.5,20943,3.926991,3.926991
2026-09-24T13:43:43.096626,14.0,1.4,832,10.5,20926,3.923828,3.923828
2026-09-24T13:43:43.104626,14.0,1.4,840,10.5,20933,3.925154,3.925154
2026-09-24T13:43:43.112626,14.0,1.4,848,10.5,20960,3.930244,3.930244
2026-09-24T13:43:43.120626,14.0,1.4,856,10.5,20958,3.929823,3.929823
2026-09-24T13:43:43.128626,14.0,1.4,864,10.5,20938,3.92601,3.92601
2026-09-24T13:43:43.136626,14.0,1.4,872,10.5,20964,3.930918,3.930918
2026-09-24T13:43:43.144626,14.0,1.4,880,10.5,20931,3.924857,3.924857
2026-09-24T13:43:43.152626,14.0,1.4,888,10.5,20931,3.924745,3.924745
2026-09-24T13:43:43.160626,14.0,1.4,896,10.5,20951,3.928561,3.928561
2026-09-24T13:43:43.168626,14.0,1.4,904,10.5,20958,3.929778,3.929778
2026-09-24T13:43:43.176626,14.0,1.4,912,10.5,20946,3.92765,3.92765
2026-09-24T13:43:43.184626,14.0,1.4,920,10.5,20921,3.922899,3.922899
2026-09-24T13:43:43.192626,14.0,1.4,928,10.5,20967,3.931564,3.931564
2026-09-24T13:43:43.200626,14.0,1.4,936,10.5,20983,3.934493,3.934493
2026-09-24T13:43:43.208626,14.0,1.4,944,10.5,20904,3.919739,3.919739
2026-09-24T13:43:43.216626,14.0,1.4,952,10.5,20935,3.925507,3.925507
2026-09-24T13:43:43.224626,14.0,1.4,960,10.5,20963,3.93069,3.93069
2026-09-24T13:43:43.232626,14.0,1.4,968,10.5,20944,3.927209,3.927209
2026-09-24T13:43:43.240626,14.0,1.4,976,10.5,20938,3.926157,3.926157
2026-09-24T13:43:43.248626,14.0,1.4,984,10.5,20969,3.931978,3.931978
2026-09-24T13:43:43.256626,14.0,1.4,992,10.5,20963,3.930845,3.930845
2026-09-24T13:43:43.264626,14.0,1.4,1000,10.5,20956,3.929435,3.929435
2026-09-24T13:43:43.272626,14.0,1.4,1008,10.5,20925,3.923707,3.923707
2026-09-24T13:43:43.280626,14.0,1.4,1016,10.5,20957,3.929665,3.929665
2026-09-24T13:43:43.288626,14.0,1.4,1024,10.5,20933,3.925086,3.925086
2026-09-24T13:43:43.296626,14.0,1.4,1032,10.5,20957,3.929576,3.929576
2026-09-24T13:43:43.304626,14.0,1.4,1040,10.5,20945,3.927468,3.927468
2026-09-24T13:43:43.312626,14.0,1.4,1048,10.5,20957,3.929574,3.929574
2026-09-24T13:43:43.320626,14.0,1.4,1056,10.5,20963,3.930802,3.930802
2026-09-24T13:43:43.328626,14.0,1.4,1064,10.5,20952,3.928678,3.928678
2026-09-24T13:43:43.336626,14.0,1.4,1072,10.5,20933,3.925183,3.925183
2026-09-24T13:43:43.344626,14.0,1.4,1080,10.5,20954,3.929178,3.929178
2026-09-24T13:43:43.352626,14.0,1.4,1088,10.5,20957,3.929593,3.929593
2026-09-24T13:43:43.360626,14.0,1.4,1096,10.5,20963,3.930726,3.930726
2026-09-24T13:43:43.368626,14.0,1.4,1104,10.5,20974,3.932799,3.932799
2026-09-24T13:43:43.376626,14.0,1.4,1112,10.5,20947,3.927854,3.927854
2026-09-24T13:43:43.384626,14.0,1.4,1120,10.5,20947,3.927856,3.927856
2026-09-24T13:43:43.392626,14.0,1.4,1128,10.5,20924,3.923539,3.923539
2026-09-24T13:43:43.400626,14.0,1.4,1136,10.5,20942,3.92677,3.92677
2026-09-24T13:43:43.408626,14.0,1.4,1144,10.5,20931,3.924807,3.924807
2026-09-24T13:43:43.416626,14.0,1.4,1152,10.5,20900,3.918874,3.918874
2026-09-24T13:43:43.424626,14.0,1.4,1160,10.5,20925,3.923656,3.923656
2026-09-24T13:43:43.432626,14.0,1.4,1168,10.5,20923,3.923225,3.923225
2026-09-24T13:43:43.440626,14.0,1.4,1176,10.5,20930,3.924531,3.924531
2026-09-24T13:43:43.448626,14.0,1.4,1184,10.5,20973,3.932589,3.932589
2026-09-24T13:43:43.456626,14.0,1.4,1192,10.5,20946,3.92757,3.92757
2026-09-24T13:43:43.464626,14.0,1.4,1200,10.5,20968,3.931629,3.931629
2026-09-24T13:43:43.472626,14.0,1.4,1208,10.5,20963,3.930783,3.930783
2026-09-24T13:43:43.480626,14.0,1.4,1216,10.5,20925,3.923601,3.923601
2026-09-24T13:43:43.488626,14.0,1.4,1224,10.5,20967,3.931479,3.931479
2026-09-24T13:43:43.496626,14.0,1.4,1232,10.5,20941,3.926729,3.926729
2026-09-24T13:43:43.504626,14.0,1.4,1240,10.5,20920,3.92268,3.92268
2026-09-24T13:43:43.512626,14.0,1.4,1248,10.5,20905,3.919852,3.919852
2026-09-24T13:43:43.520626,14.0,1.4,1256,10.5,20935,3.925561,3.925561
2026-09-24T13:43:43.528626,14.0,1.4,1264,10.5,20936,3.92579,3.92579
2026-09-24T13:43:43.536626,14.0,1.4,1272,10.5,20927,3.924023,3.924023
2026-09-24T13:43:43.544626,14.0,1.4,1280,10.5,20961,3.930318,3.930318
2026-09-24T13:43:43.552626,14.0,1.4,1288,10.5,20965,3.931172,3.931172
2026-09-24T13:43:43.560626,14.0,1.4,1296,10.5,20929,3.924487,3.924487
2026-09-24T13:43:43.568626,14.0,1.4,1304,10.5,20951,3.928513,3.928513
2026-09-24T13:43:43.576626,14.0,1.4,1312,10.5,20954,3.929021,3.929021
2026-09-24T13:43:43.584626,14.0,1.4,1320,10.5,20914,3.921657,3.921657
2026-09-24T13:43:43.592626,14.0,1.4,1328,10.5,20940,3.926376,3.926376
2026-09-24T13:43:43.600626,14.0,1.4,1336,10.5,20957,3.929673,3.929673
2026-09-24T13:43:43.608626,14.0,1.4,1344,10.5,20917,3.92215,3.92215
2026-09-24T13:43:43.616626,14.0,1.4,1352,10.5,20928,3.92426,3.92426
2026-09-24T13:43:43.624626,14.0,1.4,1360,10.5,20947,3.927859,3.927859
2026-09-24T13:43:43.632626,14.0,1.4,1368,10.5,20938,3.926142,3.926142
2026-09-24T13:43:43.640626,14.0,1.4,1376,10.5,20928,3.924216,3.924216
2026-09-24T13:43:43.648626,14.0,1.4,1384,10.5,20920,3.922661,3.922661
2026-09-24T13:43:43.656626,14.0,1.4,1392,10.5,20947,3.927797,3.927797
2026-09-24T13:43:43.664626,14.0,1.4,1400,10.5,20946,3.927609,3.927609
2026-09-24T13:43:43.672626,14.0,1.4,1408,10.5,20925,3.923566,3.923566
2026-09-24T13:43:43.680626,14.0,1.4,1416,10.5,20955,3.929202,3.929202
2026-09-24T13:43:43.688626,14.0,1.4,1424,10.5,20938,3.926103,3.926103
2026-09-24T13:43:43.696626,14.0,1.4,1432,10.5,20956,3.929472,3.929472
2026-09-24T13:43:43.704626,14.0,1.4,1440,10.5,20938,3.926045,3.926045
2026-09-24T13:43:43.712626,14.0,1.4,1448,10.5,20968,3.931678,3.931678
2026-09-24T13:43:43.720626,14.0,1.4,1456,10.5,20944,3.92721,3.92721
2026-09-24T13:43:43.728626,14.0,1.4,1464,10.5,20966,3.931322,3.931322
2026-09-24T13:43:43.736626,14.0,1.4,1472,10.5,20941,3.926737,3.926737
2026-09-24T13:43:43.744626,14.0,1.4,1480,10.5,20943,3.927057,3.927057
2026-09-24T13:43:43.752626,14.0,1.4,1488,10.5,20934,3.925309,3.925309
2026-09-24T13:43:43.760626,14.0,1.4,1496,10.5,20959,3.930078,3.930078
2026-09-24T13:43:43.768626,14.0,1.4,1504,10.5,20939,3.926202,3.926202
2026-09-24T13:43:43.776626,14.0,1.4,1512,10.5,20947,3.927746,3.927746
2026-09-24T13:43:43.784626,14.0,1.4,1520,10.5,20947,3.927741,3.927741
2026-09-24T13:43:43.792626,14.0,1.4,1528,10.5,20976,3.933298,3.933298
2026-09-24T13:43:43.800626,14.0,1.4,1536,10.5,20944,3.927214,3.927214
2026-09-24T13:43:43.808626,14.0,1.4,1544,10.5,20955,3.929297,3.929297
2026-09-24T13:43:43.816626,14.0,1.4,1552,10.5,20953,3.928961,3.928961
2026-09-24T13:43:43.824626,14.0,1.4,1560,10.5,20946,3.927674,3.927674
2026-09-24T13:43:43.832626,14.0,1.4,1568,10.5,20939,3.926323,3.926323
2026-09-24T13:43:43.840626,14.0,1.4,1576,10.5,20929,3.924402,3.924402
2026-09-24T13:43:43.848626,14.0,1.4,1584,10.5,20957,3.929729,3.929729
2026-09-24T13:43:43.856626,14.0,1.4,1592,10.5,20946,3.927604,3.927604
2026-09-24T13:43:43.864626,14.0,1.4,1600,10.5,20952,3.928688,3.928688
2026-09-24T13:43:43.872626,14.0,1.4,1608,10.5,20956,3.929475,3.929475
2026-09-24T13:43:43.880626,14.0,1.4,1616,10.5,20951,3.928487,3.928487
2026-09-24T13:43:43.888626,14.0,1.4,1624,10.5,20978,3.933582,3.933582
2026-09-24T13:43:43.896626,14.0,1.4,1632,10.5,20916,3.921939,3.921939
2026-09-24T13:43:43.904626,14.0,1.4,1640,10.5,20975,3.932935,3.932935
2026-09-24T13:43:43.912626,14.0,1.4,1648,10.5,20959,3.929997,3.929997
2026-09-24T13:43:43.920626,14.0,1.4,1656,10.5,20923,3.92324,3.92324
2026-09-24T13:43:43.928626,14.0,1.4,1664,10.5,20948,3.927963,3.927963
2026-09-24T13:43:43.936626,14.0,1.4,1672,10.5,20915,3.921844,3.921844
2026-09-24T13:43:43.944626,14.0,1.4,1680,10.5,20951,3.928464,3.928464
2026-09-24T13:43:43.952626,14.0,1.4,1688,10.5,20913,3.921472,3.921472
2026-09-24T13:43:43.960626,14.0,1.4,1696,10.5,20951,3.92848,3.92848
2026-09-24T13:43:43.968626,14.0,1.4,1704,10.5,20936,3.925652,3.925652
2026-09-24T13:43:43.976626,14.0,1.4,1712,10.5,20933,3.925211,3.925211
2026-09-24T13:43:43.984626,14.0,1.4,1720,10.5,20951,3.928458,3.928458
2026-09-24T13:43:43.992626,14.0,1.4,1728,10.5,20969,3.931957,3.931957
2026-09-24T13:43:44.000626,14.0,1.4,1736,10.5,20957,3.929559,3.929559
2026-09-24T13:43:44.008626,14.0,1.4,1744,10.5,20934,3.925304,3.925304
2026-09-24T13:43:44.016626,14.0,1.4,1752,10.5,20968,3.931705,3.931705
2026-09-24T13:43:44.024626,14.0,1.4,1760,10.5,20953,3.928844,3.928844
2026-09-24T13:43:44.032626,14.0,1.4,1768,10.5,20943,3.927041,3.927041
2026-09-24T13:43:44.040626,14.0,1.4,1776,10.5,20938,3.926125,3.926125
2026-09-24T13:43:44.048626,14.0,1.4,1784,10.5,20956,3.929436,3.929436
2026-09-24T13:43:44.056626,14.0,1.4,1792,10.5,20939,3.926256,3.926256
2026-09-24T13:43:44.064626,14.0,1.4,1800,10.5,20953,3.928855,3.928855
2026-09-24T13:43:44.072626,14.0,1.4,1808,10.5,20928,3.924283,3.924283
2026-09-24T13:43:44.080626,14.0,1.4,1816,10.5,20940,3.9264,3.9264
2026-09-24T13:43:44.088626,14.0,1.4,1824,10.5,20932,3.925053,3.925053
2026-09-24T13:43:44.096626,14.0,1.4,1832,10.5,20946,3.927574,3.927574
2026-09-24T13:43:44.104626,14.0,1.4,1840,10.5,20944,3.92721,3.92721
2026-09-24T13:43:44.112626,14.0,1.4,1848,10.5,20921,3.922816,3.922816
2026-09-24T13:43:44.120626,14.0,1.4,1856,10.5,20960,3.930204,3.930204
2026-09-24T13:43:44.128626,14.0,1.4,1864,10.5,20951,3.928438,3.928438
2026-09-24T13:43:44.136626,14.0,1.4,1872,10.5,20949,3.928235,3.928235
2026-09-24T13:43:44.144626,14.0,1.4,1880,10.5,20971,3.932301,3.932301
2026-09-24T13:43:44.152626,14.0,1.4,1888,10.5,20935,3.925489,3.925489
2026-09-24T13:43:44.160626,14.0,1.4,1896,10.5,20935,3.925475,3.925475
2026-09-24T13:43:44.168626,14.0,1.4,1904,10.5,20908,3.920484,3.920484
2026-09-24T13:43:44.176626,14.0,1.4,1912,10.5,20940,3.926537,3.926537
2026-09-24T13:43:44.184626,14.0,1.4,1920,10.5,20948,3.927877,3.927877
2026-09-24T13:43:44.192626,14.0,1.4,1928,10.5,20911,3.920985,3.920985
2026-09-24T13:43:44.200626,14.0,1.4,1936,10.5,20947,3.927755,3.927755
2026-09-24T13:43:44.208626,14.0,1.4,1944,10.5,20944,3.927194,3.927194
2026-09-24T13:43:44.216626,14.0,1.4,1952,10.5,20952,3.928765,3.928765
2026-09-24T13:43:44.224626,14.0,1.4,1960,10.5,20965,3.931219,3.931219
2026-09-24T13:43:44.232626,14.0,1.4,1968,10.5,21010,3.939538,3.939538
2026-09-24T13:43:44.240626,14.0,1.4,1976,10.5,20920,3.922676,3.922676
2026-09-24T13:43:44.248626,14.0,1.4,1984,10.5,20926,3.923761,3.923761
2026-09-24T13:43:44.256626,14.0,1.4,1992,10.5,20931,3.924864,3.924864
2026-09-24T13:43:44.264626,14.0,1.4,2000,10.5,20952,3.928711,3.928711
2026-09-24T13:43:44.272626,14.0,1.4,2008,10.5,20952,3.928796,3.928796
2026-09-24T13:43:44.280626,14.0,1.4,2016,10.5,20926,3.923842,3.923842
2026-09-24T13:43:44.288626,14.0,1.4,2024,10.5,20955,3.929323,3.929323
2026-09-24T13:43:44.296626,14.0,1.4,2032,10.5,20927,3.923951,3.923951
2026-09-24T13:43:44.304626,14.0,1.4,2040,10.5,20929,3.924377,3.924377
2026-09-24T13:43:44.312626,14.0,1.4,2048,10.5,20949,3.928156,3.928156
2026-09-24T13:43:44.320626,14.0,1.4,2056,10.5,20968,3.931727,3.931727
2026-09-24T13:43:44.328626,14.0,1.4,2064,10.5,20944,3.927159,3.927159
2026-09-24T13:43:44.336626,14.0,1.4,2072,10.5,20932,3.924982,3.924982
2026-09-24T13:43:44.344626,14.0,1.4,2080,10.5,20911,3.921067,3.921067
2026-09-24T13:43:44.352626,14.0,1.4,2088,10.5,20945,3.927318,3.927318
2026-09-24T13:43:44.360626,14.0,1.4,2096,10.5,20940,3.926497,3.926497
2026-09-24T13:43:44.368626,14.0,1.4,2104,10.5,20932,3.924898,3.924898
2026-09-24T13:43:44.376626,14.0,1.4,2112,10.5,20945,3.927379,3.927379
2026-09-24T13:43:44.384626,14.0,1.4,2120,10.5,20960,3.930191,3.930191
2026-09-24T13:43:44.392626,14.0,1.4,2128,10.5,20937,3.92594,3.92594
2026-09-24T13:43:44.400626,14.0,1.4,2136,10.5,20959,3.930013,3.930013
2026-09-24T13:43:44.408626,14.0,1.4,2144,10.5,20977,3.933485,3.933485
2026-09-24T13:43:44.416626,14.0,1.4,2152,10.5,20939,3.926319,3.926319
2026-09-24T13:43:44.424626,14.0,1.4,2160,10.5,20963,3.930751,3.930751
2026-09-24T13:43:44.432626,14.0,1.4,2168,10.5,20944,3.927211,3.927211
2026-09-24T13:43:44.440626,14.0,1.4,2176,10.5,20962,3.930501,3.930501
2026-09-24T13:43:44.448626,14.0,1.4,2184,10.5,20953,3.92889,3.92889
2026-09-24T13:43:44.456626,14.0,1.4,2192,10.5,20938,3.926112,3.926112
2026-09-24T13:43:44.464626,14.0,1.4,2200,10.5,20955,3.929337,3.929337
2026-09-24T13:43:44.472626,14.0,1.4,2208,10.5,20947,3.927726,3.927726
2026-09-24T13:43:44.480626,14.0,1.4,2216,10.5,20944,3.927303,3.927303
2026-09-24T13:43:44.488626,14.0,1.4,2224,10.5,20928,3.92427,3.92427
2026-09-24T13:43:44.496626,14.0,1.4,2232,10.5,20927,3.923945,3.923945
2026-09-24T13:43:44.504626,14.0,1.4,2240,10.5,20929,3.924463,3.924463
2026-09-24T13:43:44.512626,14.0,1.4,2248,10.5,20968,3.931652,3.931652
2026-09-24T13:43:44.520626,14.0,1.4,2256,10.5,20979,3.933799,3.933799
2026-09-24T13:43:44.528626,14.0,1.4,2264,10.5,20970,3.932016,3.932016
2026-09-24T13:43:44.536626,14.0,1.4,2272,10.5,20961,3.930374,3.930374
2026-09-24T13:43:44.544626,14.0,1.4,2280,10.5,20946,3.927528,3.927528
2026-09-24T13:43:44.552626,14.0,1.4,2288,10.5,20926,3.923891,3.923891
2026-09-24T13:43:44.560626,14.0,1.4,2296,10.5,20925,3.923637,3.923637
2026-09-24T13:43:44.568626,14.0,1.4,2304,10.5,20955,3.92923,3.92923
2026-09-24T13:43:44.576626,14.0,1.4,2312,10.5,20941,3.926703,3.926703
2026-09-24T13:43:44.584626,14.0,1.4,2320,10.5,20961,3.930395,3.930395
2026-09-24T13:43:44.592626,14.0,1.4,2328,10.5,20987,3.93533,3.93533
2026-09-24T13:43:44.600626,14.0,1.4,2336,10.5,20967,3.931458,3.931458
2026-09-24T13:43:44.608626,14.0,1.4,2344,10.5,20929,3.924375,3.924375
2026-09-24T13:43:44.616626,14.0,1.4,2352,10.5,20946,3.927564,3.927564
2026-09-24T13:43:44.624626,14.0,1.4,2360,10.5,20949,3.928169,3.928169
2026-09-24T13:43:44.632626,14.0,1.4,2368,10.5,20939,3.926367,3.926367
2026-09-24T13:43:44.640626,14.0,1.4,2376,10.5,20933,3.925142,3.925142
2026-09-24T13:43:44.648626,14.0,1.4,2384,10.5,20949,3.928135,3.928135
2026-09-24T13:43:44.656626,14.0,1.4,2392,10.5,20963,3.930707,3.930707
2026-09-24T13:43:44.664626,14.0,1.4,2400,10.5,20950,3.928374,3.928374
2026-09-24T13:43:44.672626,14.0,1.4,2408,10.5,20925,3.9237,3.9237
2026-09-24T13:43:44.680626,14.0,1.4,2416,10.5,20949,3.928203,3.928203
2026-09-24T13:43:44.688626,14.0,1.4,2424,10.5,20947,3.927776,3.927776
2026-09-24T13:43:44.696626,14.0,1.4,2432,10.5,20933,3.925236,3.925236
2026-09-24T13:43:44.704626,14.0,1.4,2440,10.5,20923,3.9232,3.9232
2026-09-24T13:43:44.712626,14.0,1.4,2448,10.5,20926,3.923777,3.923777
2026-09-24T13:43:44.720626,14.0,1.4,2456,10.5,20914,3.921589,3.921589
2026-09-24T13:43:44.728626,14.0,1.4,2464,10.5,20973,3.932688,3.932688
2026-09-24T13:43:44.736626,14.0,1.4,2472,10.5,20949,3.928243,3.928243
2026-09-24T13:43:44.744626,14.0,1.4,2480,10.5,20945,3.927474,3.927474
2026-09-24T13:43:44.752626,14.0,1.4,2488,10.5,20919,3.922483,3.922483
2026-09-24T13:43:44.760626,14.0,1.4,2496,10.5,20937,3.925824,3.925824
2026-09-24T13:43:44.768626,14.0,1.4,2504,10.5,20929,3.92438,3.92438
2026-09-24T13:43:44.776626,14.0,1.4,2512,10.5,20917,3.922167,3.922167
2026-09-24T13:43:44.784626,14.0,1.4,2520,10.5,20948,3.928028,3.928028
2026-09-24T13:43:44.792626,14.0,1.4,2528,10.5,20941,3.926594,3.926594
2026-09-24T13:43:44.800626,14.0,1.4,2536,10.5,20939,3.926257,3.926257
2026-09-24T13:43:44.808626,14.0,1.4,2544,10.5,20935,3.925466,3.925466
2026-09-24T13:43:44.816626,14.0,1.4,2552,10.5,20937,3.925952,3.925952
2026-09-24T13:43:44.824626,14.0,1.4,2560,10.5,20946,3.927606,3.927606
2026-09-24T13:43:44.832626,14.0,1.4,2568,10.5,20955,3.929333,3.929333
2026-09-24T13:43:44.840626,14.0,1.4,2576,10.5,20939,3.926226,3.926226
2026-09-24T13:43:44.848626,14.0,1.4,2584,10.5,20914,3.921678,3.921678
2026-09-24T13:43:44.856626,14.0,1.4,2592,10.5,20968,3.931764,3.931764
2026-09-24T13:43:44.864626,14.0,1.4,2600,10.5,20919,3.92244,3.92244
2026-09-24T13:43:44.872626,14.0,1.4,2608,10.5,20955,3.929235,3.929235
2026-09-24T13:43:44.880626,14.0,1.4,2616,10.5,20959,3.930023,3.930023
2026-09-24T13:43:44.888626,14.0,1.4,2624,10.5,20935,3.925533,3.925533
2026-09-24T13:43:44.896626,14.0,1.4,2632,10.5,20926,3.923817,3.923817
2026-09-24T13:43:44.904626,14.0,1.4,2640,10.5,20965,3.931143,3.931143
2026-09-24T13:43:44.912626,14.0,1.4,2648,10.5,20953,3.928901,3.928901
2026-09-24T13:43:44.920626,14.0,1.4,2656,10.5,20932,3.924968,3.924968
2026-09-24T13:43:44.928626,14.0,1.4,2664,10.5,20919,3.922455,3.922455
2026-09-24T13:43:44.936626,14.0,1.4,2672,10.5,20945,3.92739,3.92739
2026-09-24T13:43:44.944626,14.0,1.4,2680,10.5,20967,3.931478,3.931478
2026-09-24T13:43:44.952626,14.0,1.4,2688,10.5,20959,3.929945,3.929945
2026-09-24T13:43:44.960626,14.0,1.4,2696,10.5,20910,3.92078,3.92078
2026-09-24T13:43:44.968626,14.0,1.4,2704,10.5,20947,3.927708,3.927708
2026-09-24T13:43:44.976626,14.0,1.4,2712,10.5,20921,3.922982,3.922982
2026-09-24T13:43:44.984626,14.0,1.4,2720,10.5,20960,3.930271,3.930271
2026-09-24T13:43:44.992626,14.0,1.4,2728,10.5,20970,3.932054,3.932054
2026-09-24T13:43:45.000626,14.0,1.4,2736,10.5,20953,3.928964,3.928964
2026-09-24T13:43:45.008626,14.0,1.4,2744,10.5,20921,3.922852,3.922852
2026-09-24T13:43:45.016626,14.0,1.4,2752,10.5,20971,3.932286,3.932286
2026-09-24T13:43:45.024626,14.0,1.4,2760,10.5,20918,3.92242,3.92242
2026-09-24T13:43:45.032626,14.0,1.4,2768,10.5,20976,3.933207,3.933207
2026-09-24T13:43:45.040626,14.0,1.4,2776,10.5,20966,3.93128,3.93128
2026-09-24T13:43:45.048626,14.0,1.4,2784,10.5,20954,3.929067,3.929067
2026-09-24T13:43:45.056626,14.0,1.4,2792,10.5,20939,3.926269,3.926269
2026-09-24T13:43:45.064626,14.0,1.4,2800,10.5,20954,3.929118,3.929118
2026-09-24T13:43:45.072626,14.0,1.4,2808,10.5,20929,3.924425,3.924425
2026-09-24T13:43:45.080626,14.0,1.4,2816,10.5,20935,3.925531,3.925531
2026-09-24T13:43:45.088626,14.0,1.4,2824,10.5,20935,3.925507,3.925507
2026-09-24T13:43:45.096626,14.0,1.4,2832,10.5,20928,3.924295,3.924295
2026-09-24T13:43:45.104626,14.0,1.4,2840,10.5,20988,3.935411,3.935411
2026-09-24T13:43:45.112626,14.0,1.4,2848,10.5,20942,3.926828,3.926828
2026-09-24T13:43:45.120626,14.0,1.4,2856,10.5,20996,3.93694,3.93694
2026-09-24T13:43:45.128626,14.0,1.4,2864,10.5,20927,3.923957,3.923957
2026-09-24T13:43:45.136626,14.0,1.4,2872,10.5,20919,3.922559,3.922559
2026-09-24T13:43:45.144626,14.0,1.4,2880,10.5,20926,3.923855,3.923855
2026-09-24T13:43:45.152626,14.0,1.4,2888,10.5,20970,3.932157,3.932157
2026-09-24T13:43:45.160626,14.0,1.4,2896,10.5,20937,3.925957,3.925957
2026-09-24T13:43:45.168626,14.0,1.4,2904,10.5,20938,3.926023,3.926023
2026-09-24T13:43:45.176626,14.0,1.4,2912,10.5,20975,3.933069,3.933069
2026-09-24T13:43:45.184626,14.0,1.4,2920,10.5,20979,3.933732,3.933732
2026-09-24T13:43:45.192626,14.0,1.4,2928,10.5,20976,3.933218,3.933218
2026-09-24T13:43:45.200626,14.0,1.4,2936,10.5,20943,3.926965,3.926965
2026-09-24T13:43:45.208626,14.0,1.4,2944,10.5,20935,3.925543,3.925543
2026-09-24T13:43:45.216626,14.0,1.4,2952,10.5,20911,3.921091,3.921091
2026-09-24T13:43:45.224626,14.0,1.4,2960,10.5,20957,3.92967,3.92967
2026-09-24T13:43:45.232626,14.0,1.4,2968,10.5,20959,3.930065,3.930065
2026-09-24T13:43:45.240626,14.0,1.4,2976,10.5,20936,3.925663,3.925663
2026-09-24T13:43:45.248626,14.0,1.4,2984,10.5,20956,3.929391,3.929391
2026-09-24T13:43:45.256626,14.0,1.4,2992,10.5,20925,3.923629,3.923629
2026-09-24T13:43:45.264626,14.0,1.4,3000,10.5,20939,3.926323,3.926323
2026-09-24T13:43:45.272626,14.0,1.4,3008,10.5,20958,3.929893,3.929893
2026-09-24T13:43:45.280626,14.0,1.4,3016,10.5,20949,3.928144,3.928144
2026-09-24T13:43:45.288626,14.0,1.4,3024,10.5,20949,3.928175,3.928175
2026-09-24T13:43:45.296626,14.0,1.4,3032,10.5,20959,3.929963,3.929963
2026-09-24T13:43:45.304626,14.0,1.4,3040,10.5,20932,3.924993,3.924993
2026-09-24T13:43:45.312626,14.0,1.4,3048,10.5,20916,3.922039,3.922039
2026-09-24T13:43:45.320626,14.0,1.4,3056,10.5,20908,3.920523,3.920523
2026-09-24T13:43:45.328626,14.0,1.4,3064,10.5,20952,3.928769,3.928769
2026-09-24T13:43:45.336626,14.0,1.4,3072,10.5,20950,3.928321,3.928321
2026-09-24T13:43:45.344626,14.0,1.4,3080,10.5,20957,3.929585,3.929585
2026-09-24T13:43:45.352626,14.0,1.4,3088,10.5,20927,3.923953,3.923953
2026-09-24T13:43:45.360626,14.0,1.4,3096,10.5,20962,3.930531,3.930531
2026-09-24T13:43:45.368626,14.0,1.4,3104,10.5,20943,3.927081,3.927081
2026-09-24T13:43:45.376626,14.0,1.4,3112,10.5,20936,3.925685,3.925685
2026-09-24T13:43:45.384626,14.0,1.4,3120,10.5,20928,3.9243,3.9243
2026-09-24T13:43:45.392626,14.0,1.4,3128,10.5,20942,3.926867,3.926867
2026-09-24T13:43:45.400626,14.0,1.4,3136,10.5,20905,3.919852,3.919852
2026-09-24T13:43:45.408626,14.0,1.4,3144,10.5,20942,3.926778,3.926778
2026-09-24T13:43:45.416626,14.0,1.4,3152,10.5,20928,3.924179,3.924179
2026-09-24T13:43:45.424626,14.0,1.4,3160,10.5,20947,3.927739,3.927739
2026-09-24T13:43:45.432626,14.0,1.4,3168,10.5,20971,3.932344,3.932344
2026-09-24T13:43:45.440626,14.0,1.4,3176,10.5,20937,3.92595,3.92595
2026-09-24T13:43:45.448626,14.0,1.4,3184,10.5,20926,3.92388,3.92388
2026-09-24T13:43:45.456626,14.0,1.4,3192,10.5,20941,3.926592,3.926592
2026-09-24T13:43:45.464626,14.0,1.4,3200,10.5,20942,3.926874,3.926874
2026-09-24T13:43:45.472626,14.0,1.4,3208,10.5,20927,3.924052,3.924052
2026-09-24T13:43:45.480626,14.0,1.4,3216,10.5,20948,3.927902,3.927902
2026-09-24T13:43:45.488626,14.0,1.4,3224,10.5,20939,3.926213,3.926213
2026-09-24T13:43:45.496626,14.0,1.4,3232,10.5,20931,3.924793,3.924793
2026-09-24T13:43:45.504626,14.0,1.4,3240,10.5,20957,3.92964,3.92964
2026-09-24T13:43:45.512626,14.0,1.4,3248,10.5,20943,3.926933,3.926933
2026-09-24T13:43:45.520626,14.0,1.4,3256,10.5,20904,3.919803,3.919803
2026-09-24T13:43:45.528626,14.0,1.4,3264,10.5,20924,3.923407,3.923407
2026-09-24T13:43:45.536626,14.0,1.4,3272,10.5,20958,3.92985,3.92985
2026-09-24T13:43:45.544626,14.0,1.4,3280,10.5,20941,3.926698,3.926698
2026-09-24T13:43:45.552626,14.0,1.4,3288,10.5,20940,3.926423,3.926423
2026-09-24T13:43:45.560626,14.0,1.4,3296,10.5,20943,3.927049,3.927049
2026-09-24T13:43:45.568626,14.0,1.4,3304,10.5,20963,3.930742,3.930742
2026-09-24T13:43:45.576626,14.0,1.4,3312,10.5,20933,3.925243,3.925243
2026-09-24T13:43:45.584626,14.0,1.4,3320,10.5,20927,3.92411,3.92411
2026-09-24T13:43:45.592626,14.0,1.4,3328,10.5,20925,3.923605,3.923605
2026-09-24T13:43:45.600626,14.0,1.4,3336,10.5,20927,3.924038,3.924038
2026-09-24T13:43:45.608626,14.0,1.4,3344,10.5,20956,3.929402,3.929402
2026-09-24T13:43:45.616626,14.0,1.4,3352,10.5,20947,3.927844,3.927844
2026-09-24T13:43:45.624626,14.0,1.4,3360,10.5,20956,3.929387,3.929387
2026-09-24T13:43:45.632626,14.0,1.4,3368,10.5,20935,3.925519,3.925519
2026-09-24T13:43:45.640626,14.0,1.4,3376,10.5,20963,3.930798,3.930798
2026-09-24T13:43:45.648626,14.0,1.4,3384,10.5,20964,3.930927,3.930927
2026-09-24T13:43:45.656626,14.0,1.4,3392,10.5,20948,3.92787,3.92787
2026-09-24T13:43:45.664626,14.0,1.4,3400,10.5,20969,3.931978,3.931978
2026-09-24T13:43:45.672626,14.0,1.4,3408,10.5,20919,3.922589,3.922589
2026-09-24T13:43:45.680626,14.0,1.4,3416,10.5,20965,3.931112,3.931112
2026-09-24T13:43:45.688626,14.0,1.4,3424,10.5,20948,3.927874,3.927874
2026-09-24T13:43:45.696626,14.0,1.4,3432,10.5,20926,3.923745,3.923745
2026-09-24T13:43:45.704626,14.0,1.4,3440,10.5,20945,3.927494,3.927494
2026-09-24T13:43:45.712626,14.0,1.4,3448,10.5,20942,3.926822,3.926822
2026-09-24T13:43:45.720626,14.0,1.4,3456,10.5,20922,3.923122,3.923122
2026-09-24T13:43:45.728626,14.0,1.4,3464,10.5,20930,3.924662,3.924662
2026-09-24T13:43:45.736626,14.0,1.4,3472,10.5,20964,3.930994,3.930994
2026-09-24T13:43:45.744626,14.0,1.4,3480,10.5,20937,3.925853,3.925853
2026-09-24T13:43:45.752626,14.0,1.4,3488,10.5,20953,3.92892,3.92892
2026-09-24T13:43:45.760626,14.0,1.4,3496,10.5,20963,3.930793,3.930793
2026-09-24T13:43:45.768626,14.0,1.4,3504,10.5,20932,3.924936,3.924936
2026-09-24T13:43:45.776626,14.0,1.4,3512,10.5,20970,3.932143,3.932143
2026-09-24T13:43:45.784626,14.0,1.4,3520,10.5,20937,3.925812,3.925812
2026-09-24T13:43:45.792626,14.0,1.4,3528,10.5,20960,3.930151,3.930151
2026-09-24T13:43:45.800626,14.0,1.4,3536,10.5,20955,3.929201,3.929201
2026-09-24T13:43:45.808626,14.0,1.4,3544,10.5,20955,3.929317,3.929317
2026-09-24T13:43:45.816626,14.0,1.4,3552,10.5,20961,3.930435,3.930435
2026-09-24T13:43:45.824626,14.0,1.4,3560,10.5,20954,3.929164,3.929164
2026-09-24T13:43:45.832626,14.0,1.4,3568,10.5,20938,3.926126,3.926126
2026-09-24T13:43:45.840626,14.0,1.4,3576,10.5,20936,3.925662,3.925662
2026-09-24T13:43:45.848626,14.0,1.4,3584,10.5,20948,3.927906,3.927906
2026-09-24T13:43:45.856626,14.0,1.4,3592,10.5,20921,3.922843,3.922843
2026-09-24T13:43:45.864626,14.0,1.4,3600,10.5,20934,3.925351,3.925351
2026-09-24T13:43:45.872626,14.0,1.4,3608,10.5,20945,3.927452,3.927452
2026-09-24T13:43:45.880626,14.0,1.4,3616,10.5,20952,3.928726,3.928726
2026-09-24T13:43:45.888626,14.0,1.4,3624,10.5,20950,3.928346,3.928346
2026-09-24T13:43:45.896626,14.0,1.4,3632,10.5,20934,3.925341,3.925341
2026-09-24T13:43:45.904626,14.0,1.4,3640,10.5,20938,3.926006,3.926006
2026-09-24T13:43:45.912626,14.0,1.4,3648,10.5,20924,3.923469,3.923469
2026-09-24T13:43:45.920626,14.0,1.4,3656,10.5,20956,3.929484,3.929484
2026-09-24T13:43:45.928626,14.0,1.4,3664,10.5,20940,3.926444,3.926444
2026-09-24T13:43:45.936626,14.0,1.4,3672,10.5,20962,3.930634,3.930634
2026-09-24T13:43:45.944626,14.0,1.4,3680,10.5,20945,3.927406,3.927406
2026-09-24T13:43:45.952626,14.0,1.4,3688,10.5,20952,3.928777,3.928777
2026-09-24T13:43:45.960626,14.0,1.4,3696,10.5,20944,3.927283,3.927283
2026-09-24T13:43:45.968626,14.0,1.4,3704,10.5,20944,3.927121,3.927121
2026-09-24T13:43:45.976626,14.0,1.4,3712,10.5,20899,3.918862,3.918862
2026-09-24T13:43:45.984626,14.0,1.4,3720,10.5,20966,3.931263,3.931263
2026-09-24T13:43:45.992626,14.0,1.4,3728,10.5,20951,3.928449,3.928449
2026-09-24T13:43:46.000626,14.0,1.4,3736,10.5,20942,3.926907,3.926907
2026-09-24T13:43:46.008626,14.0,1.4,3744,10.5,20969,3.931822,3.931822
2026-09-24T13:43:46.016626,14.0,1.4,3752,10.5,20935,3.925522,3.925522
2026-09-24T13:43:46.024626,14.0,1.4,3760,10.5,20959,3.929942,3.929942
2026-09-24T13:43:46.032626,14.0,1.4,3768,10.5,20933,3.92508,3.92508
2026-09-24T13:43:46.040626,14.0,1.4,3776,10.5,20966,3.931395,3.931395
2026-09-24T13:43:46.048626,14.0,1.4,3784,10.5,20954,3.929047,3.929047
2026-09-24T13:43:46.056626,14.0,1.4,3792,10.5,20913,3.921342,3.921342
2026-09-24T13:43:46.064626,14.0,1.4,3800,10.5,20945,3.927483,3.927483
2026-09-24T13:43:46.072626,14.0,1.4,3808,10.5,20937,3.925918,3.925918
2026-09-24T13:43:46.080626,14.0,1.4,3816,10.5,20971,3.932318,3.932318
2026-09-24T13:43:46.088626,14.0,1.4,3824,10.5,20923,3.923353,3.923353
2026-09-24T13:43:46.096626,14.0,1.4,3832,10.5,20939,3.926195,3.926195
2026-09-24T13:43:46.104626,14.0,1.4,3840,10.5,20958,3.929805,3.929805
2026-09-24T13:43:46.112626,14.0,1.4,3848,10.5,20952,3.92875,3.92875
2026-09-24T13:43:46.120626,14.0,1.4,3856,10.5,20948,3.927959,3.927959
2026-09-24T13:43:46.128626,14.0,1.4,3864,10.5,20951,3.928478,3.928478
2026-09-24T13:43:46.136626,14.0,1.4,3872,10.5,20975,3.933025,3.933025
2026-09-24T13:43:46.144626,14.0,1.4,3880,10.5,20948,3.928,3.928
2026-09-24T13:43:46.152626,14.0,1.4,3888,10.5,20931,3.924709,3.924709
2026-09-24T13:43:46.160626,14.0,1.4,3896,10.5,20911,3.92109,3.92109
2026-09-24T13:43:46.168626,14.0,1.4,3904,10.5,20970,3.932169,3.932169
2026-09-24T13:43:46.176626,14.0,1.4,3912,10.5,20935,3.925579,3.925579
2026-09-24T13:43:46.184626,14.0,1.4,3920,10.5,20964,3.931008,3.931008
2026-09-24T13:43:46.192626,14.0,1.4,3928,10.5,20949,3.928156,3.928156
2026-09-24T13:43:46.200626,14.0,1.4,3936,10.5,20930,3.924609,3.924609
2026-09-24T13:43:46.208626,14.0,1.4,3944,10.5,20947,3.927824,3.927824
2026-09-24T13:43:46.216626,14.0,1.4,3952,10.5,20959,3.930076,3.930076
2026-09-24T13:43:46.224626,14.0,1.4,3960,10.5,20947,3.927846,3.927846
2026-09-24T13:43:46.232626,14.0,1.4,3968,10.5,20944,3.927174,3.927174
2026-09-24T13:43:46.240626,14.0,1.4,3976,10.5,20947,3.927794,3.927794
2026-09-24T13:43:46.248626,14.0,1.4,3984,10.5,20958,3.929792,3.929792
2026-09-24T13:43:46.256626,14.0,1.4,3992,10.5,20941,3.926632,3.926632
2026-09-24T13:43:46.264626,14.0,1.4,4000,10.5,20988,3.935441,3.935441
2026-09-24T13:43:46.272626,14.0,1.4,4008,10.5,20947,3.927765,3.927765
2026-09-24T13:43:46.280626,14.0,1.4,4016,10.5,20924,3.923411,3.923411
2026-09-24T13:43:46.288626,14.0,1.4,4024,10.5,20926,3.923842,3.923842
2026-09-24T13:43:46.296626,14.0,1.4,4032,10.5,20954,3.929024,3.929024
2026-09-24T13:43:46.304626,14.0,1.4,4040,10.5,20960,3.930131,3.930131
2026-09-24T13:43:46.312626,14.0,1.4,4048,10.5,20971,3.932299,3.932299
2026-09-24T13:43:46.320626,14.0,1.4,4056,10.5,20942,3.926774,3.926774
2026-09-24T13:43:46.328626,14.0,1.4,4064,10.5,20949,3.928162,3.928162
2026-09-24T13:43:46.336626,14.0,1.4,4072,10.5,20950,3.928266,3.928266
2026-09-24T13:43:46.344626,14.0,1.4,4080,10.5,20939,3.926256,3.926256
2026-09-24T13:43:46.352626,14.0,1.4,4088,10.5,20946,3.92757,3.92757
2026-09-24T13:43:46.360626,14.0,1.4,4096,10.5,20971,3.932348,3.932348
2026-09-24T13:43:46.368626,14.0,1.4,4104,10.5,20967,3.931513,3.931513
2026-09-24T13:43:46.376626,14.0,1.4,4112,10.5,20938,3.926116,3.926116
2026-09-24T13:43:46.384626,14.0,1.4,4120,10.5,20954,3.929134,3.929134
2026-09-24T13:43:46.392626,14.0,1.4,4128,10.5,20963,3.9307,3.9307
2026-09-24T13:43:46.400626,14.0,1.4,4136,10.5,20953,3.928829,3.928829
2026-09-24T13:43:46.408626,14.0,1.4,4144,10.5,20926,3.923902,3.923902
2026-09-24T13:43:46.416626,14.0,1.4,4152,10.5,20953,3.928825,3.928825
2026-09-24T13:43:46.424626,14.0,1.4,4160,10.5,20929,3.924344,3.924344
2026-09-24T13:43:46.432626,14.0,1.4,4168,10.5,20929,3.92448,3.92448
2026-09-24T13:43:46.440626,14.0,1.4,4176,10.5,20967,3.931481,3.931481
2026-09-24T13:43:46.448626,14.0,1.4,4184,10.5,20933,3.925102,3.925102
2026-09-24T13:43:46.456626,14.0,1.4,4192,10.5,20948,3.927926,3.927926
2026-09-24T13:43:46.464626,14.0,1.4,4200,10.5,20953,3.928844,3.928844
2026-09-24T13:43:46.472626,14.0,1.4,4208,10.5,20990,3.935831,3.935831
2026-09-24T13:43:46.480626,14.0,1.4,4216,10.5,20947,3.927797,3.927797
2026-09-24T13:43:46.488626,14.0,1.4,4224,10.5,20971,3.932197,3.932197
2026-09-24T13:43:46.496626,14.0,1.4,4232,10.5,20930,3.924624,3.924624
2026-09-24T13:43:46.504626,14.0,1.4,4240,10.5,20933,3.925078,3.925078
2026-09-24T13:43:46.512626,14.0,1.4,4248,10.5,20928,3.92413,3.92413
2026-09-24T13:43:46.520626,14.0,1.4,4256,10.5,20917,3.922065,3.922065
2026-09-24T13:43:46.528626,14.0,1.4,4264,10.5,20910,3.92088,3.92088
2026-09-24T13:43:46.536626,14.0,1.4,4272,10.5,20936,3.925798,3.925798
2026-09-24T13:43:46.544626,14.0,1.4,4280,10.5,20943,3.926951,3.926951
2026-09-24T13:43:46.552626,14.0,1.4,4288,10.5,20943,3.927007,3.927007
2026-09-24T13:43:46.560626,14.0,1.4,4296,10.5,20953,3.928814,3.928814
2026-09-24T13:43:46.568626,14.0,1.4,4304,10.5,20938,3.926075,3.926075
2026-09-24T13:43:46.576626,14.0,1.4,4312,10.5,20952,3.928699,3.928699
2026-09-24T13:43:46.584626,14.0,1.4,4320,10.5,20896,3.918278,3.918278
2026-09-24T13:43:46.592626,14.0,1.4,4328,10.5,20938,3.926089,3.926089
2026-09-24T13:43:46.600626,14.0,1.4,4336,10.5,20947,3.92785,3.92785
2026-09-24T13:43:46.608626,14.0,1.4,4344,10.5,20944,3.927178,3.927178
2026-09-24T13:43:46.616626,14.0,1.4,4352,10.5,20977,3.93343,3.93343
2026-09-24T13:43:46.624626,14.0,1.4,4360,10.5,20940,3.926522,3.926522
2026-09-24T13:43:46.632626,14.0,1.4,4368,10.5,20952,3.928693,3.928693
2026-09-24T13:43:46.640626,14.0,1.4,4376,10.5,20964,3.93093,3.93093
2026-09-24T13:43:46.648626,14.0,1.4,4384,10.5,20939,3.926328,3.926328
2026-09-24T13:43:46.656626,14.0,1.4,4392,10.5,20940,3.926415,3.926415
2026-09-24T13:43:46.664626,14.0,1.4,4400,10.5,20908,3.920537,3.920537
2026-09-24T13:43:46.672626,14.0,1.4,4408,10.5,20945,3.927309,3.927309
2026-09-24T13:43:46.680626,14.0,1.4,4416,10.5,20954,3.929082,3.929082
2026-09-24T13:43:46.688626,14.0,1.4,4424,10.5,20924,3.923391,3.923391
2026-09-24T13:43:46.696626,14.0,1.4,4432,10.5,20957,3.929621,3.929621
2026-09-24T13:43:46.704626,14.0,1.4,4440,10.5,20954,3.92903,3.92903
2026-09-24T13:43:46.712626,14.0,1.4,4448,10.5,20938,3.926019,3.926019
2026-09-24T13:43:46.720626,14.0,1.4,4456,10.5,20945,3.927461,3.927461
2026-09-24T13:43:46.728626,14.0,1.4,4464,10.5,20955,3.929363,3.929363
2026-09-24T13:43:46.736626,14.0,1.4,4472,10.5,20939,3.926219,3.926219
2026-09-24T13:43:46.744626,14.0,1.4,4480,10.5,20936,3.925765,3.925765
2026-09-24T13:43:46.752626,14.0,1.4,4488,10.5,20939,3.926207,3.926207
2026-09-24T13:43:46.760626,14.0,1.4,4496,10.5,20946,3.927593,3.927593
2026-09-24T13:43:46.768626,14.0,1.4,4504,10.5,20933,3.925188,3.925188
2026-09-24T13:43:46.776626,14.0,1.4,4512,10.5,20967,3.93149,3.93149
2026-09-24T13:43:46.784626,14.0,1.4,4520,10.5,20944,3.927211,3.927211
2026-09-24T13:43:46.792626,14.0,1.4,4528,10.5,20924,3.923556,3.923556
2026-09-24T13:43:46.800626,14.0,1.4,4536,10.5,20922,3.923094,3.923094
2026-09-24T13:43:46.808626,14.0,1.4,4544,10.5,20976,3.933249,3.933249
2026-09-24T13:43:46.816626,14.0,1.4,4552,10.5,20939,3.926288,3.926288
2026-09-24T13:43:46.824626,14.0,1.4,4560,10.5,20955,3.929284,3.929284
2026-09-24T13:43:46.832626,14.0,1.4,4568,10.5,20941,3.92673,3.92673
2026-09-24T13:43:46.840626,14.0,1.4,4576,10.5,20932,3.925028,3.925028
2026-09-24T13:43:46.848626,14.0,1.4,4584,10.5,20930,3.924498,3.924498
2026-09-24T13:43:46.856626,14.0,1.4,4592,10.5,20926,3.923775,3.923775
2026-09-24T13:43:46.864626,14.0,1.4,4600,10.5,20963,3.930754,3.930754
2026-09-24T13:43:46.872626,14.0,1.4,4608,10.5,20945,3.927388,3.927388
2026-09-24T13:43:46.880626,14.0,1.4,4616,10.5,20957,3.929599,3.929599
2026-09-24T13:43:46.888626,14.0,1.4,4624,10.5,20982,3.934424,3.934424
2026-09-24T13:43:46.896626,14.0,1.4,4632,10.5,20954,3.929063,3.929063
2026-09-24T13:43:46.904626,14.0,1.4,4640,10.5,20943,3.926934,3.926934
2026-09-24T13:43:46.912626,14.0,1.4,4648,10.5,20931,3.924823,3.924823
2026-09-24T13:43:46.920626,14.0,1.4,4656,10.5,20919,3.922518,3.922518
2026-09-24T13:43:46.928626,14.0,1.4,4664,10.5,20951,3.928549,3.928549
2026-09-24T13:43:46.936626,14.0,1.4,4672,10.5,20969,3.931886,3.931886
2026-09-24T13:43:46.944626,14.0,1.4,4680,10.5,20925,3.923602,3.923602
2026-09-24T13:43:46.952626,14.0,1.4,4688,10.5,20938,3.926151,3.926151
2026-09-24T13:43:46.960626,14.0,1.4,4696,10.5,20935,3.925435,3.925435
2026-09-24T13:43:46.968626,14.0,1.4,4704,10.5,20960,3.93022,3.93022
2026-09-24T13:43:46.976626,14.0,1.4,4712,10.5,20985,3.934844,3.934844
2026-09-24T13:43:46.984626,14.0,1.4,4720,10.5,20962,3.930578,3.930578
2026-09-24T13:43:46.992626,14.0,1.4,4728,10.5,20957,3.929688,3.929688
2026-09-24T13:43:47.000626,14.0,1.4,4736,10.5,20966,3.931254,3.931254
2026-09-24T13:43:47.008626,14.0,1.4,4744,10.5,20963,3.930772,3.930772
2026-09-24T13:43:47.016626,14.0,1.4,4752,10.5,20917,3.922219,3.922219
2026-09-24T13:43:47.024626,14.0,1.4,4760,10.5,20940,3.926532,3.926532
2026-09-24T13:43:47.032626,14.0,1.4,4768,10.5,20932,3.924983,3.924983
2026-09-24T13:43:47.040626,14.0,1.4,4776,10.5,20925,3.923637,3.923637
2026-09-24T13:43:47.048626,14.0,1.4,4784,10.5,20932,3.925026,3.925026
2026-09-24T13:43:47.056626,14.0,1.4,4792,10.5,20949,3.928062,3.928062
2026-09-24T13:43:47.064626,14.0,1.4,4800,10.5,20968,3.9318,3.9318
2026-09-24T13:43:47.072626,14.0,1.4,4808,10.5,20917,3.922125,3.922125
2026-09-24T13:43:47.080626,14.0,1.4,4816,10.5,20939,3.92624,3.92624
2026-09-24T13:43:47.088626,14.0,1.4,4824,10.5,20953,3.928975,3.928975
2026-09-24T13:43:47.096626,14.0,1.4,4832,10.5,20944,3.927239,3.927239
2026-09-24T13:43:47.104626,14.0,1.4,4840,10.5,20907,3.920215,3.920215
2026-09-24T13:43:47.112626,14.0,1.4,4848,10.5,20975,3.932973,3.932973
2026-09-24T13:43:47.120626,14.0,1.4,4856,10.5,20962,3.930616,3.930616
2026-09-24T13:43:47.128626,14.0,1.4,4864,10.5,20966,3.931299,3.931299
2026-09-24T13:43:47.136626,14.0,1.4,4872,10.5,20959,3.930094,3.930094
2026-09-24T13:43:47.144626,14.0,1.4,4880,10.5,20922,3.923004,3.923004
2026-09-24T13:43:47.152626,14.0,1.4,4888,10.5,20930,3.924518,3.924518
2026-09-24T13:43:47.160626,14.0,1.4,4896,10.5,20957,3.929654,3.929654
2026-09-24T13:43:47.168626,14.0,1.4,4904,10.5,20941,3.926654,3.926654
2026-09-24T13:43:47.176626,14.0,1.4,4912,10.5,20917,3.922122,3.922122
2026-09-24T13:43:47.184626,14.0,1.4,4920,10.5,20936,3.925769,3.925769
2026-09-24T13:43:47.192626,14.0,1.4,4928,10.5,20931,3.92469,3.92469
2026-09-24T13:43:47.200626,14.0,1.4,4936,10.5,20946,3.92767,3.92767
2026-09-24T13:43:47.208626,14.0,1.4,4944,10.5,20940,3.926526,3.926526
2026-09-24T13:43:47.216626,14.0,1.4,4952,10.5,20927,3.924101,3.924101
2026-09-24T13:43:47.224626,14.0,1.4,4960,10.5,20946,3.927522,3.927522
2026-09-24T13:43:47.232626,14.0,1.4,4968,10.5,20937,3.925954,3.925954
2026-09-24T13:43:47.240626,14.0,1.4,4976,10.5,20940,3.926437,3.926437
2026-09-24T13:43:47.248626,14.0,1.4,4984,10.5,20921,3.922835,3.922835
2026-09-24T13:43:47.256626,14.0,1.4,4992,10.5,20922,3.923154,3.923154
2026-09-24T13:43:47.264626,14.0,1.4,5000,10.5,20955,3.929283,3.929283
2026-09-24T13:43:47.272626,14.0,1.4,5008,10.5,20891,3.917203,3.917203
2026-09-24T13:43:47.280626,14.0,1.4,5016,10.5,20914,3.921601,3.921601
2026-09-24T13:43:47.288626,14.0,1.4,5024,10.5,20949,3.928121,3.928121
2026-09-24T13:43:47.296626,14.0,1.4,5032,10.5,20922,3.923084,3.923084
2026-09-24T13:43:47.304626,14.0,1.4,5040,10.5,20956,3.929398,3.929398
2026-09-24T13:43:47.312626,14.0,1.4,5048,10.5,20924,3.923419,3.923419
2026-09-24T13:43:47.320626,14.0,1.4,5056,10.5,20950,3.928296,3.928296
2026-09-24T13:43:47.328626,14.0,1.4,5064,10.5,20943,3.927006,3.927006
2026-09-24T13:43:47.336626,14.0,1.4,5072,10.5,20962,3.930646,3.930646
2026-09-24T13:43:47.344626,14.0,1.4,5080,10.5,20933,3.925175,3.925175
2026-09-24T13:43:47.352626,14.0,1.4,5088,10.5,20958,3.929759,3.929759
2026-09-24T13:43:47.360626,14.0,1.4,5096,10.5,20928,3.924157,3.924157
2026-09-24T13:43:47.368626,14.0,1.4,5104,10.5,20934,3.92531,3.92531
2026-09-24T13:43:47.376626,14.0,1.4,5112,10.5,20921,3.922988,3.922988
2026-09-24T13:44:42.264626,16.0,1.6,0,12.0,21449,4.021939,4.021939
2026-09-24T13:44:42.272626,16.0,1.6,8,12.0,21450,4.022032,4.022032
2026-09-24T13:44:42.280626,16.0,1.6,16,12.0,21465,4.024868,4.024868
2026-09-24T13:44:42.288626,16.0,1.6,24,12.0,21454,4.022853,4.022853
2026-09-24T13:44:42.296626,16.0,1.6,32,12.0,21418,4.016033,4.016033
2026-09-24T13:44:42.304626,16.0,1.6,40,12.0,21425,4.017406,4.017406
2026-09-24T13:44:42.312626,16.0,1.6,48,12.0,21433,4.018852,4.018852
2026-09-24T13:44:42.320626,16.0,1.6,56,12.0,21426,4.017549,4.017549
2026-09-24T13:44:42.328626,16.0,1.6,64,12.0,21415,4.015596,4.015596
2026-09-24T13:44:42.336626,16.0,1.6,72,12.0,21429,4.018243,4.018243
2026-09-24T13:44:42.344626,16.0,1.6,80,12.0,21407,4.013976,4.013976
2026-09-24T13:44:42.352626,16.0,1.6,88,12.0,21400,4.012645,4.012645
2026-09-24T13:44:42.360626,16.0,1.6,96,12.0,21433,4.018911,4.018911
2026-09-24T13:44:42.368626,16.0,1.6,104,12.0,21402,4.013173,4.013173
2026-09-24T13:44:42.376626,16.0,1.6,112,12.0,21430,4.018324,4.018324
2026-09-24T13:44:42.384626,16.0,1.6,120,12.0,21436,4.019404,4.019404
2026-09-24T13:44:42.392626,16.0,1.6,128,12.0,21404,4.013526,4.013526
2026-09-24T13:44:42.400626,16.0,1.6,136,12.0,21421,4.016677,4.016677
2026-09-24T13:44:42.408626,16.0,1.6,144,12.0,21454,4.022788,4.022788
2026-09-24T13:44:42.416626,16.0,1.6,152,12.0,21423,4.017099,4.017099
2026-09-24T13:44:42.424626,16.0,1.6,160,12.0,21416,4.015733,4.015733
2026-09-24T13:44:42.432626,16.0,1.6,168,12.0,21444,4.021004,4.021004
2026-09-24T13:44:42.440626,16.0,1.6,176,12.0,21430,4.018258,4.018258
2026-09-24T13:44:42.448626,16.0,1.6,184,12.0,21420,4.016445,4.016445
2026-09-24T13:44:42.456626,16.0,1.6,192,12.0,21428,4.018006,4.018006
2026-09-24T13:44:42.464626,16.0,1.6,200,12.0,21406,4.013832,4.013832
2026-09-24T13:44:42.472626,16.0,1.6,208,12.0,21437,4.019691,4.019691
2026-09-24T13:44:42.480626,16.0,1.6,216,12.0,21438,4.019876,4.019876
2026-09-24T13:44:42.488626,16.0,1.6,224,12.0,21447,4.021541,4.021541
2026-09-24T13:44:42.496626,16.0,1.6,232,12.0,21438,4.019934,4.019934
2026-09-24T13:44:42.504626,16.0,1.6,240,12.0,21472,4.026277,4.026277
2026-09-24T13:44:42.512626,16.0,1.6,248,12.0,21433,4.018883,4.018883
2026-09-24T13:44:42.520626,16.0,1.6,256,12.0,21449,4.021969,4.021969
2026-09-24T13:44:42.528626,16.0,1.6,264,12.0,21424,4.017177,4.017177
2026-09-24T13:44:42.536626,16.0,1.6,272,12.0,21425,4.017448,4.017448
2026-09-24T13:44:42.544626,16.0,1.6,280,12.0,21407,4.013983,4.013983
2026-09-24T13:44:42.552626,16.0,1.6,288,12.0,21410,4.014532,4.014532
2026-09-24T13:44:42.560626,16.0,1.6,296,12.0,21453,4.022613,4.022613
2026-09-24T13:44:42.568626,16.0,1.6,304,12.0,21453,4.022724,4.022724
2026-09-24T13:44:42.576626,16.0,1.6,312,12.0,21435,4.019355,4.019355
2026-09-24T13:44:42.584626,16.0,1.6,320,12.0,21405,4.013628,4.013628
2026-09-24T13:44:42.592626,16.0,1.6,328,12.0,21466,4.025097,4.025097
2026-09-24T13:44:42.600626,16.0,1.6,336,12.0,21411,4.014808,4.014808
2026-09-24T13:44:42.608626,16.0,1.6,344,12.0,21452,4.022397,4.022397
2026-09-24T13:44:42.616626,16.0,1.6,352,12.0,21454,4.022777,4.022777
2026-09-24T13:44:42.624626,16.0,1.6,360,12.0,21429,4.018201,4.018201
2026-09-24T13:44:42.632626,16.0,1.6,368,12.0,21456,4.023222,4.023222
2026-09-24T13:44:42.640626,16.0,1.6,376,12.0,21411,4.014806,4.014806
2026-09-24T13:44:42.648626,16.0,1.6,384,12.0,21379,4.008705,4.008705
2026-09-24T13:44:42.656626,16.0,1.6,392,12.0,21412,4.014957,4.014957
2026-09-24T13:44:42.664626,16.0,1.6,400,12.0,21422,4.016788,4.016788
2026-09-24T13:44:42.672626,16.0,1.6,408,12.0,21447,4.021448,4.021448
2026-09-24T13:44:42.680626,16.0,1.6,416,12.0,21428,4.017911,4.017911
2026-09-24T13:44:42.688626,16.0,1.6,424,12.0,21437,4.019665,4.019665
2026-09-24T13:44:42.696626,16.0,1.6,432,12.0,21423,4.017103,4.017103
2026-09-24T13:44:42.704626,16.0,1.6,440,12.0,21428,4.017996,4.017996
2026-09-24T13:44:42.712626,16.0,1.6,448,12.0,21433,4.018989,4.018989
2026-09-24T13:44:42.720626,16.0,1.6,456,12.0,21432,4.018717,4.018717
2026-09-24T13:44:42.728626,16.0,1.6,464,12.0,21405,4.013699,4.013699
2026-09-24T13:44:42.736626,16.0,1.6,472,12.0,21412,4.015,4.015
2026-09-24T13:44:42.744626,16.0,1.6,480,12.0,21443,4.020751,4.020751
2026-09-24T13:44:42.752626,16.0,1.6,488,12.0,21485,4.028581,4.028581
2026-09-24T13:44:42.760626,16.0,1.6,496,12.0,21432,4.018764,4.018764
2026-09-24T13:44:42.768626,16.0,1.6,504,12.0,21413,4.015113,4.015113
2026-09-24T13:44:42.776626,16.0,1.6,512,12.0,21396,4.011977,4.011977
2026-09-24T13:44:42.784626,16.0,1.6,520,12.0,21407,4.014097,4.014097
2026-09-24T13:44:42.792626,16.0,1.6,528,12.0,21407,4.014039,4.014039
2026-09-24T13:44:42.800626,16.0,1.6,536,12.0,21460,4.023931,4.023931
2026-09-24T13:44:42.808626,16.0,1.6,544,12.0,21393,4.011328,4.011328
2026-09-24T13:44:42.816626,16.0,1.6,552,12.0,21433,4.018812,4.018812
2026-09-24T13:44:42.824626,16.0,1.6,560,12.0,21447,4.021572,4.021572
2026-09-24T13:44:42.832626,16.0,1.6,568,12.0,21395,4.011833,4.011833
2026-09-24T13:44:42.840626,16.0,1.6,576,12.0,21396,4.011914,4.011914
2026-09-24T13:44:42.848626,16.0,1.6,584,12.0,21423,4.017001,4.017001
2026-09-24T13:44:42.856626,16.0,1.6,592,12.0,21424,4.017151,4.017151
2026-09-24T13:44:42.864626,16.0,1.6,600,12.0,21446,4.021317,4.021317
2026-09-24T13:44:42.872626,16.0,1.6,608,12.0,21428,4.017953,4.017953
2026-09-24T13:44:42.880626,16.0,1.6,616,12.0,21414,4.015408,4.015408
2026-09-24T13:44:42.888626,16.0,1.6,624,12.0,21433,4.018959,4.018959
2026-09-24T13:44:42.896626,16.0,1.6,632,12.0,21411,4.014756,4.014756
2026-09-24T13:44:42.904626,16.0,1.6,640,12.0,21411,4.014705,4.014705
2026-09-24T13:44:42.912626,16.0,1.6,648,12.0,21445,4.021067,4.021067
2026-09-24T13:44:42.920626,16.0,1.6,656,12.0,21452,4.022386,4.022386
2026-09-24T13:44:42.928626,16.0,1.6,664,12.0,21420,4.016535,4.016535
2026-09-24T13:44:42.936626,16.0,1.6,672,12.0,21411,4.014772,4.014772
2026-09-24T13:44:42.944626,16.0,1.6,680,12.0,21457,4.023425,4.023425
2026-09-24T13:44:42.952626,16.0,1.6,688,12.0,21462,4.024256,4.024256
2026-09-24T13:44:42.960626,16.0,1.6,696,12.0,21409,4.014343,4.014343
2026-09-24T13:44:42.968626,16.0,1.6,704,12.0,21425,4.017349,4.017349
2026-09-24T13:44:42.976626,16.0,1.6,712,12.0,21435,4.019311,4.019311
2026-09-24T13:44:42.984626,16.0,1.6,720,12.0,21406,4.013816,4.013816
2026-09-24T13:44:42.992626,16.0,1.6,728,12.0,21458,4.023535,4.023535
2026-09-24T13:44:43.000626,16.0,1.6,736,12.0,21435,4.019307,4.019307
2026-09-24T13:44:43.008626,16.0,1.6,744,12.0,21430,4.018376,4.018376
2026-09-24T13:44:43.016626,16.0,1.6,752,12.0,21414,4.015293,4.015293
2026-09-24T13:44:43.024626,16.0,1.6,760,12.0,21427,4.017749,4.017749
2026-09-24T13:44:43.032626,16.0,1.6,768,12.0,21407,4.014053,4.014053
2026-09-24T13:44:43.040626,16.0,1.6,776,12.0,21435,4.019194,4.019194
2026-09-24T13:44:43.048626,16.0,1.6,784,12.0,21424,4.017141,4.017141
2026-09-24T13:44:43.056626,16.0,1.6,792,12.0,21409,4.014424,4.014424
2026-09-24T13:44:43.064626,16.0,1.6,800,12.0,21412,4.014934,4.014934
2026-09-24T13:44:43.072626,16.0,1.6,808,12.0,21396,4.011927,4.011927
2026-09-24T13:44:43.080626,16.0,1.6,816,12.0,21424,4.017276,4.017276
2026-09-24T13:44:43.088626,16.0,1.6,824,12.0,21446,4.021286,4.021286
2026-09-24T13:44:43.096626,16.0,1.6,832,12.0,21448,4.021644,4.021644
2026-09-24T13:44:43.104626,16.0,1.6,840,12.0,21434,4.019174,4.019174
2026-09-24T13:44:43.112626,16.0,1.6,848,12.0,21462,4.024292,4.024292
2026-09-24T13:44:43.120626,16.0,1.6,856,12.0,21435,4.01921,4.01921
2026-09-24T13:44:43.128626,16.0,1.6,864,12.0,21431,4.018589,4.018589
2026-09-24T13:44:43.136626,16.0,1.6,872,12.0,21433,4.018968,4.018968
2026-09-24T13:44:43.144626,16.0,1.6,880,12.0,21433,4.018993,4.018993
2026-09-24T13:44:43.152626,16.0,1.6,888,12.0,21416,4.015738,4.015738
2026-09-24T13:44:43.160626,16.0,1.6,896,12.0,21437,4.019631,4.019631
2026-09-24T13:44:43.168626,16.0,1.6,904,12.0,21406,4.013778,4.013778
2026-09-24T13:44:43.176626,16.0,1.6,912,12.0,21414,4.015268,4.015268
2026-09-24T13:44:43.184626,16.0,1.6,920,12.0,21440,4.020198,4.020198
2026-09-24T13:44:43.192626,16.0,1.6,928,12.0,21431,4.018455,4.018455
2026-09-24T13:44:43.200626,16.0,1.6,936,12.0,21410,4.014642,4.014642
2026-09-24T13:44:43.208626,16.0,1.6,944,12.0,21441,4.02042,4.02042
2026-09-24T13:44:43.216626,16.0,1.6,952,12.0,21426,4.017613,4.017613
2026-09-24T13:44:43.224626,16.0,1.6,960,12.0,21454,4.022791,4.022791
2026-09-24T13:44:43.232626,16.0,1.6,968,12.0,21436,4.019432,4.019432
2026-09-24T13:44:43.240626,16.0,1.6,976,12.0,21464,4.024746,4.024746
2026-09-24T13:44:43.248626,16.0,1.6,984,12.0,21422,4.016764,4.016764
2026-09-24T13:44:43.256626,16.0,1.6,992,12.0,21413,4.015195,4.015195
2026-09-24T13:44:43.264626,16.0,1.6,1000,12.0,21431,4.018467,4.018467
2026-09-24T13:44:43.272626,16.0,1.6,1008,12.0,21423,4.017098,4.017098
2026-09-24T13:44:43.280626,16.0,1.6,1016,12.0,21423,4.016953,4.016953
2026-09-24T13:44:43.288626,16.0,1.6,1024,12.0,21453,4.022632,4.022632
2026-09-24T13:44:43.296626,16.0,1.6,1032,12.0,21410,4.014505,4.014505
2026-09-24T13:44:43.304626,16.0,1.6,1040,12.0,21414,4.01533,4.01533
2026-09-24T13:44:43.312626,16.0,1.6,1048,12.0,21424,4.017208,4.017208
2026-09-24T13:44:43.320626,16.0,1.6,1056,12.0,21488,4.02914,4.02914
2026-09-24T13:44:43.328626,16.0,1.6,1064,12.0,21419,4.016202,4.016202
2026-09-24T13:44:43.336626,16.0,1.6,1072,12.0,21452,4.022511,4.022511
2026-09-24T13:44:43.344626,16.0,1.6,1080,12.0,21422,4.016749,4.016749
2026-09-24T13:44:43.352626,16.0,1.6,1088,12.0,21451,4.022253,4.022253
2026-09-24T13:44:43.360626,16.0,1.6,1096,12.0,21418,4.016021,4.016021
2026-09-24T13:44:43.368626,16.0,1.6,1104,12.0,21426,4.017507,4.017507
2026-09-24T13:44:43.376626,16.0,1.6,1112,12.0,21426,4.017592,4.017592
2026-09-24T13:44:43.384626,16.0,1.6,1120,12.0,21445,4.021203,4.021203
2026-09-24T13:44:43.392626,16.0,1.6,1128,12.0,21411,4.014757,4.014757
2026-09-24T13:44:43.400626,16.0,1.6,1136,12.0,21408,4.014293,4.014293
2026-09-24T13:44:43.408626,16.0,1.6,1144,12.0,21450,4.022003,4.022003
2026-09-24T13:44:43.416626,16.0,1.6,1152,12.0,21435,4.019289,4.019289
2026-09-24T13:44:43.424626,16.0,1.6,1160,12.0,21435,4.019344,4.019344
2026-09-24T13:44:43.432626,16.0,1.6,1168,12.0,21440,4.020294,4.020294
2026-09-24T13:44:43.440626,16.0,1.6,1176,12.0,21416,4.015776,4.015776
2026-09-24T13:44:43.448626,16.0,1.6,1184,12.0,21421,4.01661,4.01661
2026-09-24T13:44:43.456626,16.0,1.6,1192,12.0,21429,4.018222,4.018222
2026-09-24T13:44:43.464626,16.0,1.6,1200,12.0,21434,4.019182,4.019182
2026-09-24T13:44:43.472626,16.0,1.6,1208,12.0,21428,4.017905,4.017905
2026-09-24T13:44:43.480626,16.0,1.6,1216,12.0,21407,4.014028,4.014028
2026-09-24T13:44:43.488626,16.0,1.6,1224,12.0,21416,4.015735,4.015735
2026-09-24T13:44:43.496626,16.0,1.6,1232,12.0,21421,4.016739,4.016739
2026-09-24T13:44:43.504626,16.0,1.6,1240,12.0,21436,4.019555,4.019555
2026-09-24T13:44:43.512626,16.0,1.6,1248,12.0,21423,4.017105,4.017105
2026-09-24T13:44:43.520626,16.0,1.6,1256,12.0,21430,4.018298,4.018298
2026-09-24T13:44:43.528626,16.0,1.6,1264,12.0,21443,4.020869,4.020869
2026-09-24T13:44:43.536626,16.0,1.6,1272,12.0,21455,4.022943,4.022943
2026-09-24T13:44:43.544626,16.0,1.6,1280,12.0,21446,4.021324,4.021324
2026-09-24T13:44:43.552626,16.0,1.6,1288,12.0,21447,4.021532,4.021532
2026-09-24T13:44:43.560626,16.0,1.6,1296,12.0,21399,4.012505,4.012505
2026-09-24T13:44:43.568626,16.0,1.6,1304,12.0,21440,4.020274,4.020274
2026-09-24T13:44:43.576626,16.0,1.6,1312,12.0,21408,4.014207,4.014207
2026-09-24T13:44:43.584626,16.0,1.6,1320,12.0,21440,4.020177,4.020177
2026-09-24T13:44:43.592626,16.0,1.6,1328,12.0,21429,4.01824,4.01824
2026-09-24T13:44:43.600626,16.0,1.6,1336,12.0,21412,4.014892,4.014892
2026-09-24T13:44:43.608626,16.0,1.6,1344,12.0,21431,4.018588,4.018588
2026-09-24T13:44:43.616626,16.0,1.6,1352,12.0,21415,4.015547,4.015547
2026-09-24T13:44:43.624626,16.0,1.6,1360,12.0,21414,4.015373,4.015373
2026-09-24T13:44:43.632626,16.0,1.6,1368,12.0,21446,4.02131,4.02131
2026-09-24T13:44:43.640626,16.0,1.6,1376,12.0,21394,4.011664,4.011664
2026-09-24T13:44:43.648626,16.0,1.6,1384,12.0,21423,4.016976,4.016976
2026-09-24T13:44:43.656626,16.0,1.6,1392,12.0,21446,4.021349,4.021349
2026-09-24T13:44:43.664626,16.0,1.6,1400,12.0,21418,4.016011,4.016011
2026-09-24T13:44:43.672626,16.0,1.6,1408,12.0,21461,4.024196,4.024196
2026-09-24T13:44:43.680626,16.0,1.6,1416,12.0,21427,4.017799,4.017799
2026-09-24T13:44:43.688626,16.0,1.6,1424,12.0,21456,4.023162,4.023162
2026-09-24T13:44:43.696626,16.0,1.6,1432,12.0,21434,4.019026,4.019026
2026-09-24T13:44:43.704626,16.0,1.6,1440,12.0,21401,4.012885,4.012885
2026-09-24T13:44:43.712626,16.0,1.6,1448,12.0,21414,4.015342,4.015342
2026-09-24T13:44:43.720626,16.0,1.6,1456,12.0,21437,4.019701,4.019701
2026-09-24T13:44:43.728626,16.0,1.6,1464,12.0,21410,4.014547,4.014547
2026-09-24T13:44:43.736626,16.0,1.6,1472,12.0,21411,4.014728,4.014728
2026-09-24T13:44:43.744626,16.0,1.6,1480,12.0,21413,4.015142,4.015142
2026-09-24T13:44:43.752626,16.0,1.6,1488,12.0,21412,4.015053,4.015053
2026-09-24T13:44:43.760626,16.0,1.6,1496,12.0,21439,4.02012,4.02012
2026-09-24T13:44:43.768626,16.0,1.6,1504,12.0,21432,4.018694,4.018694
2026-09-24T13:44:43.776626,16.0,1.6,1512,12.0,21421,4.016604,4.016604
2026-09-24T13:44:43.784626,16.0,1.6,1520,12.0,21445,4.021144,4.021144
2026-09-24T13:44:43.792626,16.0,1.6,1528,12.0,21461,4.024175,4.024175
2026-09-24T13:44:43.800626,16.0,1.6,1536,12.0,21453,4.022706,4.022706
2026-09-24T13:44:43.808626,16.0,1.6,1544,12.0,21427,4.017715,4.017715
2026-09-24T13:44:43.816626,16.0,1.6,1552,12.0,21432,4.018705,4.018705
2026-09-24T13:44:43.824626,16.0,1.6,1560,12.0,21436,4.019526,4.019526
2026-09-24T13:44:43.832626,16.0,1.6,1568,12.0,21406,4.013799,4.013799
2026-09-24T13:44:43.840626,16.0,1.6,1576,12.0,21456,4.023144,4.023144
2026-09-24T13:44:43.848626,16.0,1.6,1584,12.0,21414,4.015272,4.015272
2026-09-24T13:44:43.856626,16.0,1.6,1592,12.0,21427,4.017717,4.017717
2026-09-24T13:44:43.864626,16.0,1.6,1600,12.0,21436,4.019406,4.019406
2026-09-24T13:44:43.872626,16.0,1.6,1608,12.0,21441,4.020409,4.020409
2026-09-24T13:44:43.880626,16.0,1.6,1616,12.0,21467,4.025338,4.025338
2026-09-24T13:44:43.888626,16.0,1.6,1624,12.0,21414,4.015291,4.015291
2026-09-24T13:44:43.896626,16.0,1.6,1632,12.0,21404,4.01356,4.01356
2026-09-24T13:44:43.904626,16.0,1.6,1640,12.0,21421,4.016572,4.016572
2026-09-24T13:44:43.912626,16.0,1.6,1648,12.0,21400,4.012766,4.012766
2026-09-24T13:44:43.920626,16.0,1.6,1656,12.0,21427,4.017767,4.017767
2026-09-24T13:44:43.928626,16.0,1.6,1664,12.0,21388,4.010429,4.010429
2026-09-24T13:44:43.936626,16.0,1.6,1672,12.0,21435,4.019215,4.019215
2026-09-24T13:44:43.944626,16.0,1.6,1680,12.0,21429,4.018083,4.018083
2026-09-24T13:44:43.952626,16.0,1.6,1688,12.0,21415,4.015528,4.015528
2026-09-24T13:44:43.960626,16.0,1.6,1696,12.0,21424,4.017176,4.017176
2026-09-24T13:44:43.968626,16.0,1.6,1704,12.0,21451,4.022234,4.022234
2026-09-24T13:44:43.976626,16.0,1.6,1712,12.0,21450,4.022057,4.022057
2026-09-24T13:44:43.984626,16.0,1.6,1720,12.0,21416,4.015749,4.015749
2026-09-24T13:44:43.992626,16.0,1.6,1728,12.0,21434,4.019084,4.019084
2026-09-24T13:44:44.000626,16.0,1.6,1736,12.0,21408,4.014173,4.014173
2026-09-24T13:44:44.008626,16.0,1.6,1744,12.0,21423,4.016954,4.016954
2026-09-24T13:44:44.016626,16.0,1.6,1752,12.0,21405,4.013579,4.013579
2026-09-24T13:44:44.024626,16.0,1.6,1760,12.0,21427,4.017843,4.017843
2026-09-24T13:44:44.032626,16.0,1.6,1768,12.0,21424,4.017283,4.017283
2026-09-24T13:44:44.040626,16.0,1.6,1776,12.0,21457,4.023438,4.023438
2026-09-24T13:44:44.048626,16.0,1.6,1784,12.0,21411,4.014781,4.014781
2026-09-24T13:44:44.056626,16.0,1.6,1792,12.0,21417,4.01594,4.01594
2026-09-24T13:44:44.064626,16.0,1.6,1800,12.0,21416,4.01575,4.01575
2026-09-24T13:44:44.072626,16.0,1.6,1808,12.0,21419,4.016347,4.016347
2026-09-24T13:44:44.080626,16.0,1.6,1816,12.0,21429,4.01821,4.01821
2026-09-24T13:44:44.088626,16.0,1.6,1824,12.0,21429,4.018132,4.018132
2026-09-24T13:44:44.096626,16.0,1.6,1832,12.0,21436,4.019409,4.019409
2026-09-24T13:44:44.104626,16.0,1.6,1840,12.0,21424,4.017245,4.017245
2026-09-24T13:44:44.112626,16.0,1.6,1848,12.0,21433,4.018961,4.018961
2026-09-24T13:44:44.120626,16.0,1.6,1856,12.0,21426,4.017676,4.017676
2026-09-24T13:44:44.128626,16.0,1.6,1864,12.0,21424,4.017151,4.017151
2026-09-24T13:44:44.136626,16.0,1.6,1872,12.0,21435,4.019299,4.019299
2026-09-24T13:44:44.144626,16.0,1.6,1880,12.0,21421,4.01667,4.01667
2026-09-24T13:44:44.152626,16.0,1.6,1888,12.0,21468,4.025409,4.025409
2026-09-24T13:44:44.160626,16.0,1.6,1896,12.0,21410,4.014509,4.014509
2026-09-24T13:44:44.168626,16.0,1.6,1904,12.0,21448,4.021666,4.021666
2026-09-24T13:44:44.176626,16.0,1.6,1912,12.0,21388,4.010559,4.010559
2026-09-24T13:44:44.184626,16.0,1.6,1920,12.0,21430,4.018351,4.018351
2026-09-24T13:44:44.192626,16.0,1.6,1928,12.0,21428,4.017914,4.017914
2026-09-24T13:44:44.200626,16.0,1.6,1936,12.0,21422,4.016814,4.016814
2026-09-24T13:44:44.208626,16.0,1.6,1944,12.0,21461,4.024065,4.024065
2026-09-24T13:44:44.216626,16.0,1.6,1952,12.0,21420,4.016406,4.016406
2026-09-24T13:44:44.224626,16.0,1.6,1960,12.0,21438,4.019819,4.019819
2026-09-24T13:44:44.232626,16.0,1.6,1968,12.0,21441,4.020338,4.020338
2026-09-24T13:44:44.240626,16.0,1.6,1976,12.0,21417,4.015887,4.015887
2026-09-24T13:44:44.248626,16.0,1.6,1984,12.0,21461,4.024225,4.024225
2026-09-24T13:44:44.256626,16.0,1.6,1992,12.0,21431,4.018543,4.018543
2026-09-24T13:44:44.264626,16.0,1.6,2000,12.0,21420,4.016435,4.016435
2026-09-24T13:44:44.272626,16.0,1.6,2008,12.0,21412,4.015052,4.015052
2026-09-24T13:44:44.280626,16.0,1.6,2016,12.0,21417,4.015869,4.015869
2026-09-24T13:44:44.288626,16.0,1.6,2024,12.0,21415,4.015503,4.015503
2026-09-24T13:44:44.296626,16.0,1.6,2032,12.0,21451,4.022248,4.022248
2026-09-24T13:44:44.304626,16.0,1.6,2040,12.0,21433,4.018962,4.018962
2026-09-24T13:44:44.312626,16.0,1.6,2048,12.0,21397,4.012221,4.012221
2026-09-24T13:44:44.320626,16.0,1.6,2056,12.0,21409,4.014374,4.014374
2026-09-24T13:44:44.328626,16.0,1.6,2064,12.0,21433,4.01897,4.01897
2026-09-24T13:44:44.336626,16.0,1.6,2072,12.0,21426,4.017542,4.017542
2026-09-24T13:44:44.344626,16.0,1.6,2080,12.0,21423,4.017091,4.017091
2026-09-24T13:44:44.352626,16.0,1.6,2088,12.0,21424,4.017187,4.017187
2026-09-24T13:44:44.360626,16.0,1.6,2096,12.0,21429,4.018074,4.018074
2026-09-24T13:44:44.368626,16.0,1.6,2104,12.0,21425,4.017489,4.017489
2026-09-24T13:44:44.376626,16.0,1.6,2112,12.0,21441,4.020443,4.020443
2026-09-24T13:44:44.384626,16.0,1.6,2120,12.0,21439,4.020054,4.020054
2026-09-24T13:44:44.392626,16.0,1.6,2128,12.0,21405,4.013665,4.013665
2026-09-24T13:44:44.400626,16.0,1.6,2136,12.0,21404,4.01352,4.01352
2026-09-24T13:44:44.408626,16.0,1.6,2144,12.0,21429,4.018072,4.018072
2026-09-24T13:44:44.416626,16.0,1.6,2152,12.0,21423,4.016977,4.016977
2026-09-24T13:44:44.424626,16.0,1.6,2160,12.0,21414,4.015368,4.015368
2026-09-24T13:44:44.432626,16.0,1.6,2168,12.0,21449,4.021913,4.021913
2026-09-24T13:44:44.440626,16.0,1.6,2176,12.0,21431,4.018606,4.018606
2026-09-24T13:44:44.448626,16.0,1.6,2184,12.0,21433,4.018972,4.018972
2026-09-24T13:44:44.456626,16.0,1.6,2192,12.0,21434,4.019123,4.019123
2026-09-24T13:44:44.464626,16.0,1.6,2200,12.0,21430,4.018406,4.018406
2026-09-24T13:44:44.472626,16.0,1.6,2208,12.0,21420,4.016543,4.016543
2026-09-24T13:44:44.480626,16.0,1.6,2216,12.0,21410,4.014592,4.014592
2026-09-24T13:44:44.488626,16.0,1.6,2224,12.0,21464,4.024716,4.024716
2026-09-24T13:44:44.496626,16.0,1.6,2232,12.0,21465,4.024874,4.024874
2026-09-24T13:44:44.504626,16.0,1.6,2240,12.0,21430,4.018298,4.018298
2026-09-24T13:44:44.512626,16.0,1.6,2248,12.0,21417,4.01584,4.01584
2026-09-24T13:44:44.520626,16.0,1.6,2256,12.0,21442,4.020629,4.020629
2026-09-24T13:44:44.528626,16.0,1.6,2264,12.0,21456,4.023255,4.023255
2026-09-24T13:44:44.536626,16.0,1.6,2272,12.0,21436,4.019549,4.019549
2026-09-24T13:44:44.544626,16.0,1.6,2280,12.0,21455,4.023011,4.023011
2026-09-24T13:44:44.552626,16.0,1.6,2288,12.0,21396,4.012035,4.012035
2026-09-24T13:44:44.560626,16.0,1.6,2296,12.0,21447,4.021507,4.021507
2026-09-24T13:44:44.568626,16.0,1.6,2304,12.0,21393,4.011464,4.011464
2026-09-24T13:44:44.576626,16.0,1.6,2312,12.0,21408,4.014134,4.014134
2026-09-24T13:44:44.584626,16.0,1.6,2320,12.0,21422,4.016913,4.016913
2026-09-24T13:44:44.592626,16.0,1.6,2328,12.0,21450,4.022174,4.022174
2026-09-24T13:44:44.600626,16.0,1.6,2336,12.0,21418,4.016009,4.016009
2026-09-24T13:44:44.608626,16.0,1.6,2344,12.0,21425,4.01738,4.01738
2026-09-24T13:44:44.616626,16.0,1.6,2352,12.0,21450,4.022105,4.022105
2026-09-24T13:44:44.624626,16.0,1.6,2360,12.0,21423,4.017116,4.017116
2026-09-24T13:44:44.632626,16.0,1.6,2368,12.0,21428,4.017969,4.017969
2026-09-24T13:44:44.640626,16.0,1.6,2376,12.0,21426,4.017623,4.017623
2026-09-24T13:44:44.648626,16.0,1.6,2384,12.0,21451,4.022324,4.022324
2026-09-24T13:44:44.656626,16.0,1.6,2392,12.0,21441,4.020397,4.020397
2026-09-24T13:44:44.664626,16.0,1.6,2400,12.0,21415,4.015598,4.015598
2026-09-24T13:44:44.672626,16.0,1.6,2408,12.0,21432,4.018734,4.018734
2026-09-24T13:44:44.680626,16.0,1.6,2416,12.0,21438,4.019797,4.019797
2026-09-24T13:44:44.688626,16.0,1.6,2424,12.0,21426,4.017673,4.017673
2026-09-24T13:44:44.696626,16.0,1.6,2432,12.0,21438,4.019868,4.019868
2026-09-24T13:44:44.704626,16.0,1.6,2440,12.0,21452,4.022397,4.022397
2026-09-24T13:44:44.712626,16.0,1.6,2448,12.0,21427,4.017839,4.017839
2026-09-24T13:44:44.720626,16.0,1.6,2456,12.0,21423,4.016964,4.016964
2026-09-24T13:44:44.728626,16.0,1.6,2464,12.0,21434,4.019023,4.019023
2026-09-24T13:44:44.736626,16.0,1.6,2472,12.0,21426,4.01751,4.01751
2026-09-24T13:44:44.744626,16.0,1.6,2480,12.0,21433,4.01892,4.01892
2026-09-24T13:44:44.752626,16.0,1.6,2488,12.0,21410,4.014621,4.014621
2026-09-24T13:44:44.760626,16.0,1.6,2496,12.0,21444,4.021042,4.021042
2026-09-24T13:44:44.768626,16.0,1.6,2504,12.0,21430,4.018396,4.018396
2026-09-24T13:44:44.776626,16.0,1.6,2512,12.0,21450,4.022079,4.022079
2026-09-24T13:44:44.784626,16.0,1.6,2520,12.0,21415,4.01544,4.01544
2026-09-24T13:44:44.792626,16.0,1.6,2528,12.0,21423,4.017013,4.017013
2026-09-24T13:44:44.800626,16.0,1.6,2536,12.0,21410,4.014612,4.014612
2026-09-24T13:44:44.808626,16.0,1.6,2544,12.0,21455,4.023077,4.023077
2026-09-24T13:44:44.816626,16.0,1.6,2552,12.0,21407,4.014098,4.014098
2026-09-24T13:44:44.824626,16.0,1.6,2560,12.0,21428,4.018005,4.018005
2026-09-24T13:44:44.832626,16.0,1.6,2568,12.0,21416,4.015646,4.015646
2026-09-24T13:44:44.840626,16.0,1.6,2576,12.0,21402,4.013116,4.013116
2026-09-24T13:44:44.848626,16.0,1.6,2584,12.0,21429,4.018132,4.018132
2026-09-24T13:44:44.856626,16.0,1.6,2592,12.0,21418,4.016161,4.016161
2026-09-24T13:44:44.864626,16.0,1.6,2600,12.0,21419,4.016197,4.016197
2026-09-24T13:44:44.872626,16.0,1.6,2608,12.0,21430,4.018416,4.018416
2026-09-24T13:44:44.880626,16.0,1.6,2616,12.0,21429,4.018225,4.018225
2026-09-24T13:44:44.888626,16.0,1.6,2624,12.0,21423,4.017099,4.017099
2026-09-24T13:44:44.896626,16.0,1.6,2632,12.0,21445,4.021115,4.021115
2026-09-24T13:44:44.904626,16.0,1.6,2640,12.0,21415,4.015614,4.015614
2026-09-24T13:44:44.912626,16.0,1.6,2648,12.0,21432,4.018679,4.018679
2026-09-24T13:44:44.920626,16.0,1.6,2656,12.0,21415,4.015559,4.015559
2026-09-24T13:44:44.928626,16.0,1.6,2664,12.0,21422,4.016801,4.016801
2026-09-24T13:44:44.936626,16.0,1.6,2672,12.0,21410,4.014617,4.014617
2026-09-24T13:44:44.944626,16.0,1.6,2680,12.0,21429,4.018173,4.018173
2026-09-24T13:44:44.952626,16.0,1.6,2688,12.0,21442,4.020555,4.020555
2026-09-24T13:44:44.960626,16.0,1.6,2696,12.0,21432,4.018794,4.018794
2026-09-24T13:44:44.968626,16.0,1.6,2704,12.0,21439,4.01999,4.01999
2026-09-24T13:44:44.976626,16.0,1.6,2712,12.0,21401,4.012921,4.012921
2026-09-24T13:44:44.984626,16.0,1.6,2720,12.0,21432,4.018624,4.018624
2026-09-24T13:44:44.992626,16.0,1.6,2728,12.0,21428,4.018009,4.018009
2026-09-24T13:44:45.000626,16.0,1.6,2736,12.0,21452,4.022525,4.022525
2026-09-24T13:44:45.008626,16.0,1.6,2744,12.0,21419,4.016302,4.016302
2026-09-24T13:44:45.016626,16.0,1.6,2752,12.0,21436,4.019434,4.019434
2026-09-24T13:44:45.024626,16.0,1.6,2760,12.0,21448,4.021787,4.021787
2026-09-24T13:44:45.032626,16.0,1.6,2768,12.0,21449,4.021877,4.021877
2026-09-24T13:44:45.040626,16.0,1.6,2776,12.0,21429,4.018184,4.018184
2026-09-24T13:44:45.048626,16.0,1.6,2784,12.0,21439,4.020061,4.020061
2026-09-24T13:44:45.056626,16.0,1.6,2792,12.0,21359,4.005108,4.005108
2026-09-24T13:44:45.064626,16.0,1.6,2800,12.0,21429,4.018143,4.018143
2026-09-24T13:44:45.072626,16.0,1.6,2808,12.0,21439,4.020012,4.020012
2026-09-24T13:44:45.080626,16.0,1.6,2816,12.0,21399,4.012557,4.012557
2026-09-24T13:44:45.088626,16.0,1.6,2824,12.0,21418,4.016157,4.016157
2026-09-24T13:44:45.096626,16.0,1.6,2832,12.0,21430,4.018376,4.018376
2026-09-24T13:44:45.104626,16.0,1.6,2840,12.0,21433,4.018918,4.018918
2026-09-24T13:44:45.112626,16.0,1.6,2848,12.0,21401,4.012953,4.012953
2026-09-24T13:44:45.120626,16.0,1.6,2856,12.0,21442,4.020534,4.020534
2026-09-24T13:44:45.128626,16.0,1.6,2864,12.0,21414,4.015258,4.015258
2026-09-24T13:44:45.136626,16.0,1.6,2872,12.0,21443,4.02087,4.02087
2026-09-24T13:44:45.144626,16.0,1.6,2880,12.0,21411,4.01469,4.01469
2026-09-24T13:44:45.152626,16.0,1.6,2888,12.0,21435,4.019357,4.019357
2026-09-24T13:44:45.160626,16.0,1.6,2896,12.0,21416,4.01566,4.01566
2026-09-24T13:44:45.168626,16.0,1.6,2904,12.0,21438,4.019857,4.019857
2026-09-24T13:44:45.176626,16.0,1.6,2912,12.0,21429,4.018227,4.018227
2026-09-24T13:44:45.184626,16.0,1.6,2920,12.0,21415,4.015493,4.015493
2026-09-24T13:44:45.192626,16.0,1.6,2928,12.0,21443,4.020778,4.020778
2026-09-24T13:44:45.200626,16.0,1.6,2936,12.0,21381,4.009209,4.009209
2026-09-24T13:44:45.208626,16.0,1.6,2944,12.0,21434,4.019001,4.019001
2026-09-24T13:44:45.216626,16.0,1.6,2952,12.0,21405,4.013713,4.013713
2026-09-24T13:44:45.224626,16.0,1.6,2960,12.0,21426,4.017537,4.017537
2026-09-24T13:44:45.232626,16.0,1.6,2968,12.0,21445,4.021185,4.021185
2026-09-24T13:44:45.240626,16.0,1.6,2976,12.0,21454,4.022808,4.022808
2026-09-24T13:44:45.248626,16.0,1.6,2984,12.0,21413,4.015229,4.015229
2026-09-24T13:44:45.256626,16.0,1.6,2992,12.0,21423,4.017104,4.017104
2026-09-24T13:44:45.264626,16.0,1.6,3000,12.0,21463,4.024521,4.024521
2026-09-24T13:44:45.272626,16.0,1.6,3008,12.0,21397,4.012175,4.012175
2026-09-24T13:44:45.280626,16.0,1.6,3016,12.0,21427,4.017783,4.017783
2026-09-24T13:44:45.288626,16.0,1.6,3024,12.0,21443,4.020716,4.020716
2026-09-24T13:44:45.296626,16.0,1.6,3032,12.0,21426,4.017587,4.017587
2026-09-24T13:44:45.304626,16.0,1.6,3040,12.0,21423,4.016949,4.016949
2026-09-24T13:44:45.312626,16.0,1.6,3048,12.0,21453,4.022705,4.022705
2026-09-24T13:44:45.320626,16.0,1.6,3056,12.0,21453,4.02268,4.02268
2026-09-24T13:44:45.328626,16.0,1.6,3064,12.0,21423,4.017053,4.017053
2026-09-24T13:44:45.336626,16.0,1.6,3072,12.0,21458,4.023499,4.023499
2026-09-24T13:44:45.344626,16.0,1.6,3080,12.0,21433,4.018994,4.018994
2026-09-24T13:44:45.352626,16.0,1.6,3088,12.0,21426,4.017667,4.017667
2026-09-24T13:44:45.360626,16.0,1.6,3096,12.0,21448,4.021764,4.021764
2026-09-24T13:44:45.368626,16.0,1.6,3104,12.0,21421,4.01663,4.01663
2026-09-24T13:44:45.376626,16.0,1.6,3112,12.0,21432,4.01869,4.01869
2026-09-24T13:44:45.384626,16.0,1.6,3120,12.0,21417,4.015915,4.015915
2026-09-24T13:44:45.392626,16.0,1.6,3128,12.0,21437,4.019611,4.019611
2026-09-24T13:44:45.400626,16.0,1.6,3136,12.0,21450,4.022011,4.022011
2026-09-24T13:44:45.408626,16.0,1.6,3144,12.0,21439,4.020068,4.020068
2026-09-24T13:44:45.416626,16.0,1.6,3152,12.0,21451,4.022255,4.022255
2026-09-24T13:44:45.424626,16.0,1.6,3160,12.0,21429,4.01808,4.01808
2026-09-24T13:44:45.432626,16.0,1.6,3168,12.0,21458,4.023639,4.023639
2026-09-24T13:44:45.440626,16.0,1.6,3176,12.0,21393,4.011416,4.011416
2026-09-24T13:44:45.448626,16.0,1.6,3184,12.0,21460,4.024005,4.024005
2026-09-24T13:44:45.456626,16.0,1.6,3192,12.0,21441,4.02033,4.02033
2026-09-24T13:44:45.464626,16.0,1.6,3200,12.0,21433,4.0189,4.0189
2026-09-24T13:44:45.472626,16.0,1.6,3208,12.0,21478,4.027253,4.027253
2026-09-24T13:44:45.480626,16.0,1.6,3216,12.0,21412,4.014982,4.014982
2026-09-24T13:44:45.488626,16.0,1.6,3224,12.0,21435,4.019366,4.019366
2026-09-24T13:44:45.496626,16.0,1.6,3232,12.0,21453,4.02261,4.02261
2026-09-24T13:44:45.504626,16.0,1.6,3240,12.0,21451,4.02221,4.02221
2026-09-24T13:44:45.512626,16.0,1.6,3248,12.0,21435,4.019263,4.019263
2026-09-24T13:44:45.520626,16.0,1.6,3256,12.0,21436,4.019389,4.019389
2026-09-24T13:44:45.528626,16.0,1.6,3264,12.0,21414,4.015405,4.015405
2026-09-24T13:44:45.536626,16.0,1.6,3272,12.0,21446,4.021418,4.021418
2026-09-24T13:44:45.544626,16.0,1.6,3280,12.0,21444,4.02104,4.02104
2026-09-24T13:44:45.552626,16.0,1.6,3288,12.0,21441,4.02046,4.02046
2026-09-24T13:44:45.560626,16.0,1.6,3296,12.0,21428,4.018042,4.018042
2026-09-24T13:44:45.568626,16.0,1.6,3304,12.0,21437,4.019744,4.019744
2026-09-24T13:44:45.576626,16.0,1.6,3312,12.0,21412,4.015043,4.015043
2026-09-24T13:44:45.584626,16.0,1.6,3320,12.0,21437,4.019614,4.019614
2026-09-24T13:44:45.592626,16.0,1.6,3328,12.0,21408,4.014293,4.014293
2026-09-24T13:44:45.600626,16.0,1.6,3336,12.0,21429,4.018099,4.018099
2026-09-24T13:44:45.608626,16.0,1.6,3344,12.0,21433,4.018894,4.018894
2026-09-24T13:44:45.616626,16.0,1.6,3352,12.0,21449,4.021927,4.021927
2026-09-24T13:44:45.624626,16.0,1.6,3360,12.0,21440,4.020159,4.020159
2026-09-24T13:44:45.632626,16.0,1.6,3368,12.0,21420,4.016534,4.016534
2026-09-24T13:44:45.640626,16.0,1.6,3376,12.0,21427,4.01781,4.01781
2026-09-24T13:44:45.648626,16.0,1.6,3384,12.0,21384,4.009665,4.009665
2026-09-24T13:44:45.656626,16.0,1.6,3392,12.0,21436,4.019405,4.019405
2026-09-24T13:44:45.664626,16.0,1.6,3400,12.0,21433,4.018832,4.018832
2026-09-24T13:44:45.672626,16.0,1.6,3408,12.0,21416,4.015671,4.015671
2026-09-24T13:44:45.680626,16.0,1.6,3416,12.0,21417,4.015939,4.015939
2026-09-24T13:44:45.688626,16.0,1.6,3424,12.0,21431,4.01862,4.01862
2026-09-24T13:44:45.696626,16.0,1.6,3432,12.0,21446,4.021371,4.021371
2026-09-24T13:44:45.704626,16.0,1.6,3440,12.0,21422,4.016866,4.016866
2026-09-24T13:44:45.712626,16.0,1.6,3448,12.0,21451,4.022238,4.022238
2026-09-24T13:44:45.720626,16.0,1.6,3456,12.0,21456,4.023221,4.023221
2026-09-24T13:44:45.728626,16.0,1.6,3464,12.0,21402,4.013141,4.013141
2026-09-24T13:44:45.736626,16.0,1.6,3472,12.0,21389,4.010639,4.010639
2026-09-24T13:44:45.744626,16.0,1.6,3480,12.0,21429,4.01815,4.01815
2026-09-24T13:44:45.752626,16.0,1.6,3488,12.0,21455,4.023045,4.023045
2026-09-24T13:44:45.760626,16.0,1.6,3496,12.0,21446,4.021434,4.021434
2026-09-24T13:44:45.768626,16.0,1.6,3504,12.0,21433,4.018824,4.018824
2026-09-24T13:44:45.776626,16.0,1.6,3512,12.0,21443,4.020822,4.020822
2026-09-24T13:44:45.784626,16.0,1.6,3520,12.0,21404,4.013427,4.013427
2026-09-24T13:44:45.792626,16.0,1.6,3528,12.0,21419,4.016341,4.016341
2026-09-24T13:44:45.800626,16.0,1.6,3536,12.0,21459,4.023739,4.023739
2026-09-24T13:44:45.808626,16.0,1.6,3544,12.0,21436,4.019406,4.019406
2026-09-24T13:44:45.816626,16.0,1.6,3552,12.0,21444,4.02097,4.02097
2026-09-24T13:44:45.824626,16.0,1.6,3560,12.0,21447,4.021528,4.021528
2026-09-24T13:44:45.832626,16.0,1.6,3568,12.0,21449,4.021844,4.021844
2026-09-24T13:44:45.840626,16.0,1.6,3576,12.0,21413,4.015064,4.015064
2026-09-24T13:44:45.848626,16.0,1.6,3584,12.0,21412,4.014952,4.014952
2026-09-24T13:44:45.856626,16.0,1.6,3592,12.0,21423,4.016961,4.016961
2026-09-24T13:44:45.864626,16.0,1.6,3600,12.0,21436,4.019484,4.019484
2026-09-24T13:44:45.872626,16.0,1.6,3608,12.0,21431,4.01862,4.01862
2026-09-24T13:44:45.880626,16.0,1.6,3616,12.0,21454,4.02289,4.02289
2026-09-24T13:44:45.888626,16.0,1.6,3624,12.0,21412,4.015042,4.015042
2026-09-24T13:44:45.896626,16.0,1.6,3632,12.0,21436,4.01945,4.01945
2026-09-24T13:44:45.904626,16.0,1.6,3640,12.0,21430,4.018374,4.018374
2026-09-24T13:44:45.912626,16.0,1.6,3648,12.0,21428,4.017941,4.017941
2026-09-24T13:44:45.920626,16.0,1.6,3656,12.0,21417,4.01591,4.01591
2026-09-24T13:44:45.928626,16.0,1.6,3664,12.0,21431,4.018514,4.018514
2026-09-24T13:44:45.936626,16.0,1.6,3672,12.0,21398,4.012312,4.012312
2026-09-24T13:44:45.944626,16.0,1.6,3680,12.0,21444,4.021031,4.021031
2026-09-24T13:44:45.952626,16.0,1.6,3688,12.0,21404,4.013505,4.013505
2026-09-24T13:44:45.960626,16.0,1.6,3696,12.0,21437,4.01957,4.01957
2026-09-24T13:44:45.968626,16.0,1.6,3704,12.0,21410,4.014656,4.014656
2026-09-24T13:44:45.976626,16.0,1.6,3712,12.0,21418,4.016014,4.016014
2026-09-24T13:44:45.984626,16.0,1.6,3720,12.0,21440,4.020151,4.020151
2026-09-24T13:44:45.992626,16.0,1.6,3728,12.0,21443,4.020783,4.020783
2026-09-24T13:44:46.000626,16.0,1.6,3736,12.0,21429,4.018202,4.018202
2026-09-24T13:44:46.008626,16.0,1.6,3744,12.0,21432,4.0187,4.0187
2026-09-24T13:44:46.016626,16.0,1.6,3752,12.0,21433,4.018958,4.018958
2026-09-24T13:44:46.024626,16.0,1.6,3760,12.0,21421,4.016621,4.016621
2026-09-24T13:44:46.032626,16.0,1.6,3768,12.0,21452,4.022548,4.022548
2026-09-24T13:44:46.040626,16.0,1.6,3776,12.0,21421,4.016585,4.016585
2026-09-24T13:44:46.048626,16.0,1.6,3784,12.0,21457,4.023338,4.023338
2026-09-24T13:44:46.056626,16.0,1.6,3792,12.0,21443,4.020694,4.020694
2026-09-24T13:44:46.064626,16.0,1.6,3800,12.0,21440,4.02013,4.02013
2026-09-24T13:44:46.072626,16.0,1.6,3808,12.0,21397,4.012148,4.012148
2026-09-24T13:44:46.080626,16.0,1.6,3816,12.0,21428,4.017938,4.017938
2026-09-24T13:44:46.088626,16.0,1.6,3824,12.0,21433,4.01891,4.01891
2026-09-24T13:44:46.096626,16.0,1.6,3832,12.0,21436,4.019456,4.019456
2026-09-24T13:44:46.104626,16.0,1.6,3840,12.0,21437,4.019668,4.019668
2026-09-24T13:44:46.112626,16.0,1.6,3848,12.0,21460,4.023936,4.023936
2026-09-24T13:44:46.120626,16.0,1.6,3856,12.0,21417,4.0159,4.0159
2026-09-24T13:44:46.128626,16.0,1.6,3864,12.0,21446,4.021414,4.021414
2026-09-24T13:44:46.136626,16.0,1.6,3872,12.0,21453,4.02271,4.02271
2026-09-24T13:44:46.144626,16.0,1.6,3880,12.0,21439,4.02003,4.02003
2026-09-24T13:44:46.152626,16.0,1.6,3888,12.0,21416,4.015643,4.015643
2026-09-24T13:44:46.160626,16.0,1.6,3896,12.0,21451,4.022262,4.022262
2026-09-24T13:44:46.168626,16.0,1.6,3904,12.0,21431,4.018596,4.018596
2026-09-24T13:44:46.176626,16.0,1.6,3912,12.0,21435,4.019271,4.019271
2026-09-24T13:44:46.184626,16.0,1.6,3920,12.0,21416,4.015625,4.015625
2026-09-24T13:44:46.192626,16.0,1.6,3928,12.0,21461,4.024151,4.024151
2026-09-24T13:44:46.200626,16.0,1.6,3936,12.0,21416,4.015722,4.015722
2026-09-24T13:44:46.208626,16.0,1.6,3944,12.0,21406,4.013817,4.013817
2026-09-24T13:44:46.216626,16.0,1.6,3952,12.0,21426,4.017656,4.017656
2026-09-24T13:44:46.224626,16.0,1.6,3960,12.0,21440,4.020198,4.020198
2026-09-24T13:44:46.232626,16.0,1.6,3968,12.0,21388,4.010493,4.010493
2026-09-24T13:44:46.240626,16.0,1.6,3976,12.0,21401,4.012882,4.012882
2026-09-24T13:44:46.248626,16.0,1.6,3984,12.0,21448,4.021743,4.021743
2026-09-24T13:44:46.256626,16.0,1.6,3992,12.0,21401,4.012991,4.012991
2026-09-24T13:44:46.264626,16.0,1.6,4000,12.0,21441,4.02044,4.02044
2026-09-24T13:44:46.272626,16.0,1.6,4008,12.0,21399,4.012584,4.012584
2026-09-24T13:44:46.280626,16.0,1.6,4016,12.0,21416,4.015685,4.015685
2026-09-24T13:44:46.288626,16.0,1.6,4024,12.0,21426,4.01757,4.01757
2026-09-24T13:44:46.296626,16.0,1.6,4032,12.0,21402,4.013123,4.013123
2026-09-24T13:44:46.304626,16.0,1.6,4040,12.0,21424,4.017176,4.017176
2026-09-24T13:44:46.312626,16.0,1.6,4048,12.0,21424,4.017264,4.017264
2026-09-24T13:44:46.320626,16.0,1.6,4056,12.0,21425,4.017361,4.017361
2026-09-24T13:44:46.328626,16.0,1.6,4064,12.0,21407,4.014007,4.014007
2026-09-24T13:44:46.336626,16.0,1.6,4072,12.0,21403,4.013222,4.013222
2026-09-24T13:44:46.344626,16.0,1.6,4080,12.0,21404,4.013391,4.013391
2026-09-24T13:44:46.352626,16.0,1.6,4088,12.0,21443,4.020726,4.020726
2026-09-24T13:44:46.360626,16.0,1.6,4096,12.0,21412,4.014984,4.014984
2026-09-24T13:44:46.368626,16.0,1.6,4104,12.0,21412,4.01497,4.01497
2026-09-24T13:44:46.376626,16.0,1.6,4112,12.0,21431,4.018582,4.018582
2026-09-24T13:44:46.384626,16.0,1.6,4120,12.0,21426,4.017522,4.017522
2026-09-24T13:44:46.392626,16.0,1.6,4128,12.0,21431,4.018601,4.018601
2026-09-24T13:44:46.400626,16.0,1.6,4136,12.0,21420,4.016469,4.016469
2026-09-24T13:44:46.408626,16.0,1.6,4144,12.0,21451,4.022251,4.022251
2026-09-24T13:44:46.416626,16.0,1.6,4152,12.0,21426,4.017676,4.017676
2026-09-24T13:44:46.424626,16.0,1.6,4160,12.0,21405,4.013608,4.013608
2026-09-24T13:44:46.432626,16.0,1.6,4168,12.0,21435,4.019335,4.019335
2026-09-24T13:44:46.440626,16.0,1.6,4176,12.0,21420,4.016537,4.016537
2026-09-24T13:44:46.448626,16.0,1.6,4184,12.0,21428,4.017963,4.017963
2026-09-24T13:44:46.456626,16.0,1.6,4192,12.0,21413,4.015228,4.015228
2026-09-24T13:44:46.464626,16.0,1.6,4200,12.0,21432,4.018689,4.018689
2026-09-24T13:44:46.472626,16.0,1.6,4208,12.0,21420,4.016504,4.016504
2026-09-24T13:44:46.480626,16.0,1.6,4216,12.0,21383,4.009595,4.009595
2026-09-24T13:44:46.488626,16.0,1.6,4224,12.0,21432,4.018754,4.018754
2026-09-24T13:44:46.496626,16.0,1.6,4232,12.0,21443,4.020768,4.020768
2026-09-24T13:44:46.504626,16.0,1.6,4240,12.0,21448,4.021767,4.021767
2026-09-24T13:44:46.512626,16.0,1.6,4248,12.0,21452,4.022446,4.022446
2026-09-24T13:44:46.520626,16.0,1.6,4256,12.0,21396,4.011976,4.011976
2026-09-24T13:44:46.528626,16.0,1.6,4264,12.0,21456,4.023246,4.023246
2026-09-24T13:44:46.536626,16.0,1.6,4272,12.0,21462,4.024252,4.024252
2026-09-24T13:44:46.544626,16.0,1.6,4280,12.0,21457,4.023461,4.023461
2026-09-24T13:44:46.552626,16.0,1.6,4288,12.0,21439,4.02006,4.02006
2026-09-24T13:44:46.560626,16.0,1.6,4296,12.0,21435,4.019187,4.019187
2026-09-24T13:44:46.568626,16.0,1.6,4304,12.0,21455,4.02297,4.02297
2026-09-24T13:44:46.576626,16.0,1.6,4312,12.0,21419,4.016357,4.016357
2026-09-24T13:44:46.584626,16.0,1.6,4320,12.0,21455,4.023027,4.023027
2026-09-24T13:44:46.592626,16.0,1.6,4328,12.0,21435,4.019276,4.019276
2026-09-24T13:44:46.600626,16.0,1.6,4336,12.0,21386,4.010139,4.010139
2026-09-24T13:44:46.608626,16.0,1.6,4344,12.0,21409,4.014465,4.014465
2026-09-24T13:44:46.616626,16.0,1.6,4352,12.0,21418,4.016021,4.016021
2026-09-24T13:44:46.624626,16.0,1.6,4360,12.0,21428,4.017908,4.017908
2026-09-24T13:44:46.632626,16.0,1.6,4368,12.0,21430,4.018322,4.018322
2026-09-24T13:44:46.640626,16.0,1.6,4376,12.0,21452,4.02245,4.02245
2026-09-24T13:44:46.648626,16.0,1.6,4384,12.0,21434,4.019112,4.019112
2026-09-24T13:44:46.656626,16.0,1.6,4392,12.0,21420,4.016378,4.016378
2026-09-24T13:44:46.664626,16.0,1.6,4400,12.0,21425,4.017367,4.017367
2026-09-24T13:44:46.672626,16.0,1.6,4408,12.0,21429,4.018117,4.018117
2026-09-24T13:44:46.680626,16.0,1.6,4416,12.0,21437,4.019615,4.019615
2026-09-24T13:44:46.688626,16.0,1.6,4424,12.0,21430,4.018382,4.018382
2026-09-24T13:44:46.696626,16.0,1.6,4432,12.0,21406,4.013856,4.013856
2026-09-24T13:44:46.704626,16.0,1.6,4440,12.0,21449,4.021815,4.021815
2026-09-24T13:44:46.712626,16.0,1.6,4448,12.0,21464,4.024693,4.024693
2026-09-24T13:44:46.720626,16.0,1.6,4456,12.0,21465,4.024977,4.024977
2026-09-24T13:44:46.728626,16.0,1.6,4464,12.0,21399,4.012545,4.012545
2026-09-24T13:44:46.736626,16.0,1.6,4472,12.0,21440,4.020128,4.020128
2026-09-24T13:44:46.744626,16.0,1.6,4480,12.0,21417,4.015922,4.015922
2026-09-24T13:44:46.752626,16.0,1.6,4488,12.0,21438,4.019859,4.019859
2026-09-24T13:44:46.760626,16.0,1.6,4496,12.0,21432,4.018708,4.018708
2026-09-24T13:44:46.768626,16.0,1.6,4504,12.0,21433,4.018952,4.018952
2026-09-24T13:44:46.776626,16.0,1.6,4512,12.0,21434,4.018998,4.018998
2026-09-24T13:44:46.784626,16.0,1.6,4520,12.0,21413,4.015187,4.015187
2026-09-24T13:44:46.792626,16.0,1.6,4528,12.0,21416,4.015637,4.015637
2026-09-24T13:44:46.800626,16.0,1.6,4536,12.0,21434,4.019025,4.019025
2026-09-24T13:44:46.808626,16.0,1.6,4544,12.0,21392,4.011243,4.011243
2026-09-24T13:44:46.816626,16.0,1.6,4552,12.0,21410,4.014519,4.014519
2026-09-24T13:44:46.824626,16.0,1.6,4560,12.0,21390,4.010935,4.010935
2026-09-24T13:44:46.832626,16.0,1.6,4568,12.0,21416,4.015686,4.015686
2026-09-24T13:44:46.840626,16.0,1.6,4576,12.0,21464,4.024783,4.024783
2026-09-24T13:44:46.848626,16.0,1.6,4584,12.0,21461,4.02407,4.02407
2026-09-24T13:44:46.856626,16.0,1.6,4592,12.0,21451,4.022244,4.022244
2026-09-24T13:44:46.864626,16.0,1.6,4600,12.0,21478,4.027249,4.027249
2026-09-24T13:44:46.872626,16.0,1.6,4608,12.0,21437,4.019701,4.019701
2026-09-24T13:44:46.880626,16.0,1.6,4616,12.0,21450,4.022031,4.022031
2026-09-24T13:44:46.888626,16.0,1.6,4624,12.0,21437,4.019634,4.019634
2026-09-24T13:44:46.896626,16.0,1.6,4632,12.0,21415,4.015582,4.015582
2026-09-24T13:44:46.904626,16.0,1.6,4640,12.0,21445,4.021174,4.021174
2026-09-24T13:44:46.912626,16.0,1.6,4648,12.0,21414,4.015418,4.015418
2026-09-24T13:44:46.920626,16.0,1.6,4656,12.0,21456,4.023251,4.023251
2026-09-24T13:44:46.928626,16.0,1.6,4664,12.0,21421,4.016623,4.016623
2026-09-24T13:44:46.936626,16.0,1.6,4672,12.0,21405,4.013709,4.013709
2026-09-24T13:44:46.944626,16.0,1.6,4680,12.0,21420,4.016529,4.016529
2026-09-24T13:44:46.952626,16.0,1.6,4688,12.0,21441,4.020343,4.020343
2026-09-24T13:44:46.960626,16.0,1.6,4696,12.0,21420,4.016419,4.016419
2026-09-24T13:44:46.968626,16.0,1.6,4704,12.0,21450,4.022099,4.022099
2026-09-24T13:44:46.976626,16.0,1.6,4712,12.0,21394,4.011644,4.011644
2026-09-24T13:44:46.984626,16.0,1.6,4720,12.0,21470,4.025901,4.025901
2026-09-24T13:44:46.992626,16.0,1.6,4728,12.0,21478,4.027364,4.027364
2026-09-24T13:44:47.000626,16.0,1.6,4736,12.0,21432,4.018694,4.018694
2026-09-24T13:44:47.008626,16.0,1.6,4744,12.0,21468,4.025409,4.025409
2026-09-24T13:44:47.016626,16.0,1.6,4752,12.0,21429,4.018151,4.018151
2026-09-24T13:44:47.024626,16.0,1.6,4760,12.0,21421,4.016704,4.016704
2026-09-24T13:44:47.032626,16.0,1.6,4768,12.0,21420,4.016534,4.016534
2026-09-24T13:44:47.040626,16.0,1.6,4776,12.0,21422,4.016792,4.016792
2026-09-24T13:44:47.048626,16.0,1.6,4784,12.0,21431,4.018446,4.018446
2026-09-24T13:44:47.056626,16.0,1.6,4792,12.0,21440,4.020171,4.020171
2026-09-24T13:44:47.064626,16.0,1.6,4800,12.0,21435,4.019189,4.019189
2026-09-24T13:44:47.072626,16.0,1.6,4808,12.0,21441,4.020374,4.020374
2026-09-24T13:44:47.080626,16.0,1.6,4816,12.0,21436,4.019537,4.019537
2026-09-24T13:44:47.088626,16.0,1.6,4824,12.0,21411,4.014739,4.014739
2026-09-24T13:44:47.096626,16.0,1.6,4832,12.0,21441,4.020456,4.020456
2026-09-24T13:44:47.104626,16.0,1.6,4840,12.0,21463,4.024463,4.024463
2026-09-24T13:44:47.112626,16.0,1.6,4848,12.0,21435,4.019287,4.019287
2026-09-24T13:44:47.120626,16.0,1.6,4856,12.0,21440,4.020197,4.020197
2026-09-24T13:44:47.128626,16.0,1.6,4864,12.0,21412,4.015015,4.015015
2026-09-24T13:44:47.136626,16.0,1.6,4872,12.0,21419,4.016248,4.016248
2026-09-24T13:44:47.144626,16.0,1.6,4880,12.0,21448,4.021743,4.021743
2026-09-24T13:44:47.152626,16.0,1.6,4888,12.0,21424,4.017218,4.017218
2026-09-24T13:44:47.160626,16.0,1.6,4896,12.0,21445,4.021107,4.021107
2026-09-24T13:44:47.168626,16.0,1.6,4904,12.0,21466,4.024998,4.024998
2026-09-24T13:44:47.176626,16.0,1.6,4912,12.0,21415,4.01545,4.01545
2026-09-24T13:44:47.184626,16.0,1.6,4920,12.0,21444,4.021,4.021
2026-09-24T13:44:47.192626,16.0,1.6,4928,12.0,21429,4.018118,4.018118
2026-09-24T13:44:47.200626,16.0,1.6,4936,12.0,21427,4.01784,4.01784
2026-09-24T13:44:47.208626,16.0,1.6,4944,12.0,21441,4.020313,4.020313
2026-09-24T13:44:47.216626,16.0,1.6,4952,12.0,21443,4.020834,4.020834
2026-09-24T13:44:47.224626,16.0,1.6,4960,12.0,21395,4.011842,4.011842
2026-09-24T13:44:47.232626,16.0,1.6,4968,12.0,21415,4.015586,4.015586
2026-09-24T13:44:47.240626,16.0,1.6,4976,12.0,21421,4.016692,4.016692
2026-09-24T13:44:47.248626,16.0,1.6,4984,12.0,21412,4.014879,4.014879
2026-09-24T13:44:47.256626,16.0,1.6,4992,12.0,21454,4.022754,4.022754
2026-09-24T13:44:47.264626,16.0,1.6,5000,12.0,21480,4.027698,4.027698
2026-09-24T13:44:47.272626,16.0,1.6,5008,12.0,21466,4.025029,4.025029
2026-09-24T13:44:47.280626,16.0,1.6,5016,12.0,21450,4.02212,4.02212
2026-09-24T13:44:47.288626,16.0,1.6,5024,12.0,21449,4.02198,4.02198
2026-09-24T13:44:47.296626,16.0,1.6,5032,12.0,21406,4.013763,4.013763
2026-09-24T13:44:47.304626,16.0,1.6,5040,12.0,21428,4.017993,4.017993
2026-09-24T13:44:47.312626,16.0,1.6,5048,12.0,21393,4.011447,4.011447
2026-09-24T13:44:47.320626,16.0,1.6,5056,12.0,21403,4.013281,4.013281
2026-09-24T13:44:47.328626,16.0,1.6,5064,12.0,21416,4.015674,4.015674
2026-09-24T13:44:47.336626,16.0,1.6,5072,12.0,21448,4.021723,4.021723
2026-09-24T13:44:47.344626,16.0,1.6,5080,12.0,21468,4.025441,4.025441
2026-09-24T13:44:47.352626,16.0,1.6,5088,12.0,21420,4.016516,4.016516
2026-09-24T13:44:47.360626,16.0,1.6,5096,12.0,21411,4.014846,4.014846
2026-09-24T13:44:47.368626,16.0,1.6,5104,12.0,21433,4.018973,4.018973
2026-09-24T13:44:47.376626,16.0,1.6,5112,12.0,21470,4.025841,4.025841
